customer_id,total_spent,orders,total_units,first_purchase,last_purchase,average_order_value,active_days,customer_value_segment
14646,280206.02,73,196915,2010-12-20 10:09:00,2011-12-08 12:12:00,3838.4386301369864,354,High
18102,259657.3,60,64124,2010-12-07 16:42:00,2011-12-09 11:50:00,4327.621666666667,367,High
17450,194390.79,46,69973,2010-12-07 09:23:00,2011-12-01 13:29:00,4225.886739130435,360,High
16446,168472.5,2,80997,2011-05-18 09:52:00,2011-12-09 09:15:00,84236.25,205,High
14911,143711.17,201,80240,2010-12-01 14:05:00,2011-12-08 15:54:00,714.980945273632,373,High
12415,124914.53,21,77374,2011-01-06 11:12:00,2011-11-15 14:22:00,5948.310952380953,314,High
14156,117210.08,55,57768,2010-12-03 11:48:00,2011-11-30 10:54:00,2131.0923636363636,362,High
17511,91062.38,31,64549,2010-12-01 10:19:00,2011-12-07 10:12:00,2937.496129032258,371,High
16029,80850.84,63,40108,2010-12-01 09:57:00,2011-11-01 10:27:00,1283.3466666666666,336,High
12346,77183.6,1,74215,2011-01-18 10:01:00,2011-01-18 10:01:00,77183.6,1,High
16684,66653.56,28,50255,2010-12-16 17:34:00,2011-12-05 14:06:00,2380.4842857142858,354,High
14096,65164.79,17,16352,2011-08-30 10:49:00,2011-12-05 17:17:00,3833.2229411764706,98,High
13694,65039.62,50,63312,2010-12-01 12:12:00,2011-12-06 09:32:00,1300.7924,370,High
15311,60632.75,91,38147,2010-12-01 09:41:00,2011-12-09 12:00:00,666.2939560439561,374,High
13089,58762.08,97,31025,2010-12-05 10:27:00,2011-12-07 09:02:00,605.7946391752578,367,High
17949,58510.48,45,30546,2010-12-03 13:12:00,2011-12-08 18:46:00,1300.232888888889,371,High
15769,56252.72,26,29672,2010-12-03 15:16:00,2011-12-02 13:52:00,2163.566153846154,364,High
15061,54534.14,48,28920,2010-12-02 15:19:00,2011-12-06 12:06:00,1136.1279166666666,369,High
14298,51527.3,44,58343,2010-12-14 12:59:00,2011-12-01 13:12:00,1171.075,353,High
14088,50491.81,13,12665,2011-01-21 13:07:00,2011-11-29 16:16:00,3883.9853846153846,313,High
15749,44534.3,3,18028,2011-01-11 12:55:00,2011-04-18 13:20:00,14844.766666666668,98,High
12931,42055.96,15,28004,2010-12-17 09:45:00,2011-11-18 12:39:00,2803.730666666667,337,High
17841,40519.84,124,22834,2010-12-01 14:41:00,2011-12-08 12:07:00,326.77290322580643,372,High
15098,39916.5,3,121,2011-06-10 15:22:00,2011-06-10 15:33:00,13305.5,1,High
13798,37153.85,57,23948,2010-12-02 17:24:00,2011-12-08 15:51:00,651.8219298245614,371,High
16013,37130.6,47,15536,2010-12-03 13:09:00,2011-12-06 10:36:00,790.0127659574467,368,High
16422,34684.4,51,33704,2010-12-05 15:35:00,2011-11-22 14:00:00,680.086274509804,352,High
15838,33643.08,19,18368,2010-12-07 11:26:00,2011-11-28 14:00:00,1770.6884210526316,357,High
12748,33053.19,209,25287,2010-12-01 12:48:00,2011-12-09 12:20:00,158.14923444976077,373,High
17404,31906.82,15,32748,2010-12-14 13:28:00,2011-12-05 16:26:00,2127.1213333333335,357,High
17389,31833.68,34,7612,2011-01-12 15:48:00,2011-12-09 09:38:00,936.2847058823529,331,High
13098,28882.44,28,15968,2011-01-26 13:46:00,2011-12-08 14:14:00,1031.5157142857142,317,High
14680,28754.11,16,13476,2010-12-03 12:05:00,2011-11-14 16:59:00,1797.131875,347,High
13081,28337.38,11,19068,2010-12-03 17:20:00,2011-11-28 10:54:00,2576.1254545454544,360,High
13408,28117.04,62,16232,2010-12-01 10:39:00,2011-12-08 09:05:00,453.5006451612903,372,High
17857,26879.04,23,19256,2010-12-09 11:35:00,2011-12-05 13:13:00,1168.6539130434783,362,High
16333,26626.8,22,32184,2011-02-03 10:50:00,2011-12-02 12:19:00,1210.3090909090909,303,High
13777,25977.16,33,12897,2010-12-01 16:01:00,2011-12-09 12:25:00,787.1866666666666,373,High
12753,21429.39,6,11421,2010-12-12 11:44:00,2011-11-17 10:52:00,3571.565,340,High
12744,21279.29,7,5241,2011-01-25 13:26:00,2011-10-19 11:18:00,3039.8985714285714,267,High
16210,21086.3,18,7559,2010-12-01 12:27:00,2011-12-08 12:36:00,1171.461111111111,373,High
17675,20374.28,31,8360,2010-12-07 13:22:00,2011-12-08 18:03:00,657.2348387096774,367,High
17381,20275.61,29,25649,2010-12-02 12:58:00,2011-12-01 11:59:00,699.1589655172414,364,High
12471,19788.65,30,8200,2010-12-10 09:35:00,2011-12-07 15:43:00,659.6216666666667,363,High
15039,19766.59,47,9131,2010-12-06 11:26:00,2011-11-30 11:31:00,420.5657446808511,360,High
12731,18895.91,12,8437,2010-12-10 10:56:00,2011-11-16 11:59:00,1574.6591666666666,342,High
15159,18641.010000000002,30,11441,2010-12-13 15:44:00,2011-12-08 12:05:00,621.3670000000001,360,High
12901,17654.54,28,23075,2011-03-14 10:41:00,2011-12-01 10:07:00,630.5192857142857,262,High
12678,17628.46,12,10923,2010-12-21 11:00:00,2011-10-28 13:04:00,1469.0383333333332,312,High
14031,17286.86,19,5788,2010-12-02 16:34:00,2011-12-02 17:13:00,909.8347368421053,366,High
17428,17256.85,28,9474,2010-12-06 09:37:00,2011-12-09 09:45:00,616.3160714285714,369,High
13767,17220.36,37,7322,2010-12-01 10:47:00,2011-12-07 15:00:00,465.41513513513513,372,High
13881,17159.52,20,10118,2011-02-01 10:14:00,2011-12-06 12:50:00,857.976,309,High
16839,16594.35,34,8975,2010-12-05 11:15:00,2011-12-01 09:03:00,488.06911764705876,361,High
12921,16587.09,37,9526,2010-12-01 15:06:00,2011-11-30 16:22:00,448.29972972972973,365,High
17677,16345.38,30,9772,2010-12-06 08:42:00,2011-12-08 09:56:00,544.846,368,High
15189,16225.39,41,6149,2011-01-11 12:29:00,2011-12-08 13:22:00,395.74121951219513,332,High
14607,16209.5,14,11526,2011-03-23 15:22:00,2011-11-24 10:35:00,1157.8214285714287,246,High
15856,16143.64,27,10866,2010-12-09 13:34:00,2011-12-05 17:09:00,597.9125925925925,362,High
14051,15610.390000000001,23,3756,2010-12-08 12:49:00,2011-12-09 10:20:00,678.7126086956522,366,High
15513,14758.220000000001,19,5709,2010-12-01 11:22:00,2011-11-06 14:36:00,776.7484210526317,341,High
16133,14589.04,33,8887,2011-01-25 15:55:00,2011-12-06 11:24:00,442.09212121212124,315,High
14866,14389.9,12,6752,2010-12-08 14:58:00,2011-11-29 11:45:00,1199.1583333333333,356,High
16705,14034.99,20,5476,2010-12-16 10:51:00,2011-12-09 12:08:00,701.7495,359,High
12681,13787.54,22,7536,2010-12-07 10:08:00,2011-11-25 11:33:00,626.7063636363637,354,High
12621,13689.67,20,7440,2010-12-09 10:16:00,2011-12-08 11:25:00,684.4835,365,High
12540,13400.24,17,6685,2010-12-13 09:39:00,2011-11-20 11:31:00,788.2494117647059,343,High
12433,13375.87,7,11071,2010-12-01 13:24:00,2011-12-09 10:02:00,1910.8385714285716,373,High
15498,13316.4,27,6105,2010-12-08 12:29:00,2011-12-07 12:48:00,493.2,365,High
12477,13219.74,6,3653,2011-02-11 12:45:00,2011-11-17 09:51:00,2203.29,279,High
17735,13110.02,19,8439,2010-12-07 10:32:00,2011-12-07 16:47:00,690.001052631579,366,High
16525,13027.45,26,7397,2010-12-08 11:31:00,2011-12-07 15:07:00,501.0557692307693,365,High
14258,12669.98,9,7100,2011-01-06 12:18:00,2011-11-30 15:27:00,1407.7755555555555,329,High
13078,12627.94,26,5630,2010-12-08 09:07:00,2011-12-06 15:36:00,485.69,364,High
12536,12601.830000000002,3,2803,2011-10-11 14:52:00,2011-10-27 14:20:00,4200.610000000001,16,High
15640,12416.11,15,6572,2010-12-02 15:40:00,2011-12-05 14:35:00,827.7406666666667,368,High
16000,12393.7,3,5110,2011-12-07 12:14:00,2011-12-07 12:17:00,4131.233333333334,1,High
17340,12353.29,11,5967,2010-12-08 15:56:00,2011-11-10 10:45:00,1123.0263636363636,337,High
12682,12279.82,31,5555,2010-12-03 13:59:00,2011-12-06 10:00:00,396.1232258064516,368,High
13113,12245.960000000001,24,3045,2010-12-08 13:21:00,2011-12-09 12:49:00,510.2483333333334,366,High
14606,12076.15,93,6187,2010-12-01 16:57:00,2011-12-08 19:28:00,129.8510752688172,373,High
12557,11990.960000000001,5,4384,2010-12-03 12:20:00,2011-11-23 16:59:00,2398.192,356,High
12939,11581.8,8,4876,2011-01-09 11:20:00,2011-10-06 14:33:00,1447.725,271,High
15125,11528.48,15,6193,2011-03-14 09:59:00,2011-11-14 13:57:00,768.5653333333333,246,High
14194,11349.52,21,5840,2011-02-04 14:51:00,2011-12-05 10:38:00,540.4533333333334,304,High
12971,11189.91,86,9289,2010-12-02 16:42:00,2011-12-06 12:20:00,130.11523255813952,369,High
14895,11138.710000000001,20,4851,2011-02-22 13:08:00,2011-12-02 09:23:00,556.9355,283,High
12409,11072.67,3,5551,2011-06-10 12:19:00,2011-09-22 10:38:00,3690.89,104,High
17581,11025.24,25,5915,2010-12-02 14:47:00,2011-12-09 12:21:00,441.0096,372,High
15482,10879.76,12,5004,2010-12-16 10:08:00,2011-11-24 10:46:00,906.6466666666666,344,High
13319,10845.550000000001,26,4724,2010-12-09 10:04:00,2011-12-04 13:34:00,417.1365384615385,361,High
17107,10797.48,6,4826,2011-03-06 15:17:00,2011-11-06 14:14:00,1799.58,245,High
13340,10736.48,7,5770,2011-03-08 11:39:00,2011-10-25 13:15:00,1533.782857142857,232,High
17139,10650.77,12,5176,2011-02-24 09:32:00,2011-11-24 10:12:00,887.5641666666667,274,High
16779,10611.720000000001,22,5301,2010-12-08 09:56:00,2011-12-07 14:54:00,482.35090909090917,365,High
17865,10526.32,20,5757,2010-12-10 14:53:00,2011-11-09 12:08:00,526.316,334,High
17706,10504.49,17,3899,2010-12-08 11:02:00,2011-12-05 13:34:00,617.9111764705882,363,High
15251,10484.99,11,6171,2011-04-12 10:38:00,2011-11-30 15:02:00,953.180909090909,233,High
14062,10464.85,12,5593,2010-12-10 15:56:00,2011-11-30 10:04:00,872.0708333333333,355,High
14769,10416.98,8,7239,2010-12-17 11:40:00,2011-12-07 10:24:00,1302.1225,355,High
15615,10399.74,23,5508,2010-12-15 16:21:00,2011-11-29 14:42:00,452.1626086956522,349,High
15502,10384.93,12,4236,2010-12-05 15:40:00,2011-11-24 12:48:00,865.4108333333334,354,High
16180,10254.18,8,5867,2011-04-01 10:23:00,2011-08-31 16:28:00,1281.7725,153,High
16843,10196.57,16,10159,2011-01-16 16:10:00,2011-10-28 09:06:00,637.285625,285,High
12590,9864.26,2,4283,2011-05-12 14:46:00,2011-05-12 14:52:00,4932.13,1,High
13199,9817.12,38,6176,2010-12-08 10:51:00,2011-12-06 12:30:00,258.34526315789475,364,High
13001,9785.970000000001,13,5490,2011-01-17 12:45:00,2011-12-05 14:51:00,752.7669230769231,323,High
15078,9743.11,32,5105,2010-12-06 12:38:00,2011-12-02 15:41:00,304.4721875,362,High
12709,9706.52,15,3912,2010-12-08 09:49:00,2011-11-24 15:38:00,647.1013333333334,352,High
13458,9646.57,14,5508,2010-12-15 12:05:00,2011-12-02 15:29:00,689.0407142857142,353,High
14733,9585.91,12,3764,2010-12-07 11:30:00,2011-11-23 15:39:00,798.8258333333333,352,High
16523,9418.470000000001,21,4265,2011-01-28 12:06:00,2011-12-08 09:06:00,448.4985714285715,314,High
12567,9401.28,10,4305,2010-12-05 11:57:00,2011-11-17 11:02:00,940.128,347,High
14367,9227.82,16,4426,2011-03-08 14:12:00,2011-12-01 13:19:00,576.73875,268,High
14667,9175.04,25,5319,2010-12-06 13:13:00,2011-11-29 11:30:00,367.00160000000005,358,High
18092,9068.26,11,4252,2010-12-09 10:00:00,2011-12-07 13:14:00,824.3872727272727,364,High
12451,9035.52,5,6575,2011-01-19 09:05:00,2011-11-29 08:40:00,1807.104,314,High
13969,9024.17,18,4528,2010-12-09 19:32:00,2011-12-02 15:11:00,501.34277777777777,358,High
13488,8968.31,13,4518,2010-12-07 13:01:00,2011-11-22 14:41:00,689.87,351,High
13090,8910.82,14,2263,2010-12-02 07:48:00,2011-12-01 12:39:00,636.4871428571429,365,High
16033,8778.82,20,3529,2010-12-05 10:36:00,2011-12-04 12:44:00,438.941,365,High
17017,8694.26,20,6673,2010-12-02 10:17:00,2011-12-07 09:32:00,434.713,370,High
17306,8631.31,19,11491,2010-12-21 13:34:00,2011-11-29 12:14:00,454.2794736842105,343,High
16656,8625.8,15,8894,2010-12-10 11:23:00,2011-11-17 14:43:00,575.0533333333333,343,High
17243,8540.05,26,3320,2010-12-05 10:03:00,2011-12-08 13:26:00,328.4634615384615,369,High
14527,8507.13,55,2088,2010-12-05 13:17:00,2011-12-07 12:19:00,154.6750909090909,367,High
12683,8476.57,15,4987,2010-12-09 10:37:00,2011-12-05 16:31:00,565.1046666666666,362,High
18139,8438.34,6,5557,2011-11-21 14:06:00,2011-11-22 10:44:00,1406.39,1,High
15358,8347.2,22,7050,2010-12-09 10:04:00,2011-12-05 09:04:00,379.41818181818184,361,High
16558,8338.49,20,5377,2010-12-08 12:01:00,2011-12-09 10:20:00,416.92449999999997,366,High
14056,8152.71,23,4252,2011-02-28 15:19:00,2011-12-08 13:36:00,354.46565217391304,283,High
14936,8137.02,8,4085,2011-03-09 11:53:00,2011-11-06 10:30:00,1017.1275,242,High
16672,8134.9400000000005,20,2832,2011-03-18 10:15:00,2011-12-07 16:29:00,406.747,265,High
13854,8109.5199999999995,25,2296,2010-12-09 10:48:00,2011-12-01 09:06:00,324.38079999999997,357,High
14952,8099.49,11,3355,2010-12-10 12:48:00,2011-10-11 10:33:00,736.3172727272727,305,High
18109,8004.92,26,4230,2010-12-05 10:58:00,2011-12-08 11:36:00,307.88153846153847,369,High
14796,7975.49,17,5995,2010-12-08 10:40:00,2011-12-08 15:31:00,469.1464705882353,366,High
12428,7956.46,9,3536,2011-03-01 09:33:00,2011-11-14 08:22:00,884.0511111111111,258,High
15290,7943.22,18,4501,2010-12-15 16:03:00,2011-12-05 11:39:00,441.29,355,High
14849,7930.54,25,5694,2010-12-01 12:22:00,2011-11-18 10:58:00,317.2216,352,High
12757,7834.650000000001,13,2395,2011-05-12 19:01:00,2011-11-24 12:30:00,602.6653846153847,196,High
13093,7832.47,8,3961,2010-12-01 15:00:00,2011-03-09 12:14:00,979.05875,98,High
12435,7829.89,2,2055,2011-03-17 07:40:00,2011-09-21 09:06:00,3914.945,189,High
13629,7792.36,11,4372,2011-01-05 12:09:00,2011-11-16 13:21:00,708.3963636363636,316,High
17811,7761.82,39,4146,2011-01-10 10:58:00,2011-12-05 13:46:00,199.02102564102563,330,High
15044,7634.7300000000005,17,2785,2010-12-12 14:27:00,2011-11-20 13:20:00,449.1017647058824,343,High
15194,7616.53,15,5703,2010-12-06 15:00:00,2011-12-06 15:10:00,507.76866666666666,366,High
18172,7561.68,20,3184,2011-02-23 10:44:00,2011-11-25 11:12:00,378.084,276,High
13263,7436.93,35,4768,2011-01-18 16:31:00,2011-12-08 13:59:00,212.48371428571429,324,High
12980,7374.900000000001,9,886,2010-12-16 11:36:00,2011-07-05 09:34:00,819.4333333333334,201,High
15465,7354.62,18,1257,2010-12-05 10:12:00,2011-11-20 10:11:00,408.59,350,High
17396,7330.8,8,2005,2010-12-03 09:45:00,2011-10-31 14:12:00,916.35,333,High
12474,7324.09,18,4833,2011-01-14 10:06:00,2011-11-22 14:39:00,406.8938888888889,313,High
12583,7281.38,15,5060,2010-12-01 08:45:00,2011-12-07 08:07:00,485.42533333333336,371,High
13018,7277.7,28,5435,2011-02-17 11:05:00,2011-11-23 13:28:00,259.91785714285714,280,High
18229,7276.900000000001,20,2488,2010-12-01 16:25:00,2011-11-28 09:48:00,363.845,362,High
16729,7205.33,21,5722,2011-04-12 14:22:00,2011-11-01 14:29:00,343.11095238095237,204,High
16745,7180.7,17,6719,2011-02-01 11:31:00,2011-09-14 11:58:00,422.3941176470588,226,High
16873,7123.62,6,3840,2010-12-10 15:45:00,2011-12-05 12:05:00,1187.27,360,High
13324,7121.95,10,5205,2010-12-14 09:50:00,2011-11-03 16:28:00,712.1949999999999,325,High
16923,7069.08,19,3344,2010-12-12 11:06:00,2011-11-27 13:00:00,372.0568421052632,351,High
13985,7060.13,15,3445,2011-03-20 13:48:00,2011-12-05 17:06:00,470.67533333333336,261,High
14961,7044.68,9,3708,2010-12-14 11:38:00,2011-11-29 09:42:00,782.7422222222223,350,High
12766,6989.63,7,3646,2010-12-08 13:53:00,2011-12-06 08:46:00,998.5185714285715,363,High
12798,6977.04,3,5256,2011-06-22 10:11:00,2011-11-29 15:52:00,2325.68,161,High
12989,6924.110000000001,15,2943,2010-12-10 13:24:00,2011-12-06 15:28:00,461.6073333333334,362,High
13027,6912.0,6,17280,2010-12-20 12:45:00,2011-08-18 09:39:00,1152.0,241,High
16187,6911.4400000000005,15,5048,2011-02-28 13:34:00,2011-11-08 09:50:00,460.7626666666667,253,High
16713,6910.78,15,4271,2010-12-08 13:01:00,2011-11-21 12:36:00,460.71866666666665,348,High
17416,6893.42,7,4302,2011-03-03 13:45:00,2011-11-10 12:47:00,984.7742857142857,252,High
12705,6868.29,9,3997,2010-12-17 15:58:00,2011-11-24 13:17:00,763.1433333333333,342,High
12476,6816.42,11,2408,2010-12-13 14:39:00,2011-11-24 12:40:00,619.6745454545454,346,High
12830,6814.64,6,9848,2011-06-21 10:53:00,2011-11-02 11:54:00,1135.7733333333333,135,High
15601,6776.56,14,4983,2010-12-02 10:39:00,2011-11-28 15:15:00,484.04,362,High
16652,6773.97,7,3283,2011-03-11 13:13:00,2011-10-12 09:38:00,967.71,215,High
18055,6761.34,10,2452,2010-12-05 10:52:00,2011-12-02 14:25:00,676.134,363,High
16532,6748.8,3,2016,2011-01-05 12:37:00,2011-11-22 11:08:00,2249.6,321,High
15023,6720.41,11,2827,2010-12-05 13:49:00,2011-12-06 17:23:00,610.9463636363636,367,High
13576,6717.34,18,2646,2010-12-01 17:24:00,2011-11-29 15:34:00,373.18555555555554,363,High
15249,6688.46,13,3577,2011-03-28 12:49:00,2011-11-08 11:45:00,514.496923076923,225,High
16746,6680.11,18,4660,2010-12-16 11:43:00,2011-12-05 12:33:00,371.1172222222222,355,High
16353,6675.71,23,2006,2010-12-05 12:09:00,2011-12-06 12:23:00,290.24826086956523,367,High
12626,6620.48,9,3453,2011-01-17 11:01:00,2011-11-16 16:06:00,735.6088888888888,304,High
16182,6617.65,4,3791,2011-02-18 10:11:00,2011-09-28 13:23:00,1654.4125,223,High
15144,6580.44,17,3050,2011-01-31 13:17:00,2011-12-01 15:12:00,387.0847058823529,305,High
12472,6572.11,7,4148,2010-12-05 14:19:00,2011-11-07 14:01:00,938.8728571428571,337,High
17338,6493.54,8,3059,2010-12-13 12:57:00,2011-11-22 14:23:00,811.6925,345,High
18223,6484.54,14,2948,2010-12-16 16:42:00,2011-12-05 09:11:00,463.18142857142857,354,High
15694,6479.4,14,1677,2010-12-02 07:49:00,2011-12-09 09:44:00,462.8142857142857,373,High
13225,6463.84,7,3416,2010-12-13 09:49:00,2011-12-06 13:29:00,923.4057142857143,359,High
13102,6424.09,24,4204,2010-12-09 13:38:00,2011-12-08 12:52:00,267.67041666666665,364,High
12431,6419.95,15,2896,2010-12-01 10:03:00,2011-11-04 11:55:00,427.99666666666667,339,High
16814,6416.7,21,2697,2010-12-05 11:45:00,2011-11-25 13:27:00,305.5571428571428,356,High
13871,6403.25,13,2806,2011-02-04 09:30:00,2011-11-17 10:49:00,492.5576923076923,287,High
12359,6310.03,4,1609,2011-01-12 12:43:00,2011-10-13 12:47:00,1577.5075,275,High
13668,6309.83,21,3722,2010-12-12 12:35:00,2011-12-07 12:11:00,300.46809523809526,360,High
13709,6307.650000000001,13,3508,2011-01-28 14:57:00,2011-12-06 10:28:00,485.2038461538462,312,High
15005,6295.37,28,4230,2010-12-08 14:36:00,2011-11-24 12:25:00,224.83464285714285,351,High
16126,6287.77,4,2125,2011-02-16 11:18:00,2011-11-10 16:03:00,1571.9425,268,High
17315,6281.23,38,3863,2010-12-17 12:24:00,2011-12-08 12:15:00,165.29552631578946,356,High
14057,6211.66,17,4873,2010-12-14 12:11:00,2011-11-16 10:32:00,365.39176470588234,337,High
12357,6207.67,1,2708,2011-11-06 16:07:00,2011-11-06 16:07:00,6207.67,1,High
14060,6140.42,19,5386,2010-12-02 12:11:00,2011-12-05 12:29:00,323.18,369,High
13418,6127.43,18,3918,2010-12-02 10:45:00,2011-11-28 10:23:00,340.4127777777778,361,High
15939,6115.01,15,4728,2011-01-12 12:43:00,2011-09-11 11:30:00,407.6673333333334,242,High
17509,6083.64,8,3512,2011-10-07 13:14:00,2011-10-13 10:26:00,760.455,6,High
14735,6065.69,32,2264,2010-12-16 16:05:00,2011-12-06 12:09:00,189.5528125,355,High
13097,6003.22,10,2360,2010-12-14 15:13:00,2011-11-07 10:43:00,600.322,328,High
12637,6002.9,8,2994,2011-01-20 10:47:00,2011-10-03 13:46:00,750.3625,257,High
14101,5976.79,6,6942,2011-01-17 13:09:00,2011-09-27 12:28:00,996.1316666666667,253,High
15382,5955.71,6,4012,2011-02-17 12:01:00,2011-11-25 10:58:00,992.6183333333333,281,High
14944,5900.25,12,2815,2011-02-16 12:47:00,2011-11-10 09:10:00,491.6875,267,High
13209,5891.61,8,4253,2010-12-13 10:31:00,2011-11-09 13:54:00,736.45125,332,High
13534,5870.08,25,2961,2010-12-16 15:23:00,2011-12-07 14:52:00,234.8032,356,High
14505,5859.43,8,2739,2010-12-12 16:14:00,2011-11-22 15:45:00,732.42875,345,High
14415,5855.57,13,2996,2010-12-14 13:31:00,2011-12-08 14:38:00,450.42846153846153,360,High
13050,5836.86,17,3748,2010-12-08 09:30:00,2011-11-25 09:18:00,343.3447058823529,352,High
12720,5781.73,25,4672,2010-12-05 15:21:00,2011-12-07 08:03:00,231.26919999999998,367,High
15218,5756.89,11,3329,2011-01-25 11:20:00,2011-11-29 11:48:00,523.3536363636364,309,High
17686,5739.46,7,2478,2011-02-10 10:18:00,2011-12-02 15:39:00,819.9228571428572,296,High
13316,5732.93,4,5508,2011-03-30 13:01:00,2011-11-02 13:40:00,1433.2325,218,High
13178,5725.47,11,3570,2010-12-14 12:22:00,2011-11-13 16:14:00,520.4972727272727,335,High
16553,5719.82,12,4600,2010-12-14 13:58:00,2011-06-29 15:42:00,476.65166666666664,198,High
13468,5704.97,37,2589,2010-12-01 15:08:00,2011-12-08 10:39:00,154.1883783783784,372,High
14110,5683.15,12,2445,2011-03-18 09:59:00,2011-12-06 12:26:00,473.5958333333333,264,High
17716,5655.99,11,3072,2011-03-17 10:38:00,2011-11-17 12:00:00,514.180909090909,246,High
13004,5655.91,18,4822,2010-12-17 08:20:00,2011-11-28 11:27:00,314.21722222222223,347,High
17049,5655.03,9,2673,2011-03-09 08:33:00,2011-12-07 10:48:00,628.3366666666666,274,High
18118,5625.08,26,2865,2010-12-05 12:13:00,2011-11-29 11:32:00,216.34923076923076,359,High
17757,5593.39,30,3318,2010-12-02 17:17:00,2011-12-08 15:31:00,186.44633333333334,371,High
12839,5591.42,14,3807,2010-12-07 15:48:00,2011-12-07 12:33:00,399.38714285714286,365,High
12481,5579.82,10,3294,2010-12-09 10:13:00,2011-11-17 08:29:00,557.982,343,High
14688,5579.1,21,3584,2010-12-01 09:37:00,2011-12-02 12:26:00,265.6714285714286,367,High
14049,5578.72,4,3808,2011-01-26 11:27:00,2011-11-23 12:20:00,1394.68,302,High
16767,5575.56,11,4423,2011-01-27 13:38:00,2011-11-09 09:42:00,506.86909090909097,286,High
12539,5568.35,4,2067,2011-01-10 09:11:00,2011-11-17 13:30:00,1392.0875,312,High
16161,5533.67,19,2583,2010-12-06 10:03:00,2011-12-08 12:10:00,291.2457894736842,368,High
18225,5504.96,12,3242,2010-12-09 15:46:00,2011-12-06 13:27:00,458.74666666666667,362,High
16609,5493.46,7,2420,2011-04-01 10:11:00,2011-11-24 13:32:00,784.78,238,High
15805,5488.18,17,3367,2010-12-10 09:33:00,2011-11-16 16:32:00,322.83411764705886,342,High
16985,5464.12,10,1832,2010-12-16 10:38:00,2011-11-22 13:33:00,546.412,342,High
16265,5447.0,9,2646,2010-12-10 10:21:00,2011-11-30 16:41:00,605.2222222222222,356,High
18198,5425.56,17,4074,2011-01-07 13:39:00,2011-12-05 14:49:00,319.15058823529415,333,High
12490,5417.93,10,3064,2011-01-14 09:13:00,2011-12-04 16:07:00,541.793,325,High
17809,5411.91,12,2057,2010-12-01 09:41:00,2011-11-23 12:59:00,450.9925,358,High
16701,5398.3,13,6393,2010-12-13 11:51:00,2011-12-01 11:10:00,415.25384615384615,353,High
17719,5396.04,15,2466,2011-03-29 11:29:00,2011-11-02 10:36:00,359.736,218,High
17850,5391.21,34,1733,2010-12-01 08:26:00,2010-12-02 15:27:00,158.565,2,High
16303,5360.63,3,2659,2011-01-10 14:16:00,2011-11-14 10:49:00,1786.8766666666668,308,High
13269,5343.28,15,3513,2010-12-05 11:51:00,2011-12-08 14:53:00,356.21866666666665,369,High
17730,5298.4800000000005,13,3576,2011-01-17 14:49:00,2011-12-06 15:43:00,407.5753846153847,324,High
15150,5291.33,10,3642,2011-03-15 14:21:00,2011-11-22 12:52:00,529.133,252,High
17061,5232.2300000000005,11,1526,2011-04-21 13:29:00,2011-09-27 11:24:00,475.65727272727275,159,High
18226,5228.05,11,3466,2011-01-06 09:00:00,2011-10-26 13:36:00,475.27727272727276,294,High
12362,5226.23,10,2229,2011-02-17 10:30:00,2011-12-06 15:40:00,522.6229999999999,293,High
16258,5203.51,5,2994,2011-05-04 14:33:00,2011-10-25 13:30:00,1040.702,174,High
13756,5189.52,14,3188,2010-12-07 11:41:00,2011-12-07 16:44:00,370.68,366,High
16191,5180.52,13,3351,2010-12-14 12:38:00,2011-12-07 11:26:00,398.5015384615385,358,High
15727,5159.06,7,3063,2010-12-15 15:47:00,2011-11-23 12:36:00,737.0085714285715,343,High
13599,5149.92,21,3293,2010-12-08 10:11:00,2011-12-08 16:10:00,245.2342857142857,366,High
17858,5140.66,12,2694,2010-12-05 13:08:00,2011-12-04 11:56:00,428.3883333333333,364,High
15903,5126.76,7,2410,2011-02-17 14:04:00,2011-11-30 08:08:00,732.3942857142857,286,High
13941,5112.96,5,2364,2010-12-02 10:17:00,2011-11-18 09:43:00,1022.592,351,High
15046,5090.42,15,3372,2011-01-05 15:30:00,2011-11-30 15:50:00,339.36133333333333,330,High
16700,5076.55,13,4024,2010-12-08 16:34:00,2011-12-01 11:00:00,390.50384615384615,358,High
13139,5064.94,7,2425,2011-03-25 11:57:00,2011-11-23 13:54:00,723.5628571428571,244,High
12432,5059.32,5,1801,2011-06-20 13:27:00,2011-10-28 11:43:00,1011.8639999999999,130,High
17602,5054.42,6,4116,2011-01-19 16:18:00,2011-12-07 13:53:00,842.4033333333333,322,High
15301,5049.95,12,2751,2010-12-06 12:21:00,2011-10-20 09:57:00,420.82916666666665,318,High
17426,5037.26,6,3094,2011-03-02 16:34:00,2011-12-01 18:07:00,839.5433333333334,275,High
15719,5030.07,13,2718,2011-01-06 12:31:00,2011-11-07 12:29:00,386.92846153846153,305,High
14755,5010.28,11,2219,2011-01-09 14:02:00,2011-11-30 11:24:00,455.47999999999996,325,High
14562,5006.77,18,1815,2011-02-08 14:45:00,2011-12-06 11:05:00,278.1538888888889,301,High
12444,5005.46,5,1153,2011-06-21 14:00:00,2011-11-18 13:23:00,1001.092,150,High
14329,4975.24,7,3087,2011-01-14 13:42:00,2011-11-22 15:50:00,710.7485714285714,313,High
15032,4959.1,3,2968,2010-12-08 12:57:00,2011-03-28 15:03:00,1653.0333333333335,111,High
12437,4951.41,18,2922,2011-01-12 14:13:00,2011-12-08 11:35:00,275.0783333333333,330,High
12700,4939.99,4,2967,2011-05-08 16:10:00,2011-12-02 10:47:00,1234.9975,208,High
14709,4921.04,13,2484,2010-12-16 13:43:00,2011-11-24 15:41:00,378.54153846153844,344,High
15786,4919.0,3,3340,2011-08-17 13:33:00,2011-10-24 14:13:00,1639.6666666666667,69,High
15547,4910.6,14,3999,2010-12-12 13:26:00,2011-12-02 12:52:00,350.75714285714287,355,High
17133,4892.240000000001,7,2730,2011-03-18 13:47:00,2011-11-24 12:27:00,698.8914285714287,251,High
12664,4881.88,9,1203,2011-01-21 11:42:00,2011-12-01 17:07:00,542.4311111111111,315,High
12688,4873.8099999999995,1,3028,2011-08-18 08:49:00,2011-08-18 08:49:00,4873.8099999999995,1,High
14292,4871.93,9,1663,2011-03-02 08:26:00,2011-12-02 11:50:00,541.3255555555556,276,High
17652,4867.72,12,2509,2011-03-03 14:05:00,2011-11-14 12:55:00,405.6433333333334,256,High
15738,4812.42,16,2982,2010-12-02 12:50:00,2011-11-21 08:26:00,300.77625,354,High
13013,4810.9400000000005,13,2224,2010-12-03 12:28:00,2011-12-08 15:01:00,370.07230769230773,371,High
15298,4799.9,12,3116,2010-12-08 13:55:00,2011-12-07 17:17:00,399.9916666666666,365,High
15555,4794.86,16,4427,2010-12-05 14:45:00,2011-11-27 16:19:00,299.67875,358,High
15187,4777.18,16,1887,2011-05-11 13:49:00,2011-12-08 11:56:00,298.57375,211,High
17365,4767.36,8,4749,2011-01-11 12:11:00,2011-11-27 12:13:00,595.92,321,High
12955,4757.16,11,3664,2011-03-17 09:03:00,2011-12-08 16:29:00,432.4690909090909,267,High
14180,4748.52,25,719,2010-12-02 13:08:00,2011-11-29 10:56:00,189.94080000000002,362,High
15152,4745.69,13,2704,2011-06-05 15:36:00,2011-11-30 12:32:00,365.0530769230769,178,High
16722,4730.81,13,5001,2010-12-06 12:59:00,2011-11-22 13:28:00,363.90846153846155,352,High
17690,4726.8,15,1769,2010-12-01 16:15:00,2011-11-09 15:17:00,315.12,343,High
12714,4708.86,5,3069,2011-02-18 10:53:00,2011-11-30 15:43:00,941.7719999999999,286,High
14135,4690.31,15,3850,2010-12-02 10:27:00,2011-12-08 11:38:00,312.68733333333336,372,High
14191,4684.76,13,3662,2011-05-03 10:30:00,2011-12-08 09:23:00,360.36615384615385,219,High
15291,4668.3,15,2103,2010-12-01 09:32:00,2011-11-14 11:02:00,311.22,349,High
14189,4654.08,15,3937,2010-12-06 11:42:00,2011-12-07 15:55:00,310.272,367,High
14390,4642.57,9,2133,2010-12-02 11:57:00,2011-11-29 13:49:00,515.8411111111111,363,High
14159,4630.35,11,4348,2010-12-12 11:17:00,2011-11-20 12:36:00,420.94090909090914,344,High
14286,4628.75,3,4338,2011-04-11 08:16:00,2011-11-16 10:34:00,1542.9166666666667,220,High
13802,4599.42,3,2572,2011-02-01 12:03:00,2011-07-24 10:54:00,1533.14,173,High
15093,4597.02,6,3760,2010-12-02 18:25:00,2011-11-21 13:09:00,766.1700000000001,354,High
14004,4582.64,7,2668,2011-02-24 09:28:00,2011-10-27 14:40:00,654.6628571428572,246,High
16931,4554.87,21,3134,2010-12-05 11:40:00,2011-12-04 13:15:00,216.89857142857142,365,High
17068,4552.14,21,2164,2010-12-06 13:58:00,2011-11-27 13:14:00,216.76857142857145,356,High
17613,4544.55,14,2490,2011-02-07 11:20:00,2011-11-17 10:51:00,324.6107142857143,283,High
12484,4527.32,6,2187,2011-01-07 14:04:00,2011-11-07 11:37:00,754.5533333333333,304,High
13267,4521.49,19,1969,2010-12-08 09:20:00,2011-12-07 11:12:00,237.97315789473683,365,High
15299,4507.01,7,2948,2010-12-02 16:48:00,2011-10-03 14:19:00,643.8585714285715,305,High
12524,4485.72,8,3699,2011-01-10 10:35:00,2011-11-30 15:31:00,560.715,325,High
17975,4483.26,13,1565,2010-12-08 11:38:00,2011-11-24 13:27:00,344.86615384615385,352,High
14426,4481.67,10,2699,2011-01-31 09:51:00,2011-11-16 12:25:00,448.16700000000003,290,High
12627,4478.53,7,2752,2011-07-22 13:59:00,2011-11-29 12:07:00,639.79,130,High
17364,4462.68,11,2692,2011-01-12 16:57:00,2011-12-09 09:00:00,405.69818181818187,331,High
16984,4459.52,2,2380,2011-08-01 17:37:00,2011-09-12 13:43:00,2229.76,42,High
13069,4431.44,24,5873,2010-12-05 11:02:00,2011-12-09 08:39:00,184.64333333333332,369,High
14085,4421.29,18,3177,2010-12-06 12:39:00,2011-12-07 13:46:00,245.62722222222223,367,High
15955,4416.26,14,2135,2010-12-02 11:22:00,2011-11-15 14:15:00,315.44714285714286,349,High
16626,4413.1,17,2690,2011-03-18 12:27:00,2011-12-09 11:56:00,259.59411764705885,266,High
15874,4405.88,7,2534,2011-02-28 13:28:00,2011-10-07 12:31:00,629.4114285714286,221,High
14534,4397.3,18,2027,2011-01-25 12:33:00,2011-12-07 12:19:00,244.29444444444445,316,High
12712,4396.13,13,1062,2010-12-03 14:30:00,2011-11-11 08:19:00,338.1638461538462,343,High
13505,4393.63,4,2486,2011-04-21 12:07:00,2011-09-28 11:56:00,1098.4075,160,High
12752,4366.78,1,2262,2011-09-19 13:32:00,2011-09-19 13:32:00,4366.78,1,High
16945,4345.5,19,2725,2010-12-16 17:49:00,2011-11-18 11:39:00,228.71052631578948,337,High
14016,4341.21,4,2125,2010-12-17 14:21:00,2011-07-01 11:29:00,1085.3025,196,High
14800,4331.79,12,3644,2010-12-05 11:10:00,2011-10-23 12:46:00,360.9825,323,High
17567,4331.48,8,2632,2010-12-02 15:18:00,2011-12-02 15:48:00,541.435,366,High
18251,4314.72,1,7824,2011-09-13 15:03:00,2011-09-13 15:03:00,4314.72,1,High
12347,4310.0,7,2458,2010-12-07 14:57:00,2011-12-07 15:52:00,615.7142857142857,366,High
17937,4301.22,7,1754,2010-12-12 14:43:00,2011-12-01 11:45:00,614.46,354,High
15034,4274.16,8,2413,2010-12-21 09:47:00,2011-11-24 12:11:00,534.27,339,High
14422,4263.64,6,2906,2011-03-17 17:26:00,2011-12-09 11:26:00,710.6066666666667,267,High
12500,4257.82,11,2678,2011-01-10 09:48:00,2011-11-16 16:20:00,387.07454545454544,311,High
17419,4226.57,12,1876,2010-12-07 15:03:00,2011-11-28 13:47:00,352.21416666666664,356,High
14525,4215.9,9,2637,2010-12-13 17:40:00,2011-11-20 11:37:00,468.4333333333333,342,High
15804,4206.39,13,2565,2011-05-25 10:12:00,2011-12-09 12:31:00,323.5684615384616,199,High
15971,4199.85,12,1717,2011-02-01 16:47:00,2011-11-22 12:50:00,349.9875,294,High
12747,4196.01,11,1275,2010-12-05 15:38:00,2011-12-07 14:34:00,381.4554545454546,367,High
14146,4191.0,5,2437,2010-12-17 15:52:00,2011-12-01 10:18:00,838.2,349,High
14277,4188.0,3,1976,2011-05-11 13:20:00,2011-11-24 15:01:00,1396.0,198,High
12949,4167.22,8,2381,2011-04-01 13:20:00,2011-11-09 11:25:00,520.9025,222,High
13384,4151.93,7,2422,2011-06-14 12:47:00,2011-11-09 11:04:00,593.1328571428572,148,High
15570,4148.82,12,2063,2010-12-05 12:57:00,2011-12-02 14:47:00,345.73499999999996,363,High
13988,4147.96,6,3044,2011-03-30 11:48:00,2011-11-20 10:15:00,691.3266666666667,235,High
12569,4124.69,32,1801,2011-04-01 13:47:00,2011-12-07 16:24:00,128.8965625,251,High
17920,4119.5,17,2473,2010-12-01 11:49:00,2011-12-05 14:29:00,242.3235294117647,370,High
16592,4113.68,16,2927,2011-02-25 10:19:00,2011-12-05 13:49:00,257.105,284,High
13555,4098.88,4,2636,2011-05-22 11:06:00,2011-09-27 12:36:00,1024.72,129,High
16401,4098.32,12,3882,2011-01-16 10:56:00,2011-12-08 18:15:00,341.52666666666664,327,High
18041,4097.37,21,3758,2010-12-02 11:21:00,2011-11-28 11:39:00,195.11285714285714,362,High
16670,4095.9,11,2556,2010-12-16 10:30:00,2011-11-23 09:34:00,372.3545454545455,342,High
12749,4090.88,5,1471,2011-05-10 15:25:00,2011-12-06 09:56:00,818.176,210,High
14092,4076.91,14,2066,2010-12-16 15:47:00,2011-12-02 12:13:00,291.2078571428571,351,High
12449,4067.29,4,1553,2011-06-05 15:37:00,2011-11-17 13:46:00,1016.8225,165,High
17377,4058.32,20,2038,2010-12-01 12:35:00,2011-11-16 11:17:00,202.916,350,High
18087,4055.7199999999993,2,3907,2011-02-22 10:43:00,2011-09-02 15:12:00,2027.8599999999997,193,High
14401,4051.48,13,4507,2010-12-15 09:07:00,2011-12-05 13:30:00,311.6523076923077,356,High
12656,4051.17,5,1723,2011-04-20 09:20:00,2011-11-22 13:42:00,810.234,217,High
16549,4034.9,10,2294,2011-01-09 14:03:00,2011-11-29 15:06:00,403.49,325,High
13815,4027.36,4,2560,2011-01-25 12:16:00,2011-11-17 14:19:00,1006.84,297,High
15514,4023.7200000000003,11,2098,2010-12-10 13:50:00,2011-11-27 14:40:00,365.7927272727273,353,High
17940,4020.04,10,9323,2011-02-10 09:29:00,2011-10-21 13:27:00,402.004,254,High
12957,4017.54,8,2549,2011-01-04 12:18:00,2011-11-30 09:53:00,502.1925,330,High
12867,4009.34,7,4284,2010-12-14 16:39:00,2011-11-13 15:30:00,572.7628571428571,334,High
12378,4008.62,1,2529,2011-08-02 10:34:00,2011-08-02 10:34:00,4008.62,1,High
16186,4006.94,12,3020,2010-12-02 14:40:00,2011-11-17 12:43:00,333.9116666666667,350,High
12841,3991.58,25,2720,2010-12-03 10:43:00,2011-12-05 11:13:00,159.6632,368,High
17001,3989.57,11,2164,2010-12-16 09:35:00,2011-12-09 09:38:00,362.6881818181818,359,High
15416,3984.32,4,2090,2011-03-02 08:41:00,2011-10-06 09:38:00,996.08,219,High
12779,3981.36,8,2024,2010-12-03 13:40:00,2011-11-02 11:43:00,497.67,334,High
12727,3980.7,7,2098,2011-01-23 15:17:00,2011-11-29 11:46:00,568.6714285714286,310,High
14547,3974.75,8,2639,2011-10-16 14:35:00,2011-12-06 11:06:00,496.84375,51,High
14299,3965.62,9,2149,2010-12-09 10:30:00,2011-12-01 16:05:00,440.6244444444444,358,High
13523,3964.88,5,1752,2010-12-08 14:22:00,2011-11-06 15:11:00,792.976,334,High
15529,3962.6,11,3455,2010-12-08 12:24:00,2011-11-17 11:29:00,360.23636363636365,344,High
17611,3961.12,15,2550,2010-12-13 13:52:00,2011-12-02 13:29:00,264.07466666666664,354,High
13183,3957.78,9,2208,2011-01-09 10:50:00,2011-12-02 10:30:00,439.75333333333333,327,High
17769,3957.43,10,1850,2011-01-23 11:15:00,2011-11-27 11:18:00,395.743,309,High
17651,3945.0,10,3112,2011-06-15 15:57:00,2011-11-28 10:29:00,394.5,166,High
12473,3928.0499999999997,5,2414,2011-06-01 10:15:00,2011-11-10 13:46:00,785.6099999999999,163,High
17593,3923.86,5,3089,2010-12-22 10:29:00,2011-12-06 10:30:00,784.772,350,High
14739,3902.28,7,3820,2010-12-07 14:58:00,2011-12-05 16:54:00,557.4685714285714,364,High
13999,3901.81,12,2243,2010-12-13 11:23:00,2011-11-29 13:40:00,325.1508333333333,352,High
14291,3883.25,11,2749,2011-03-09 15:20:00,2011-12-08 10:26:00,353.02272727272725,274,High
15195,3861.0,1,1404,2011-12-07 12:20:00,2011-12-07 12:20:00,3861.0,1,High
18073,3859.82,12,3102,2011-05-26 19:38:00,2011-08-17 14:02:00,321.6516666666667,83,High
12662,3849.78,11,2058,2010-12-01 13:04:00,2011-12-09 11:59:00,349.98,373,High
16717,3843.08,6,1860,2010-12-08 16:48:00,2011-11-16 12:16:00,640.5133333333333,343,High
13266,3834.2599999999998,12,4428,2011-03-28 10:14:00,2011-11-28 14:39:00,319.52166666666665,246,High
17091,3827.76,9,1746,2010-12-07 09:55:00,2011-12-07 10:43:00,425.3066666666667,366,High
16327,3820.27,6,2560,2010-12-05 12:43:00,2011-11-25 13:23:00,636.7116666666667,356,High
12755,3811.95,2,1491,2010-12-09 10:44:00,2011-03-04 12:42:00,1905.975,86,High
12597,3811.22,4,2236,2011-03-16 14:00:00,2011-11-20 13:33:00,952.805,249,High
15867,3810.14,15,2052,2010-12-05 14:17:00,2011-12-04 13:32:00,254.00933333333333,364,High
13435,3809.8900000000003,7,2129,2011-06-03 17:07:00,2011-12-04 14:45:00,544.2700000000001,184,High
12668,3807.15,4,1634,2010-12-19 12:46:00,2011-11-28 10:56:00,951.7875,344,High
16145,3799.4900000000002,11,3123,2010-12-15 09:09:00,2011-12-01 10:33:00,345.40818181818184,352,High
16655,3789.52,6,2363,2011-01-12 10:16:00,2011-11-22 11:25:00,631.5866666666667,315,High
16168,3787.6,27,1892,2010-12-05 11:38:00,2011-11-29 12:45:00,140.28148148148148,360,High
16019,3786.2400000000002,9,1733,2010-12-10 12:29:00,2011-10-24 11:51:00,420.6933333333334,318,High
12562,3781.7400000000002,7,1779,2011-05-25 12:44:00,2011-12-01 17:20:00,540.2485714285715,191,High
17173,3766.6,8,1122,2011-07-31 15:26:00,2011-12-04 14:40:00,470.825,126,High
13124,3756.33,3,2119,2010-12-15 15:00:00,2011-09-11 12:45:00,1252.11,270,High
12429,3750.4,4,1557,2010-12-09 12:05:00,2011-11-30 17:22:00,937.6,357,High
14145,3742.2,4,756,2011-05-06 13:01:00,2011-10-24 12:10:00,935.55,171,High
13552,3740.07,12,1417,2011-01-28 10:10:00,2011-10-04 15:19:00,311.6725,250,High
16570,3738.4,10,2112,2011-02-01 10:37:00,2011-11-24 17:02:00,373.84000000000003,297,High
12502,3723.87,5,820,2011-02-03 10:41:00,2011-09-05 11:52:00,744.774,215,High
12647,3722.82,12,1431,2010-12-05 14:02:00,2011-11-17 12:56:00,310.235,347,High
13680,3719.12,4,1934,2011-01-04 14:12:00,2011-12-08 13:47:00,929.78,338,High
17238,3719.1,17,1807,2010-12-03 15:05:00,2011-12-07 11:35:00,218.7705882352941,369,High
16240,3718.8,2,1641,2011-09-23 13:44:00,2011-11-15 14:30:00,1859.4,54,High
14364,3717.35,8,1967,2011-05-12 12:56:00,2011-08-23 11:01:00,464.66875,103,High
15845,3711.77,8,1926,2011-01-06 17:19:00,2011-11-22 09:42:00,463.97125,320,High
15622,3709.56,9,1674,2011-03-02 13:42:00,2011-10-27 16:44:00,412.17333333333335,240,High
17819,3704.87,7,1031,2010-12-03 14:26:00,2011-09-29 10:52:00,529.2671428571429,300,High
15379,3703.29,7,2305,2010-12-16 13:02:00,2011-06-23 13:13:00,529.0414285714286,190,High
14282,3701.44,15,2656,2010-12-07 12:21:00,2011-12-06 17:04:00,246.76266666666666,365,High
12553,3692.28,10,1965,2011-01-14 10:42:00,2011-12-01 16:38:00,369.228,322,High
16253,3683.86,2,3233,2011-03-29 13:33:00,2011-10-04 09:09:00,1841.93,189,High
13148,3683.26,12,1965,2010-12-10 13:06:00,2011-11-10 15:23:00,306.93833333333333,336,High
15581,3675.77,13,283,2010-12-08 14:38:00,2011-08-11 09:38:00,282.7515384615385,246,High
15296,3672.86,6,1766,2011-01-17 11:57:00,2011-10-20 11:47:00,612.1433333333333,276,High
16904,3653.75,16,1984,2010-12-07 13:29:00,2011-12-05 13:10:00,228.359375,363,High
15808,3651.27,4,1305,2010-12-05 13:05:00,2011-02-06 14:33:00,912.8175,64,High
12417,3649.1,9,1552,2010-12-17 11:51:00,2011-12-06 14:52:00,405.4555555555555,355,High
13426,3641.32,10,2245,2010-12-15 12:43:00,2011-12-09 08:59:00,364.132,359,High
12619,3641.24,9,3378,2011-03-31 13:10:00,2011-11-23 14:52:00,404.5822222222222,238,High
16440,3640.67,5,2018,2011-05-09 12:25:00,2011-12-02 12:02:00,728.134,207,High
13381,3639.31,6,2029,2011-02-14 10:10:00,2011-11-08 11:58:00,606.5516666666666,268,High
17230,3638.41,8,1651,2010-12-15 11:22:00,2011-03-20 16:12:00,454.80125,96,High
17528,3628.5,8,2138,2011-09-29 13:04:00,2011-12-08 13:27:00,453.5625,71,High
13327,3627.77,8,1600,2010-12-09 15:32:00,2011-11-01 10:21:00,453.47125,327,High
13520,3624.35,6,1649,2010-12-03 10:36:00,2011-10-12 10:20:00,604.0583333333333,313,High
13082,3613.63,9,4324,2011-01-05 15:42:00,2011-08-05 16:16:00,401.51444444444445,213,High
18079,3613.15,4,7347,2011-04-15 12:14:00,2011-10-25 15:27:00,903.2875,194,High
16712,3611.31,11,1730,2011-03-08 15:07:00,2011-11-30 13:48:00,328.3009090909091,267,High
15505,3610.96,5,2390,2011-07-07 13:33:00,2011-10-18 07:56:00,722.192,103,High
13137,3603.29,8,2204,2011-02-04 11:54:00,2011-11-29 12:09:00,450.41125,299,High
14543,3599.73,16,675,2010-12-10 11:51:00,2011-11-11 12:45:00,224.983125,337,High
15484,3590.41,4,3150,2011-09-22 13:31:00,2011-12-08 15:03:00,897.6025,78,High
14132,3586.0299999999997,11,3368,2011-06-09 12:04:00,2011-12-07 13:35:00,326.00272727272727,182,High
16242,3579.86,7,1969,2011-03-07 17:04:00,2011-12-01 15:12:00,511.40857142857146,269,High
17576,3564.83,19,1967,2010-12-09 16:57:00,2011-12-01 17:56:00,187.62263157894736,358,High
14040,3560.32,12,1544,2011-01-12 14:57:00,2011-10-30 12:42:00,296.6933333333333,291,High
17203,3560.08,6,2846,2011-10-10 14:37:00,2011-11-04 12:27:00,593.3466666666667,25,High
17491,3558.87,10,2013,2010-12-07 12:18:00,2011-12-08 16:18:00,355.887,367,High
15544,3546.71,9,3109,2010-12-02 12:47:00,2011-11-30 16:43:00,394.0788888888889,364,High
14503,3543.26,6,2004,2011-06-14 10:00:00,2011-12-06 13:30:00,590.5433333333334,176,High
12370,3541.94,4,2352,2010-12-14 12:58:00,2011-10-19 14:51:00,885.485,310,High
13448,3534.69,6,1648,2010-12-01 10:52:00,2011-11-23 12:33:00,589.115,358,High
12454,3528.34,1,1006,2011-10-14 17:13:00,2011-10-14 17:13:00,3528.34,1,High
17160,3518.03,6,2856,2011-04-12 12:00:00,2011-11-08 14:05:00,586.3383333333334,211,High
13953,3515.68,7,2724,2010-12-22 10:29:00,2011-12-02 16:04:00,502.23999999999995,346,High
15113,3509.43,3,2344,2011-10-16 15:27:00,2011-11-30 08:23:00,1169.81,45,High
16131,3506.54,6,1802,2011-04-14 08:32:00,2011-10-19 11:53:00,584.4233333333333,189,High
13334,3502.32,3,1764,2011-02-07 11:42:00,2011-09-18 15:21:00,1167.44,224,High
14907,3501.1,7,1691,2010-12-07 10:14:00,2011-12-06 14:14:00,500.15714285714284,365,High
16458,3482.7400000000002,18,2154,2010-12-14 11:51:00,2011-12-07 09:34:00,193.48555555555558,358,High
14395,3479.91,9,1689,2010-12-02 18:15:00,2011-12-07 14:34:00,386.65666666666664,370,High
13993,3466.36,9,900,2011-01-13 10:43:00,2011-10-28 09:06:00,385.1511111111111,288,High
13014,3466.2799999999997,10,905,2011-03-03 18:28:00,2011-11-29 12:27:00,346.628,271,High
15410,3450.84,8,1200,2011-03-23 10:15:00,2011-09-16 14:47:00,431.355,178,High
16360,3450.41,6,2110,2011-09-12 13:50:00,2011-12-05 12:16:00,575.0683333333333,84,High
15129,3447.4,11,1794,2011-02-21 09:09:00,2011-10-20 14:40:00,313.40000000000003,242,High
13536,3444.39,7,2126,2011-09-25 13:30:00,2011-12-08 16:38:00,492.05571428571426,75,High
15974,3442.15,7,2262,2011-02-24 10:10:00,2011-10-31 13:13:00,491.7357142857143,250,High
17725,3439.08,11,2162,2011-03-17 19:47:00,2011-11-23 16:34:00,312.64363636363635,251,High
15676,3435.76,3,2252,2011-03-01 10:19:00,2011-11-21 12:40:00,1145.2533333333333,266,High
14221,3432.8,9,2191,2011-01-04 15:33:00,2011-10-28 13:42:00,381.4222222222222,297,High
12406,3415.3,2,1818,2011-06-09 10:23:00,2011-11-17 19:22:00,1707.65,162,High
15981,3408.48,8,1866,2011-02-01 13:50:00,2011-11-15 08:00:00,426.06,287,High
17758,3408.2000000000003,8,2054,2011-04-03 15:22:00,2011-11-20 14:45:00,426.02500000000003,231,High
13437,3408.06,7,1283,2011-06-02 14:30:00,2011-11-25 14:00:00,486.86571428571426,176,High
17669,3406.7200000000003,7,1916,2011-04-04 10:11:00,2011-10-28 08:53:00,486.67428571428576,207,High
13198,3401.2400000000002,6,2648,2010-12-13 09:29:00,2011-11-29 15:17:00,566.8733333333333,352,High
15228,3386.71,4,2255,2011-02-18 09:04:00,2011-10-04 13:56:00,846.6775,229,High
13842,3385.62,9,1768,2010-12-08 10:39:00,2011-10-12 10:51:00,376.18,309,High
16011,3352.96,16,2035,2010-12-08 16:34:00,2011-12-01 16:31:00,209.56,358,High
14227,3350.96,10,1820,2011-02-28 12:27:00,2011-11-13 15:48:00,335.096,259,High
16818,3349.57,11,2164,2011-05-18 11:42:00,2011-11-29 10:41:00,304.50636363636363,195,High
16607,3347.71,14,2859,2010-12-16 08:41:00,2011-11-22 10:24:00,239.12214285714285,342,High
17183,3347.31,6,1296,2011-08-26 15:25:00,2011-12-02 10:07:00,557.885,98,High
12643,3344.64,6,1808,2011-01-11 11:48:00,2011-08-03 12:56:00,557.4399999999999,205,High
12613,3344.38,5,1644,2011-03-22 15:42:00,2011-10-13 14:59:00,668.876,205,High
13015,3339.64,5,1609,2011-04-04 14:28:00,2011-10-17 13:19:00,667.928,196,High
12594,3338.2200000000003,10,1777,2011-01-21 09:52:00,2011-11-02 12:20:00,333.822,286,High
16556,3313.79,7,1890,2010-12-14 13:32:00,2011-10-04 11:36:00,473.3985714285714,294,High
13373,3312.25,3,1651,2011-03-08 14:35:00,2011-10-10 10:51:00,1104.0833333333333,216,High
14841,3295.76,6,1778,2010-12-16 10:28:00,2011-10-17 15:03:00,549.2933333333334,306,High
15632,3285.31,8,2109,2011-03-10 08:29:00,2011-11-24 09:51:00,410.66375,260,High
12480,3281.63,4,1707,2011-01-07 15:27:00,2011-11-11 14:52:00,820.4075,308,High
15764,3279.97,6,2050,2011-03-08 09:23:00,2011-09-12 17:58:00,546.6616666666666,189,High
17723,3276.4000000000005,6,792,2011-05-09 14:44:00,2011-08-04 18:37:00,546.0666666666667,88,High
14702,3251.79,17,1439,2010-12-09 19:23:00,2011-12-08 19:29:00,191.28176470588235,365,High
13952,3251.071,2,1431,2011-04-15 09:27:00,2011-05-06 09:00:00,1625.5355,21,High
13047,3237.54,10,1391,2010-12-01 08:34:00,2011-11-08 12:06:00,323.754,343,High
15708,3235.25,7,1217,2010-12-05 11:12:00,2011-10-30 10:54:00,462.17857142857144,329,High
14175,3222.3,3,1515,2011-01-14 12:22:00,2011-10-11 11:55:00,1074.1000000000001,270,High
13880,3219.77,13,1842,2010-12-07 14:00:00,2011-11-18 13:44:00,247.67461538461538,346,High
15443,3213.59,7,1639,2011-01-23 13:25:00,2011-12-08 10:40:00,459.0842857142857,319,High
14388,3212.84,8,1941,2010-12-02 11:02:00,2011-11-29 13:32:00,401.605,363,High
16107,3204.1600000000003,7,1176,2011-06-09 18:42:00,2011-11-22 09:40:00,457.7371428571429,166,High
13868,3192.54,2,1964,2011-11-01 12:45:00,2011-12-02 16:32:00,1596.27,32,High
13758,3190.55,7,1844,2010-12-01 12:08:00,2011-11-28 11:11:00,455.79285714285714,362,High
14844,3189.81,4,1833,2011-04-12 13:10:00,2011-10-07 10:41:00,797.4525,178,High
17220,3187.55,14,1897,2010-12-10 14:54:00,2011-11-15 13:47:00,227.68214285714288,340,High
17050,3185.64,6,1595,2011-02-13 12:41:00,2011-09-04 13:48:00,530.9399999999999,204,High
12456,3181.04,3,1633,2011-03-30 09:12:00,2011-10-26 14:41:00,1060.3466666666666,211,High
17672,3178.17,2,1690,2011-02-03 13:29:00,2011-10-20 14:18:00,1589.085,260,High
13268,3174.75,11,3624,2011-03-17 13:20:00,2011-11-22 11:51:00,288.6136363636364,250,High
16837,3170.98,11,1563,2011-04-08 08:48:00,2011-11-08 14:27:00,288.2709090909091,215,High
16041,3166.4,3,1584,2011-07-21 16:27:00,2011-11-09 12:25:00,1055.4666666666667,111,High
17863,3160.0,6,2638,2010-12-05 13:21:00,2011-10-11 13:45:00,526.6666666666666,311,High
15065,3158.13,4,1383,2011-02-21 12:54:00,2011-11-02 09:45:00,789.5325,254,High
17685,3155.83,7,1907,2010-12-02 14:42:00,2011-11-23 11:36:00,450.8328571428571,356,High
15861,3146.92,8,2528,2011-03-17 20:12:00,2011-11-27 15:59:00,393.365,255,High
14235,3144.86,5,1959,2011-03-24 13:23:00,2011-09-25 14:37:00,628.972,186,High
17231,3124.72,10,1724,2010-12-13 14:16:00,2011-11-27 15:18:00,312.472,350,High
13685,3119.44,7,5056,2011-10-10 12:59:00,2011-12-07 11:41:00,445.63428571428574,58,High
16678,3109.99,12,2397,2011-03-02 09:24:00,2011-12-07 12:17:00,259.1658333333333,281,High
13742,3107.87,12,1115,2011-01-23 14:59:00,2011-11-23 11:07:00,258.9891666666667,304,High
14099,3104.17,11,2179,2010-12-20 11:14:00,2011-11-23 13:53:00,282.1972727272727,339,High
15491,3100.09,6,1646,2011-04-18 10:04:00,2011-09-05 15:56:00,516.6816666666667,141,High
14257,3099.7200000000003,5,1682,2011-01-25 10:49:00,2011-10-06 16:54:00,619.9440000000001,255,High
14565,3099.12,4,1540,2010-12-13 13:25:00,2011-09-05 09:07:00,774.78,266,High
13135,3096.0,1,4300,2011-05-27 10:52:00,2011-05-27 10:52:00,3096.0,1,High
16156,3092.04,9,1273,2011-02-02 12:02:00,2011-12-01 12:42:00,343.56,303,High
13362,3090.7400000000002,4,1382,2011-02-25 11:33:00,2011-11-30 14:41:00,772.6850000000001,279,High
16218,3084.68,7,2088,2010-12-01 11:29:00,2011-11-10 09:59:00,440.6685714285714,344,High
13869,3083.65,4,1709,2010-12-17 15:14:00,2011-08-08 13:53:00,770.9125,234,High
17059,3080.39,5,1850,2010-12-05 12:35:00,2011-11-10 12:27:00,616.078,340,High
15998,3080.22,5,2032,2010-12-12 13:32:00,2011-11-03 12:45:00,616.044,326,High
18272,3078.58,6,2050,2011-04-07 09:35:00,2011-12-07 12:43:00,513.0966666666667,245,High
12910,3075.04,8,1692,2011-04-12 10:01:00,2011-11-16 14:28:00,384.38,219,High
13631,3070.42,11,467,2011-03-17 17:13:00,2011-09-01 09:57:00,279.1290909090909,168,High
16940,3049.88,3,2169,2011-02-23 12:27:00,2011-10-18 13:15:00,1016.6266666666667,238,High
16393,3040.96,13,1573,2010-12-05 13:10:00,2011-12-07 12:51:00,233.92000000000002,367,High
16326,3039.2200000000003,14,682,2011-01-09 12:01:00,2011-12-04 10:11:00,217.08714285714288,329,High
17799,3039.17,10,1753,2010-12-13 13:10:00,2011-11-17 15:16:00,303.91700000000003,340,High
16905,3037.6,7,1381,2010-12-03 10:43:00,2011-12-04 14:01:00,433.9428571428571,367,High
16709,3029.87,5,851,2011-03-03 10:55:00,2011-09-16 10:56:00,605.9739999999999,198,High
12598,3023.08,8,1964,2011-02-28 11:58:00,2011-11-30 12:18:00,377.885,276,High
12395,3018.63,12,2118,2010-12-03 16:35:00,2011-11-20 15:21:00,251.5525,352,High
18094,3017.3,7,2518,2011-02-21 08:50:00,2011-09-19 09:28:00,431.04285714285714,211,High
14456,3017.28,9,2885,2011-07-20 13:06:00,2011-12-04 13:59:00,335.25333333333333,138,High
12754,3010.74,3,6481,2011-02-04 10:31:00,2011-04-18 09:00:00,1003.5799999999999,73,High
15521,3000.2,8,1836,2011-03-30 09:15:00,2011-10-30 13:42:00,375.025,215,High
17659,2999.46,12,1525,2010-12-02 16:46:00,2011-11-22 13:29:00,249.955,355,High
17504,2997.0299999999997,9,1664,2011-01-21 11:09:00,2011-05-17 12:59:00,333.00333333333333,117,High
12670,2996.05,5,1397,2011-04-21 10:16:00,2011-11-29 15:23:00,599.21,223,High
14307,2995.72,6,2058,2010-12-01 11:41:00,2011-09-12 09:38:00,499.28666666666663,285,High
15687,2993.1,9,1310,2011-01-13 15:13:00,2011-12-01 08:33:00,332.56666666666666,322,High
14639,2984.49,6,1431,2010-12-13 13:50:00,2011-10-18 15:06:00,497.41499999999996,310,High
14032,2975.59,11,2032,2010-12-08 10:53:00,2011-12-07 15:23:00,270.5081818181818,365,High
15854,2969.12,12,926,2010-12-13 11:47:00,2011-12-05 13:39:00,247.42666666666665,358,High
16497,2965.69,6,1396,2011-01-10 13:20:00,2011-10-21 10:55:00,494.2816666666667,284,High
17924,2962.5,7,1160,2010-12-01 10:51:00,2011-11-28 09:11:00,423.2142857142857,362,High
16686,2959.88,7,1977,2010-12-19 14:41:00,2011-10-23 13:49:00,422.84000000000003,308,High
14868,2953.59,8,1405,2011-04-20 13:36:00,2011-12-06 14:49:00,369.19875,231,High
12916,2944.95,4,1083,2011-01-23 10:43:00,2011-07-24 10:35:00,736.2375,182,High
17444,2940.04,3,2119,2011-06-20 09:04:00,2011-07-15 12:05:00,980.0133333333333,26,High
16316,2938.91,8,1484,2010-12-16 14:26:00,2011-10-06 13:48:00,367.36375,294,High
17512,2924.9900000000002,10,2753,2011-02-11 12:22:00,2011-11-11 12:11:00,292.499,273,High
15606,2920.16,9,892,2011-01-19 12:07:00,2011-10-09 15:47:00,324.4622222222222,264,High
12906,2919.81,5,1749,2011-09-22 15:03:00,2011-11-28 09:55:00,583.962,67,High
14112,2915.15,7,1651,2011-03-09 11:28:00,2011-11-17 12:30:00,416.45,254,High
12438,2906.85,2,1180,2011-07-22 13:29:00,2011-11-25 13:28:00,1453.425,126,High
13451,2898.2599999999998,5,2128,2011-01-09 15:35:00,2011-11-13 15:58:00,579.6519999999999,309,High
17644,2895.64,11,1793,2011-03-24 09:44:00,2011-12-08 13:43:00,263.24,260,High
18144,2888.75,12,1343,2010-12-01 13:45:00,2011-12-02 12:46:00,240.72916666666666,366,High
12408,2888.55,5,1409,2011-03-24 14:46:00,2011-11-07 12:27:00,577.71,228,High
13735,2883.54,4,1128,2011-04-19 13:49:00,2011-11-15 11:14:00,720.885,210,High
16633,2883.1,6,1138,2011-04-19 14:36:00,2011-11-22 13:41:00,480.51666666666665,217,High
14251,2879.7000000000003,5,1674,2011-10-13 12:46:00,2011-12-08 08:32:00,575.94,56,High
17728,2876.01,3,1469,2011-09-14 11:39:00,2011-12-06 08:52:00,958.6700000000001,83,High
14005,2874.72,5,2478,2011-05-08 10:33:00,2011-11-30 12:41:00,574.944,207,High
15628,2870.2400000000002,9,1894,2010-12-08 09:51:00,2011-12-05 10:24:00,318.91555555555556,363,High
13901,2867.2,5,1739,2011-01-25 09:01:00,2011-09-28 14:48:00,573.4399999999999,247,High
12685,2863.08,6,1523,2011-09-07 10:28:00,2011-11-11 13:46:00,477.18,66,High
14530,2862.11,6,1395,2011-02-16 10:47:00,2011-11-14 10:38:00,477.0183333333334,271,High
18145,2861.55,4,2625,2011-01-31 12:10:00,2011-11-27 11:22:00,715.3875,300,High
14535,2854.84,3,1824,2011-04-05 12:50:00,2011-10-10 15:39:00,951.6133333333333,189,High
14711,2839.62,11,966,2011-03-22 13:32:00,2011-11-29 14:58:00,258.1472727272727,253,High
14852,2836.69,6,1747,2011-04-01 13:22:00,2011-10-12 13:20:00,472.7816666666667,194,High
14842,2824.69,4,1166,2011-02-04 15:32:00,2011-10-27 12:37:00,706.1725,265,High
16928,2814.7,17,2092,2010-12-01 15:21:00,2011-09-20 15:10:00,165.5705882352941,293,High
16871,2812.34,6,1253,2011-03-14 10:31:00,2011-11-17 19:27:00,468.72333333333336,249,High
12356,2811.43,3,1591,2011-01-18 09:50:00,2011-11-17 08:40:00,937.1433333333333,303,High
18230,2810.2000000000003,7,1316,2011-02-10 13:06:00,2011-11-30 13:22:00,401.4571428571429,294,High
17596,2806.69,7,4376,2010-12-06 12:34:00,2011-11-16 14:11:00,400.9557142857143,346,High
14572,2804.54,7,1420,2011-01-19 17:23:00,2011-12-06 14:40:00,400.6485714285714,321,High
16081,2799.42,5,1473,2010-12-08 11:16:00,2011-10-14 13:06:00,559.884,311,High
13769,2796.51,10,1163,2010-12-07 13:28:00,2011-12-07 15:08:00,279.651,366,High
14903,2795.33,5,1531,2011-03-06 11:50:00,2011-11-18 16:07:00,559.066,258,High
12578,2794.51,2,1196,2011-01-13 15:34:00,2011-11-18 13:30:00,1397.255,309,High
12758,2791.59,2,2135,2011-03-08 12:05:00,2011-08-15 10:22:00,1395.795,160,High
17739,2791.35,7,861,2010-12-14 14:26:00,2011-11-28 09:12:00,398.7642857142857,349,High
14626,2791.27,4,1403,2011-04-20 13:18:00,2011-11-16 10:37:00,697.8175,210,High
16764,2790.9500000000003,13,1253,2011-07-19 17:17:00,2011-12-06 11:41:00,214.68846153846155,140,High
17213,2781.23,7,1176,2010-12-08 13:03:00,2011-10-30 14:53:00,397.31857142857143,327,High
12388,2780.66,6,1462,2011-01-17 11:12:00,2011-11-24 12:30:00,463.4433333333333,312,High
15984,2780.63,10,1815,2010-12-06 13:21:00,2011-12-07 12:16:00,278.063,366,High
14121,2780.15,4,2082,2011-10-11 10:39:00,2011-12-06 12:19:00,695.0375,57,High
15993,2777.67,7,2037,2011-10-26 16:21:00,2011-12-01 10:45:00,396.81,36,High
13870,2770.94,8,1325,2011-02-25 09:09:00,2011-12-07 13:23:00,346.3675,286,High
15114,2760.56,10,3096,2011-02-11 08:45:00,2011-11-09 15:05:00,276.056,272,High
13971,2758.26,8,1844,2011-02-27 12:27:00,2011-11-21 12:06:00,344.7825,267,High
13230,2755.63,14,1638,2010-12-09 19:28:00,2011-12-05 16:03:00,196.8307142857143,361,High
15321,2748.31,3,1181,2011-02-21 11:10:00,2011-09-30 09:40:00,916.1033333333334,221,High
17084,2747.9900000000002,2,1702,2011-11-04 14:49:00,2011-11-04 14:54:00,1373.9950000000001,1,High
12669,2744.0299999999997,3,1115,2011-03-28 10:15:00,2011-07-12 09:54:00,914.6766666666666,106,High
13174,2742.82,3,1352,2010-12-05 16:24:00,2011-11-23 14:35:00,914.2733333333334,353,High
14854,2740.03,7,1820,2011-03-10 12:22:00,2011-09-22 17:00:00,391.4328571428572,197,High
16003,2735.37,5,1185,2010-12-15 12:09:00,2011-11-10 09:57:00,547.074,330,High
12840,2726.77,4,1511,2011-04-27 12:21:00,2011-07-19 09:29:00,681.6925,83,High
15673,2726.23,4,1451,2011-01-16 16:25:00,2011-09-12 16:12:00,681.5575,239,High
12380,2724.81,4,1127,2011-06-07 09:49:00,2011-11-18 11:27:00,681.2025,165,High
17838,2720.8,5,1831,2010-12-02 15:55:00,2011-11-13 11:20:00,544.1600000000001,346,High
14125,2720.63,3,1628,2011-09-22 15:40:00,2011-11-29 12:47:00,906.8766666666667,68,High
14808,2718.6,8,2120,2011-06-20 12:53:00,2011-10-31 12:21:00,339.825,133,High
15356,2718.03,10,1643,2010-12-06 14:05:00,2011-11-08 13:11:00,271.803,337,High
12708,2712.91,10,1307,2010-12-06 10:43:00,2011-11-10 09:52:00,271.291,339,High
16938,2711.6800000000003,4,2533,2011-02-04 09:34:00,2011-12-01 10:20:00,677.9200000000001,301,High
15696,2711.11,8,1015,2011-01-17 11:24:00,2011-11-06 14:02:00,338.88875,294,High
17069,2709.7000000000003,9,1506,2010-12-01 16:49:00,2011-11-11 17:13:00,301.0777777777778,346,High
13285,2709.12,4,2051,2011-02-22 17:13:00,2011-11-16 13:19:00,677.28,267,High
15796,2708.61,8,860,2011-02-10 15:40:00,2011-12-08 19:55:00,338.57625,302,High
13654,2707.33,6,2182,2011-03-11 12:54:00,2011-10-27 16:24:00,451.22166666666664,231,High
14107,2703.23,7,1793,2010-12-10 13:29:00,2011-10-19 12:12:00,386.17571428571426,313,High
14732,2702.4900000000002,8,1405,2011-01-04 14:40:00,2011-12-01 14:34:00,337.81125000000003,331,High
17386,2686.42,6,1902,2011-06-27 12:11:00,2011-12-02 11:28:00,447.7366666666667,158,High
12625,2683.82,2,1612,2011-01-24 13:27:00,2011-05-12 09:54:00,1341.91,108,High
13883,2674.48,5,1436,2011-03-31 17:17:00,2011-11-29 10:45:00,534.896,243,High
18097,2662.4,6,1662,2010-12-20 14:49:00,2011-12-02 11:16:00,443.73333333333335,347,High
14713,2662.2,11,1613,2010-12-09 18:58:00,2011-11-30 16:26:00,242.0181818181818,356,High
12360,2662.06,3,1165,2011-05-23 09:43:00,2011-10-18 15:22:00,887.3533333333334,149,High
14439,2661.24,1,526,2011-01-24 11:39:00,2011-01-24 11:39:00,2661.24,1,High
15671,2657.13,7,1699,2011-03-14 09:37:00,2011-11-21 12:43:00,379.59000000000003,253,High
12721,2656.13,6,1959,2010-12-20 11:38:00,2011-11-08 12:13:00,442.68833333333333,324,High
13851,2651.46,3,1705,2011-02-24 17:18:00,2011-09-05 12:36:00,883.82,193,High
16618,2647.59,5,1363,2011-01-21 11:55:00,2011-11-08 13:52:00,529.518,292,High
13658,2639.17,5,1019,2011-05-19 17:15:00,2011-11-30 10:13:00,527.8340000000001,195,High
17655,2638.94,7,1116,2010-12-08 16:45:00,2011-11-29 11:34:00,376.99142857142857,356,High
13771,2634.45,4,1477,2011-04-06 15:47:00,2011-10-06 14:18:00,658.6125,183,High
12520,2634.26,5,1439,2011-03-11 11:35:00,2011-09-21 15:23:00,526.8520000000001,195,High
17402,2633.85,13,701,2010-12-05 13:53:00,2011-12-05 10:15:00,202.60384615384615,365,High
18260,2628.35,6,1475,2010-12-16 18:23:00,2011-06-20 12:37:00,438.05833333333334,186,High
15752,2626.6,7,1960,2010-12-02 09:43:00,2011-10-31 11:37:00,375.2285714285714,334,High
13422,2626.3,1,1326,2011-10-06 13:42:00,2011-10-06 13:42:00,2626.3,1,High
13644,2624.26,4,2067,2011-08-26 11:53:00,2011-11-23 14:07:00,656.065,90,High
17346,2622.88,15,1617,2010-12-01 14:34:00,2011-12-06 12:18:00,174.85866666666666,370,High
18210,2621.38,6,1398,2011-03-17 16:58:00,2011-12-08 11:02:00,436.8966666666667,266,High
16255,2619.91,8,1767,2010-12-09 14:25:00,2011-11-23 12:40:00,327.48875,349,High
14262,2618.23,8,1645,2011-04-13 12:23:00,2011-12-01 14:17:00,327.27875,233,High
13021,2616.38,9,1352,2010-12-16 10:12:00,2011-12-05 16:37:00,290.7088888888889,355,High
15782,2614.7400000000002,3,864,2011-09-11 14:29:00,2011-11-30 10:49:00,871.58,80,High
14397,2612.96,19,1890,2011-05-10 12:25:00,2011-12-07 09:22:00,137.52421052631578,211,High
18075,2611.75,10,1464,2010-12-14 10:48:00,2011-11-16 15:21:00,261.175,338,High
12836,2610.36,4,1062,2011-02-01 11:19:00,2011-10-11 15:10:00,652.59,253,High
12726,2609.1,7,3143,2010-12-17 12:56:00,2011-11-11 13:35:00,372.7285714285714,330,High
13136,2607.61,5,1328,2011-05-11 12:47:00,2011-10-14 13:41:00,521.522,157,High
13983,2603.43,12,1183,2010-12-08 10:38:00,2011-11-10 11:06:00,216.9525,338,High
17317,2600.34,3,1146,2011-09-11 12:45:00,2011-10-24 17:19:00,866.7800000000001,44,High
17965,2599.19,14,1532,2010-12-05 15:54:00,2011-11-02 09:31:00,185.65642857142856,332,High
12600,2599.04,10,774,2010-12-03 12:57:00,2011-11-11 10:29:00,259.904,343,High
14408,2599.03,7,1610,2011-03-20 14:41:00,2011-11-29 11:41:00,371.29,254,High
13895,2593.07,4,1365,2011-06-28 10:17:00,2011-11-11 16:57:00,648.2675,137,High
16919,2592.25,11,1403,2010-12-06 12:52:00,2011-07-06 13:35:00,235.6590909090909,213,High
16241,2590.31,13,1443,2010-12-05 11:04:00,2011-11-30 11:08:00,199.2546153846154,361,High
14243,2588.77,10,1221,2010-12-09 08:34:00,2011-12-01 11:12:00,258.877,358,High
13804,2588.39,7,1462,2011-02-23 09:09:00,2011-11-09 12:32:00,369.77,260,High
18077,2584.41,11,1839,2010-12-08 10:21:00,2011-12-01 13:32:00,234.94636363636363,359,High
13911,2580.91,9,2731,2011-02-04 14:46:00,2011-10-13 15:43:00,286.7677777777778,252,High
14546,2573.93,5,1313,2011-04-05 12:37:00,2011-12-04 13:00:00,514.786,244,High
18245,2567.06,7,1788,2010-12-19 14:58:00,2011-12-02 14:48:00,366.72285714285715,348,High
15485,2564.5,3,1281,2010-12-01 13:23:00,2011-11-09 14:31:00,854.8333333333334,344,High
16308,2560.0,4,8000,2011-03-23 14:46:00,2011-11-02 11:24:00,640.0,224,High
15033,2557.18,10,1672,2011-01-14 13:28:00,2011-12-05 12:40:00,255.718,325,High
16912,2555.58,11,1025,2011-01-20 15:42:00,2011-11-11 12:18:00,232.32545454545453,295,High
14334,2552.21,8,1731,2010-12-16 17:37:00,2011-11-23 10:01:00,319.02625,342,High
14676,2548.2400000000002,6,2500,2011-03-01 14:26:00,2011-11-08 13:29:00,424.7066666666667,252,High
14776,2538.3,11,3134,2011-01-31 13:17:00,2011-10-19 15:34:00,230.75454545454548,262,High
17700,2534.64,4,1266,2011-03-03 16:34:00,2011-11-23 11:51:00,633.66,265,High
15572,2533.42,7,1213,2011-03-06 14:44:00,2011-12-05 10:09:00,361.9171428571429,274,High
14659,2529.93,9,1195,2011-01-28 12:43:00,2011-12-01 12:17:00,281.1033333333333,307,High
17314,2527.92,8,1896,2011-01-31 11:25:00,2011-11-15 09:41:00,315.99,288,High
14701,2526.09,9,921,2011-01-27 12:40:00,2011-11-29 12:38:00,280.6766666666667,306,High
13394,2520.02,8,2392,2011-02-03 10:39:00,2011-12-08 11:36:00,315.0025,309,High
17449,2519.21,7,1121,2010-12-15 10:57:00,2011-12-07 16:56:00,359.88714285714286,358,High
15245,2515.84,3,1784,2011-03-23 13:42:00,2011-07-28 18:56:00,838.6133333333333,128,High
13344,2511.69,3,952,2011-03-07 10:28:00,2011-10-03 09:45:00,837.23,210,High
12352,2506.04,8,536,2011-02-16 12:33:00,2011-11-03 14:37:00,313.255,261,High
13695,2504.13,15,1603,2011-03-25 11:31:00,2011-11-08 14:26:00,166.942,229,High
13471,2501.84,4,1583,2011-10-23 13:10:00,2011-12-08 15:44:00,625.46,47,High
15932,2495.87,8,2325,2011-02-23 14:50:00,2011-12-05 17:13:00,311.98375,286,High
16477,2494.46,7,1415,2010-12-03 12:48:00,2011-10-07 09:44:00,356.3514285714286,308,High
15271,2493.34,15,1251,2010-12-09 13:47:00,2011-12-02 14:11:00,166.22266666666667,359,High
12483,2484.98,8,1110,2011-01-04 14:20:00,2011-11-22 17:02:00,310.6225,323,High
12913,2483.63,5,1419,2010-12-06 16:36:00,2011-12-05 12:11:00,496.726,364,High
12517,2481.6,5,1361,2011-06-02 15:13:00,2011-11-11 14:04:00,496.32,162,High
14315,2481.13,6,1021,2011-03-18 12:59:00,2011-10-26 12:06:00,413.5216666666667,222,High
13507,2479.16,4,1597,2011-07-17 11:50:00,2011-12-06 13:13:00,619.79,143,High
13588,2478.95,9,2606,2011-03-29 15:53:00,2011-11-24 10:42:00,275.43888888888887,240,High
17682,2474.33,6,1367,2010-12-06 13:35:00,2011-11-29 15:59:00,412.3883333333333,359,High
17188,2474.23,7,1328,2010-12-12 12:56:00,2011-11-28 13:53:00,353.4614285714286,352,High
14766,2473.37,6,1349,2010-12-08 15:33:00,2011-12-01 16:05:00,412.2283333333333,359,High
16710,2467.99,10,1823,2010-12-06 13:13:00,2011-11-20 14:50:00,246.79899999999998,350,High
17164,2467.35,7,1501,2011-03-11 14:26:00,2011-11-07 09:14:00,352.4785714285714,241,High
12455,2466.86,6,2089,2011-02-16 09:56:00,2011-09-27 15:31:00,411.1433333333334,224,High
17131,2463.17,5,983,2011-09-25 12:42:00,2011-12-04 12:52:00,492.634,71,High
15750,2463.05,8,1783,2010-12-08 10:36:00,2011-12-07 12:34:00,307.88125,365,High
13784,2462.79,11,2493,2011-01-11 14:38:00,2011-11-30 09:33:00,223.89,323,High
13975,2461.2400000000002,6,1697,2011-03-08 12:19:00,2011-11-08 13:19:00,410.2066666666667,246,High
15674,2446.6,5,1275,2011-03-30 09:19:00,2011-09-27 15:17:00,489.32,182,High
14163,2445.91,4,893,2011-04-14 17:33:00,2011-09-13 15:18:00,611.4775,152,High
14502,2429.83,11,1480,2011-01-30 15:52:00,2011-11-20 11:50:00,220.89363636363635,294,High
17071,2429.03,9,1197,2011-02-03 08:18:00,2011-11-11 16:31:00,269.89222222222224,282,High
15527,2428.53,8,991,2010-12-20 14:15:00,2011-11-21 12:17:00,303.56625,336,High
13949,2427.32,6,2474,2011-09-06 11:55:00,2011-12-07 09:35:00,404.55333333333334,92,High
16143,2424.94,6,919,2010-12-05 15:18:00,2011-12-06 14:13:00,404.1566666666667,366,High
17722,2424.04,4,1595,2010-12-08 12:41:00,2011-09-04 15:22:00,606.01,271,High
15089,2420.84,6,1359,2011-08-03 14:14:00,2011-11-29 16:31:00,403.47333333333336,119,High
15373,2415.91,12,500,2010-12-03 14:40:00,2011-12-01 15:05:00,201.32583333333332,364,High
12397,2409.9,2,1263,2011-07-27 14:21:00,2011-11-04 09:52:00,1204.95,100,High
17589,2404.17,4,1631,2011-04-13 13:47:00,2011-10-10 16:58:00,601.0425,181,High
15980,2398.86,3,1560,2011-03-30 15:05:00,2011-09-12 09:41:00,799.62,166,High
18065,2392.83,14,1027,2010-12-10 12:44:00,2011-12-04 10:30:00,170.91642857142855,359,High
13141,2388.75,5,1548,2011-01-28 13:04:00,2011-09-16 09:54:00,477.75,231,High
15370,2386.05,7,830,2011-01-11 11:32:00,2011-10-30 10:58:00,340.86428571428576,292,High
14493,2383.2400000000002,5,1285,2011-07-07 16:59:00,2011-12-02 16:14:00,476.648,148,High
14239,2380.85,11,993,2011-01-27 14:45:00,2011-10-27 14:40:00,216.4409090909091,273,High
15270,2379.49,7,1521,2011-02-02 13:25:00,2011-11-24 09:24:00,339.9271428571428,295,High
13722,2375.41,3,1401,2011-03-02 11:43:00,2011-07-31 12:44:00,791.8033333333333,152,High
17434,2373.82,7,1693,2011-09-15 13:54:00,2011-12-07 13:16:00,339.1171428571429,83,High
13908,2369.55,4,1478,2011-03-08 12:04:00,2011-09-21 11:49:00,592.3875,197,High
17530,2367.12,10,1514,2010-12-09 20:01:00,2011-12-08 18:42:00,236.712,364,High
15755,2364.25,6,1427,2011-02-18 11:53:00,2011-11-29 14:57:00,394.0416666666667,285,High
12457,2363.23,7,843,2011-04-14 18:57:00,2011-10-04 13:13:00,337.6042857142857,173,High
14930,2362.96,3,1160,2011-03-10 14:42:00,2011-08-23 10:31:00,787.6533333333333,166,High
14030,2358.84,8,1478,2010-12-08 16:11:00,2011-11-21 16:48:00,294.855,349,High
17634,2358.59,9,838,2011-01-06 12:45:00,2011-11-03 13:09:00,262.0655555555556,302,High
14440,2357.6800000000003,5,588,2010-12-09 12:49:00,2011-12-01 15:42:00,471.53600000000006,358,High
15140,2354.25,7,1572,2011-03-20 14:37:00,2011-10-18 14:07:00,336.32142857142856,212,High
14309,2352.53,9,1633,2010-12-16 13:05:00,2011-12-01 13:33:00,261.39222222222224,351,High
12704,2340.84,8,1006,2011-06-23 10:20:00,2011-12-02 13:15:00,292.605,163,High
18259,2338.6000000000004,3,714,2010-12-08 13:38:00,2011-11-15 12:34:00,779.5333333333334,342,High
12584,2338.15,9,416,2011-03-04 15:15:00,2011-12-06 09:35:00,259.7944444444445,277,High
18257,2337.63,8,1041,2011-02-16 15:13:00,2011-10-31 14:48:00,292.20375,257,High
15281,2332.15,9,1211,2011-01-10 15:51:00,2011-10-12 09:10:00,259.1277777777778,275,High
12782,2330.92,5,1086,2010-12-17 11:30:00,2011-12-05 09:16:00,466.184,353,High
15785,2328.9700000000003,5,1612,2011-02-17 14:17:00,2011-11-07 11:33:00,465.79400000000004,263,High
17313,2328.84,1,1402,2011-11-08 15:45:00,2011-11-08 15:45:00,2328.84,1,High
17744,2322.4,6,3412,2010-12-16 14:17:00,2011-12-06 12:11:00,387.06666666666666,355,High
17211,2317.2200000000003,8,1323,2010-12-05 12:44:00,2011-11-13 12:03:00,289.65250000000003,343,High
14290,2314.65,5,915,2010-12-13 10:24:00,2011-11-28 14:02:00,462.93,351,High
15365,2314.32,7,1084,2011-01-28 13:08:00,2011-11-14 08:29:00,330.6171428571429,290,High
17954,2314.13,12,2221,2010-12-03 14:18:00,2011-12-04 14:15:00,192.84416666666667,366,High
13704,2308.06,9,1531,2011-09-12 14:40:00,2011-12-04 15:13:00,256.4511111111111,84,High
15288,2306.52,5,775,2010-12-09 13:59:00,2011-10-27 16:58:00,461.304,323,High
16550,2298.97,5,1540,2010-12-06 13:53:00,2011-08-23 11:12:00,459.794,260,High
15105,2298.93,7,1211,2011-07-28 10:09:00,2011-11-21 16:54:00,328.4185714285714,117,High
13115,2294.78,4,1567,2011-06-08 16:15:00,2011-11-28 12:38:00,573.695,173,High
15704,2293.62,4,1028,2011-05-08 12:42:00,2011-07-22 13:35:00,573.405,76,High
12615,2291.19,4,1376,2011-06-24 13:35:00,2011-12-07 15:02:00,572.7975,167,High
17696,2285.71,8,1756,2010-12-10 09:51:00,2011-11-01 13:43:00,285.71375,327,High
12684,2283.63,7,1985,2011-05-10 12:55:00,2011-12-02 09:53:00,326.23285714285714,206,High
14554,2279.4900000000002,4,1443,2011-10-18 13:04:00,2011-11-29 16:44:00,569.8725000000001,43,High
13994,2274.14,6,932,2011-07-14 18:28:00,2011-12-06 11:05:00,379.0233333333333,145,High
13317,2273.68,6,1035,2010-12-16 09:22:00,2011-10-04 13:35:00,378.94666666666666,293,High
14466,2272.4,7,1006,2010-12-02 13:36:00,2011-11-10 14:07:00,324.62857142857143,344,High
16782,2267.9500000000003,13,705,2010-12-09 11:28:00,2011-11-29 13:20:00,174.45769230769233,356,High
16057,2263.12,7,863,2011-02-28 10:35:00,2011-11-23 15:23:00,323.30285714285714,269,High
16209,2262.62,5,1179,2011-04-07 12:23:00,2011-09-12 11:58:00,452.524,158,High
16293,2248.9900000000002,10,982,2010-12-07 15:02:00,2011-11-18 09:58:00,224.89900000000003,346,High
13700,2248.63,10,2281,2011-01-16 13:18:00,2011-11-13 13:00:00,224.863,301,High
17442,2248.56,6,1496,2011-02-22 13:02:00,2011-11-03 09:17:00,374.76,254,High
14432,2248.5,6,2013,2011-09-11 14:09:00,2011-11-30 08:04:00,374.75,80,High
15235,2247.51,12,1324,2010-12-01 17:22:00,2011-05-06 09:44:00,187.29250000000002,156,High
16735,2247.41,5,1532,2011-01-09 12:53:00,2011-09-22 11:49:00,449.48199999999997,256,High
16771,2242.61,5,1487,2011-01-05 13:57:00,2011-11-06 13:28:00,448.52200000000005,305,High
13527,2242.36,7,1683,2011-01-17 11:17:00,2011-11-06 12:04:00,320.33714285714285,294,High
14211,2241.1,9,1242,2011-02-17 15:50:00,2011-10-17 13:23:00,249.0111111111111,242,High
14560,2237.77,22,1260,2010-12-17 09:22:00,2011-12-02 15:22:00,101.71681818181818,351,High
16076,2234.73,10,1435,2011-05-15 12:31:00,2011-12-06 14:59:00,223.473,206,High
18242,2232.4900000000002,4,1017,2011-05-10 11:20:00,2011-09-28 13:43:00,558.1225000000001,142,High
12783,2225.91,6,624,2011-09-25 15:35:00,2011-12-07 15:56:00,370.98499999999996,74,High
13365,2225.37,2,1247,2011-05-06 12:00:00,2011-11-06 12:36:00,1112.685,185,High
15834,2225.15,4,961,2011-03-07 17:52:00,2011-09-30 14:41:00,556.2875,207,High
15665,2222.21,2,1654,2011-04-10 15:09:00,2011-06-24 14:57:00,1111.105,75,High
14825,2221.01,12,989,2010-12-06 12:30:00,2011-12-06 11:38:00,185.08416666666668,365,High
15811,2218.62,6,1071,2010-12-09 15:29:00,2011-11-17 15:31:00,369.77,344,High
12876,2218.02,2,1941,2011-05-27 13:34:00,2011-10-13 12:26:00,1109.01,139,High
14226,2214.79,5,1296,2011-03-15 15:36:00,2011-11-11 11:34:00,442.95799999999997,241,High
16743,2213.13,7,2035,2010-12-16 12:15:00,2011-11-10 13:13:00,316.1614285714286,330,High
15722,2211.21,5,1023,2011-02-22 12:24:00,2011-11-04 11:43:00,442.242,255,High
12653,2209.85,2,919,2011-02-16 10:53:00,2011-07-14 10:41:00,1104.925,148,High
13862,2209.36,8,1688,2011-01-11 15:13:00,2011-11-21 16:24:00,276.17,315,High
15797,2207.4,4,873,2011-01-24 15:47:00,2011-08-18 17:04:00,551.85,207,High
15179,2206.95,5,1938,2011-01-24 13:48:00,2011-11-21 12:53:00,441.39,301,High
17591,2203.67,7,1000,2010-12-07 15:39:00,2011-09-27 13:42:00,314.81,294,High
15123,2199.31,2,1195,2011-05-17 14:57:00,2011-12-02 13:12:00,1099.655,199,High
13831,2198.45,6,743,2010-12-05 12:13:00,2011-11-23 15:41:00,366.4083333333333,354,High
14700,2195.1,3,1314,2011-04-15 13:16:00,2011-11-07 14:40:00,731.6999999999999,207,High
16628,2188.05,5,1205,2011-04-19 08:55:00,2011-11-10 12:45:00,437.61,206,High
17406,2184.42,3,780,2010-12-08 10:35:00,2011-01-10 15:07:00,728.14,34,High
15394,2183.54,4,910,2010-12-16 12:46:00,2011-11-30 11:49:00,545.885,349,High
12909,2178.67,5,1280,2011-03-31 12:51:00,2011-10-31 12:43:00,435.73400000000004,214,High
12856,2170.78,6,1076,2011-10-07 12:38:00,2011-12-02 10:52:00,361.7966666666667,56,High
12501,2169.39,1,1783,2011-01-07 12:28:00,2011-01-07 12:28:00,2169.39,1,High
14341,2166.98,8,1397,2011-01-25 13:55:00,2011-10-25 15:48:00,270.8725,274,High
12633,2163.98,4,1162,2011-02-25 08:44:00,2011-10-12 11:40:00,540.995,230,High
12935,2160.7,7,1853,2011-01-24 13:58:00,2011-12-07 17:25:00,308.6714285714285,318,High
16456,2158.18,5,1147,2010-12-01 14:11:00,2011-09-01 13:50:00,431.63599999999997,274,High
14407,2157.73,6,1415,2011-03-08 11:59:00,2011-08-24 14:02:00,359.62166666666667,170,High
16379,2157.4,4,1410,2011-09-22 09:33:00,2011-12-05 15:38:00,539.35,75,High
13224,2155.95,2,1518,2011-07-11 14:10:00,2011-10-10 14:55:00,1077.975,92,High
16966,2154.97,7,1981,2011-04-13 14:17:00,2011-12-01 13:40:00,307.8528571428571,232,High
17272,2148.63,4,1778,2011-03-22 12:05:00,2011-10-28 16:37:00,537.1575,221,High
14828,2139.76,3,2172,2011-01-07 09:50:00,2011-05-27 10:16:00,713.2533333333334,141,High
12560,2134.01,3,1110,2011-07-19 15:55:00,2011-12-04 13:54:00,711.3366666666667,138,High
13517,2128.42,3,1369,2011-06-13 08:44:00,2011-10-11 11:43:00,709.4733333333334,121,High
18061,2119.41,10,955,2010-12-08 13:03:00,2011-11-18 11:20:00,211.94099999999997,345,High
13632,2118.93,5,1031,2011-04-10 15:07:00,2011-11-15 10:51:00,423.78599999999994,219,High
14360,2118.03,4,1139,2011-09-06 11:58:00,2011-11-08 09:12:00,529.5075,63,High
18008,2116.19,9,1581,2011-01-25 12:26:00,2011-09-30 15:17:00,235.13222222222223,249,High
14691,2114.33,5,707,2011-05-11 09:55:00,2011-11-09 12:30:00,422.866,183,High
13755,2108.06,9,1242,2011-10-07 15:45:00,2011-12-06 12:26:00,234.2288888888889,60,High
14640,2107.38,6,880,2011-04-26 12:31:00,2011-11-15 13:07:00,351.23,204,High
18173,2106.84,4,1220,2011-03-10 11:56:00,2011-09-14 11:26:00,526.71,188,High
18093,2106.52,4,1392,2011-02-10 12:15:00,2011-09-07 15:43:00,526.63,210,High
14461,2103.06,3,766,2011-03-23 12:15:00,2011-07-14 17:11:00,701.02,114,High
15058,2102.54,11,1054,2011-01-31 15:35:00,2011-11-14 14:57:00,191.14,287,High
15815,2100.6,5,1856,2011-03-25 08:43:00,2011-10-07 12:42:00,420.12,197,High
13126,2099.64,8,2143,2010-12-08 11:42:00,2011-12-05 10:00:00,262.455,362,High
12610,2099.54,5,1049,2011-08-05 13:52:00,2011-11-17 09:34:00,419.908,104,High
17861,2097.88,8,1985,2011-01-24 11:34:00,2011-12-06 16:21:00,262.235,317,High
17400,2097.84,5,1088,2010-12-21 17:16:00,2011-08-05 15:38:00,419.56800000000004,227,High
16875,2095.53,5,1069,2011-01-04 10:37:00,2011-10-03 13:39:00,419.10600000000005,273,High
17191,2093.68,7,1166,2010-12-06 14:36:00,2011-11-11 16:58:00,299.09714285714284,341,High
14306,2093.32,2,1075,2011-09-15 10:31:00,2011-10-19 13:23:00,1046.66,35,High
13265,2092.66,5,1740,2011-03-11 09:54:00,2011-10-17 15:02:00,418.532,221,High
17490,2092.32,7,1134,2011-06-16 09:15:00,2011-12-09 09:08:00,298.90285714285716,176,High
13297,2089.85,4,963,2011-10-03 15:08:00,2011-12-02 09:32:00,522.4625,60,High
13571,2088.94,12,1757,2011-03-31 12:43:00,2011-11-27 10:47:00,174.07833333333335,241,High
18044,2088.6,10,1033,2010-12-14 12:25:00,2011-12-05 14:26:00,208.85999999999999,357,High
14810,2085.33,11,1015,2010-12-05 12:08:00,2011-10-30 11:19:00,189.57545454545453,329,High
16954,2085.08,9,1054,2010-12-15 10:41:00,2011-12-09 09:46:00,231.67555555555555,359,High
17768,2081.9,3,1122,2011-06-26 13:46:00,2011-12-01 13:22:00,693.9666666666667,158,High
16407,2079.68,10,1093,2011-01-31 14:02:00,2011-11-27 11:05:00,207.968,300,High
14696,2078.95,7,1630,2010-12-01 15:37:00,2011-12-05 13:43:00,296.99285714285713,369,High
14515,2076.89,6,1110,2011-05-05 12:13:00,2011-11-22 11:37:00,346.1483333333333,201,High
14209,2073.43,6,691,2011-01-11 12:56:00,2011-11-29 10:18:00,345.57166666666666,322,High
18241,2073.09,17,1051,2011-05-06 09:22:00,2011-11-30 12:10:00,121.9464705882353,209,High
18231,2071.77,5,819,2011-02-24 09:08:00,2011-05-31 14:18:00,414.354,97,High
18219,2069.77,10,885,2010-12-06 10:05:00,2011-12-07 11:43:00,206.977,367,High
12948,2064.95,7,1080,2011-03-20 10:17:00,2011-11-23 17:10:00,294.99285714285713,249,High
12928,2062.7000000000003,5,1472,2010-12-15 15:45:00,2011-11-04 14:24:00,412.5400000000001,324,High
16281,2062.06,1,934,2011-09-28 14:57:00,2011-09-28 14:57:00,2062.06,1,High
14409,2059.4500000000003,6,1230,2010-12-06 15:03:00,2011-09-29 18:18:00,343.24166666666673,298,High
12518,2056.89,5,1318,2011-08-21 13:18:00,2011-12-09 10:13:00,411.378,110,High
17667,2055.51,5,1033,2011-02-14 09:24:00,2011-10-04 14:32:00,411.10200000000003,233,High
14188,2054.36,6,1162,2011-02-02 13:46:00,2011-11-09 12:45:00,342.3933333333334,280,High
16150,2053.02,5,1047,2010-12-02 18:27:00,2011-10-28 12:39:00,410.604,330,High
17086,2050.08,6,1859,2011-10-07 11:22:00,2011-12-02 13:54:00,341.68,57,High
17612,2048.45,6,1808,2011-02-15 10:40:00,2011-10-17 14:59:00,341.4083333333333,245,High
14232,2048.07,5,1941,2011-03-20 12:44:00,2011-10-28 11:09:00,409.61400000000003,222,High
18283,2045.53,16,1357,2011-01-06 14:14:00,2011-12-06 12:02:00,127.845625,334,High
13495,2044.8700000000001,5,829,2010-12-06 15:14:00,2011-12-02 11:21:00,408.97400000000005,361,High
17597,2044.3700000000001,1,1176,2011-05-10 11:54:00,2011-05-10 11:54:00,2044.3700000000001,1,High
13450,2043.7199999999998,6,1982,2011-05-05 19:48:00,2011-11-13 11:54:00,340.61999999999995,192,High
14001,2043.0800000000002,3,962,2010-12-01 12:58:00,2011-10-25 10:31:00,681.0266666666668,328,High
12585,2040.1,2,1279,2010-12-23 12:58:00,2011-04-19 13:39:00,1020.05,118,High
17846,2033.1,1,1,2011-09-15 15:20:00,2011-09-15 15:20:00,2033.1,1,High
13630,2031.78,7,1391,2011-02-27 12:49:00,2011-12-04 15:16:00,290.2542857142857,281,High
16358,2027.5,4,1302,2011-06-08 15:05:00,2011-12-08 15:09:00,506.875,184,High
16409,2022.98,5,1304,2011-01-26 14:51:00,2011-11-03 16:45:00,404.596,282,High
14482,2022.81,6,1627,2011-04-14 16:41:00,2011-11-21 13:14:00,337.135,221,High
15341,2020.52,1,812,2011-09-20 09:40:00,2011-09-20 09:40:00,2020.52,1,High
17625,2020.4,4,1180,2011-03-27 12:21:00,2011-11-21 13:36:00,505.1,240,High
13593,2011.88,5,719,2011-01-07 16:32:00,2011-08-23 13:35:00,402.37600000000003,228,High
18069,2009.24,5,1296,2011-01-16 15:50:00,2011-11-13 16:03:00,401.848,302,High
15372,2007.3999999999999,1,2924,2011-07-25 16:39:00,2011-07-25 16:39:00,2007.3999999999999,1,High
16098,2005.63,7,613,2010-12-01 09:45:00,2011-09-13 09:59:00,286.5185714285714,287,High
14217,2004.98,17,689,2010-12-08 13:28:00,2011-12-08 11:53:00,117.94,365,High
14544,2004.3,2,1536,2010-12-13 12:50:00,2011-11-15 15:06:00,1002.15,338,High
17082,2003.85,2,1049,2011-01-25 14:36:00,2011-11-06 15:17:00,1001.925,286,High
16754,2002.4,1,4280,2010-12-02 17:38:00,2010-12-02 17:38:00,2002.4,1,High
18188,2001.04,3,1168,2011-02-22 14:43:00,2011-11-24 16:46:00,667.0133333333333,276,High
13305,2000.86,10,1232,2010-12-02 12:10:00,2011-12-05 15:15:00,200.08599999999998,369,High
16698,1998.0,2,840,2011-03-31 13:33:00,2011-04-27 10:52:00,999.0,27,High
17679,1992.1100000000001,2,729,2011-09-15 10:35:00,2011-10-18 07:43:00,996.0550000000001,33,High
17088,1991.01,4,868,2011-03-31 09:48:00,2011-11-11 14:23:00,497.7525,226,High
17827,1987.33,5,1240,2010-12-10 10:18:00,2011-12-04 15:00:00,397.466,360,High
13590,1981.92,6,1848,2011-02-09 13:25:00,2011-11-28 12:54:00,330.32,292,High
17337,1981.06,4,1247,2011-02-02 17:06:00,2011-07-11 14:55:00,495.265,159,High
14462,1980.57,11,956,2011-01-04 12:45:00,2011-10-04 15:55:00,180.05181818181816,274,High
13725,1980.56,8,806,2011-02-04 12:18:00,2011-10-21 10:03:00,247.57,259,High
17422,1979.37,6,2253,2011-02-16 14:44:00,2011-11-23 13:27:00,329.895,280,High
18204,1975.35,3,1190,2011-05-31 15:26:00,2011-09-29 16:44:00,658.4499999999999,122,High
17090,1974.65,7,903,2010-12-20 13:52:00,2011-12-05 13:44:00,282.09285714285716,350,High
15531,1972.39,2,1085,2011-11-09 17:47:00,2011-12-01 18:43:00,986.195,23,High
16341,1971.87,4,1398,2011-05-22 13:20:00,2011-11-15 09:12:00,492.9675,177,High
12674,1970.6,4,1133,2011-05-16 09:10:00,2011-11-01 12:12:00,492.65,170,High
17790,1964.3,14,835,2010-12-10 10:47:00,2011-11-13 11:30:00,140.30714285714285,339,High
17997,1962.46,8,2273,2011-06-28 17:28:00,2011-09-26 16:13:00,245.3075,90,High
13246,1961.52,6,1587,2011-01-13 13:36:00,2011-11-21 16:50:00,326.92,313,High
14506,1960.65,5,704,2010-12-05 14:25:00,2011-11-22 13:02:00,392.13,352,High
14498,1957.32,5,1098,2010-12-13 11:29:00,2011-10-28 12:09:00,391.464,320,High
12853,1957.1000000000001,6,800,2011-01-28 10:28:00,2011-07-28 11:29:00,326.18333333333334,182,High
15493,1953.41,5,551,2011-03-14 11:44:00,2011-11-07 12:04:00,390.682,239,High
17554,1952.45,5,1763,2011-07-14 20:01:00,2011-12-08 14:15:00,390.49,147,High
17218,1951.97,10,955,2010-12-06 15:25:00,2011-12-05 13:52:00,195.197,364,High
14533,1949.72,7,4019,2010-12-22 11:07:00,2011-11-15 12:05:00,278.5314285714286,329,High
15814,1945.33,4,1271,2011-10-20 09:04:00,2011-11-23 08:17:00,486.3325,34,High
14418,1937.25,3,1711,2011-08-23 17:18:00,2011-12-06 11:39:00,645.75,105,High
15864,1936.3200000000002,6,1192,2011-01-27 16:43:00,2011-11-17 13:32:00,322.72,294,High
15157,1936.07,3,2392,2010-12-16 13:44:00,2011-12-06 11:28:00,645.3566666666667,355,High
15351,1934.66,7,742,2010-12-05 11:49:00,2011-11-27 12:52:00,276.38,358,High
12528,1933.48,6,756,2011-01-31 09:05:00,2011-11-30 14:40:00,322.24666666666667,304,High
14655,1932.23,4,1089,2011-05-01 14:59:00,2011-12-01 16:28:00,483.0575,215,High
13094,1927.3200000000002,12,1716,2010-12-06 10:34:00,2011-11-18 14:07:00,160.61,348,High
14653,1926.65,7,945,2011-01-05 13:40:00,2011-12-08 13:45:00,275.2357142857143,338,High
15518,1921.55,8,1263,2011-01-11 12:55:00,2011-10-06 13:05:00,240.19375,269,High
14978,1921.3700000000001,5,523,2011-01-13 12:03:00,2011-09-28 13:07:00,384.274,259,High
14285,1910.01,4,541,2011-06-16 12:36:00,2011-11-18 14:50:00,477.5025,156,High
17228,1906.09,8,1532,2010-12-02 16:00:00,2011-11-24 10:24:00,238.26125,357,High
16983,1905.87,7,1335,2010-12-05 12:34:00,2011-11-27 12:10:00,272.26714285714286,357,High
14210,1905.8400000000001,6,760,2010-12-03 12:43:00,2011-08-26 12:36:00,317.64000000000004,266,High
15819,1905.45,4,1357,2011-03-08 09:45:00,2011-10-21 14:50:00,476.3625,228,High
16942,1904.99,9,805,2011-04-26 11:59:00,2011-11-27 12:40:00,211.66555555555556,216,High
14250,1904.05,3,1200,2011-09-11 13:44:00,2011-12-02 14:30:00,634.6833333333333,83,High
12762,1898.52,2,1227,2011-11-14 14:23:00,2011-12-02 10:23:00,949.26,18,High
14730,1897.57,8,1078,2011-03-08 12:49:00,2011-12-08 14:39:00,237.19625,276,High
14934,1890.94,2,1042,2011-03-02 11:48:00,2011-09-19 10:10:00,945.47,201,High
12371,1887.96,2,591,2011-10-11 10:43:00,2011-10-26 10:16:00,943.98,15,High
15641,1887.2,4,1562,2010-12-15 14:45:00,2011-08-26 14:04:00,471.8,254,High
16170,1885.05,6,1770,2011-04-05 13:42:00,2011-10-20 08:21:00,314.175,198,High
13890,1883.8100000000002,10,831,2010-12-16 09:31:00,2011-12-08 15:36:00,188.38100000000003,358,High
16128,1880.22,5,988,2011-03-02 12:21:00,2011-11-22 11:14:00,376.044,265,High
17738,1879.05,4,1029,2011-03-02 16:26:00,2011-11-20 15:05:00,469.7625,263,High
17368,1878.87,8,1377,2011-01-06 11:57:00,2011-11-16 15:26:00,234.85875,315,High
15367,1877.59,4,1057,2011-03-09 13:53:00,2011-10-13 14:13:00,469.3975,219,High
17463,1875.86,5,1086,2011-01-30 15:48:00,2011-11-23 13:40:00,375.17199999999997,297,High
16986,1873.2,2,1040,2011-11-09 15:52:00,2011-11-10 11:55:00,936.6,1,High
13982,1871.81,4,1136,2010-12-09 13:57:00,2011-10-31 16:24:00,467.9525,327,High
15021,1871.77,9,819,2010-12-08 12:17:00,2011-12-01 11:53:00,207.97444444444443,358,High
17469,1870.97,5,787,2011-05-19 08:55:00,2011-11-23 13:15:00,374.194,189,High
16841,1869.82,6,2250,2011-02-25 12:40:00,2011-11-03 11:51:00,311.63666666666666,251,High
17870,1865.89,12,1351,2010-12-08 08:12:00,2011-12-07 15:07:00,155.49083333333334,365,High
16426,1863.76,10,1215,2011-03-08 15:45:00,2011-12-07 14:01:00,186.376,274,High
16201,1863.47,4,1286,2011-08-22 10:47:00,2011-12-06 16:02:00,465.8675,107,High
14887,1862.0,1,1100,2011-09-21 15:32:00,2011-09-21 15:32:00,1862.0,1,High
12423,1859.31,8,1339,2010-12-21 10:54:00,2011-12-09 10:10:00,232.41375,353,High
14305,1858.96,3,1089,2011-07-27 14:14:00,2011-09-29 15:29:00,619.6533333333333,65,High
12963,1856.63,8,881,2010-12-09 09:14:00,2011-12-01 12:55:00,232.07875,358,High
17293,1854.06,9,1135,2010-12-13 14:55:00,2011-12-01 14:37:00,206.00666666666666,353,High
14472,1852.67,8,1135,2010-12-19 14:03:00,2011-08-28 11:01:00,231.58375,252,High
16979,1852.0,6,865,2011-02-15 09:20:00,2011-12-06 12:21:00,308.6666666666667,295,High
12383,1850.56,5,1532,2010-12-22 14:28:00,2011-06-08 08:02:00,370.11199999999997,168,High
17873,1848.96,5,1035,2010-12-01 14:54:00,2011-09-20 16:41:00,369.79200000000003,294,High
12381,1845.31,5,808,2011-08-12 09:57:00,2011-12-05 12:44:00,369.062,116,High
17519,1844.02,6,1236,2010-12-06 15:18:00,2011-11-22 16:43:00,307.33666666666664,352,High
14524,1843.83,9,669,2010-12-14 11:01:00,2011-11-08 12:29:00,204.87,330,High
18180,1843.75,6,1721,2011-07-20 08:59:00,2011-12-05 08:39:00,307.2916666666667,138,High
12950,1843.0,3,1380,2011-11-15 13:48:00,2011-12-07 13:17:00,614.3333333333334,22,High
16102,1842.14,3,942,2011-08-03 12:50:00,2011-10-28 13:19:00,614.0466666666667,87,High
16455,1841.18,7,988,2010-12-03 16:44:00,2011-10-07 12:17:00,263.0257142857143,308,High
14113,1840.42,4,745,2010-12-20 12:14:00,2011-12-06 12:18:00,460.105,352,High
14216,1839.3,4,594,2011-11-02 10:51:00,2011-12-06 14:56:00,459.825,35,High
13924,1838.8500000000001,6,1575,2011-09-28 15:07:00,2011-12-08 09:39:00,306.475,71,High
17015,1838.6100000000001,3,1978,2011-06-07 13:19:00,2011-11-11 10:45:00,612.87,157,High
14459,1837.92,1,760,2011-07-07 13:35:00,2011-07-07 13:35:00,1837.92,1,High
18287,1837.28,3,1586,2011-05-22 10:39:00,2011-10-28 09:29:00,612.4266666666666,159,High
13650,1836.34,6,922,2011-03-17 12:37:00,2011-11-23 12:22:00,306.0566666666667,251,High
15827,1836.0900000000001,14,882,2010-12-02 13:06:00,2011-09-27 15:35:00,131.14928571428572,300,High
14665,1835.7,5,740,2011-02-02 09:08:00,2011-10-10 09:14:00,367.14,251,High
13421,1833.71,2,1128,2011-02-22 15:46:00,2011-10-30 14:21:00,916.855,250,High
16152,1829.04,1,642,2011-03-16 09:47:00,2011-03-16 09:47:00,1829.04,1,High
15203,1827.8,6,1753,2011-02-01 12:29:00,2011-11-14 08:16:00,304.6333333333333,286,High
17702,1824.37,4,1353,2011-05-17 16:23:00,2011-11-09 16:03:00,456.0925,176,High
16153,1824.23,5,1073,2010-12-20 09:22:00,2011-10-21 10:50:00,364.846,306,High
17705,1823.52,9,963,2011-02-11 10:57:00,2011-12-06 13:45:00,202.61333333333334,299,High
16169,1822.97,4,1325,2011-09-25 11:33:00,2011-12-01 15:28:00,455.7425,68,High
17828,1820.09,4,667,2011-06-08 08:31:00,2011-11-17 08:41:00,455.0225,163,High
13048,1819.41,4,1228,2011-01-16 14:36:00,2011-11-25 13:23:00,454.8525,313,High
17787,1817.54,4,896,2010-12-03 13:43:00,2011-07-10 11:24:00,454.385,219,High
17629,1814.12,8,1629,2010-12-15 09:58:00,2011-12-04 10:56:00,226.765,355,High
15260,1810.77,7,885,2010-12-02 12:09:00,2011-08-31 13:55:00,258.68142857142857,273,High
16474,1810.65,7,909,2011-07-17 14:51:00,2011-12-02 13:02:00,258.6642857142857,138,High
13481,1804.56,5,1142,2011-03-28 09:07:00,2011-10-25 09:07:00,360.912,212,High
17663,1802.91,7,797,2011-02-25 14:11:00,2011-11-14 08:56:00,257.55857142857144,262,High
15812,1801.14,5,922,2011-01-26 12:12:00,2011-08-24 14:19:00,360.228,211,High
16249,1800.07,5,950,2011-04-14 13:50:00,2011-10-18 10:07:00,360.014,187,High
13562,1799.33,3,757,2011-04-08 12:42:00,2011-09-19 10:51:00,599.7766666666666,164,High
13196,1797.78,4,1224,2011-03-22 14:24:00,2011-11-28 13:54:00,449.445,251,High
17648,1797.5,4,487,2011-04-04 10:29:00,2011-10-10 09:41:00,449.375,189,High
12348,1797.24,4,2341,2010-12-16 19:09:00,2011-09-25 13:13:00,449.31,283,High
18235,1796.48,3,1578,2011-05-06 13:35:00,2011-09-29 08:27:00,598.8266666666667,146,High
13134,1793.58,4,1059,2011-04-13 12:57:00,2011-09-15 10:35:00,448.395,155,High
18179,1793.17,6,1360,2011-01-07 14:22:00,2011-11-30 16:23:00,298.8616666666667,328,High
18122,1793.06,6,1225,2011-07-12 11:37:00,2011-12-01 13:08:00,298.8433333333333,143,High
13510,1791.56,4,1386,2011-06-09 09:32:00,2011-12-08 13:46:00,447.89,183,High
12523,1789.77,11,865,2011-01-12 09:43:00,2011-11-20 12:55:00,162.70636363636365,313,High
14215,1789.72,6,1358,2010-12-06 15:34:00,2011-11-28 12:19:00,298.2866666666667,357,High
14621,1788.3600000000001,5,993,2010-12-16 13:00:00,2011-12-08 16:22:00,357.672,358,High
13875,1786.79,5,1316,2011-02-11 15:39:00,2011-10-17 09:36:00,357.358,248,High
14608,1785.15,4,437,2010-12-12 14:49:00,2011-12-05 16:52:00,446.2875,359,High
14935,1784.71,1,935,2011-02-15 14:44:00,2011-02-15 14:44:00,1784.71,1,High
15220,1778.96,6,1393,2011-03-04 10:24:00,2011-10-19 12:39:00,296.49333333333334,230,High
12645,1775.18,4,1084,2011-01-27 13:08:00,2011-11-06 12:38:00,443.795,283,High
17092,1774.03,4,1130,2011-03-07 14:51:00,2011-10-20 19:51:00,443.5075,228,High
15594,1771.78,5,983,2011-04-19 10:08:00,2011-11-24 08:53:00,354.356,219,High
15473,1771.2,7,672,2011-10-10 11:12:00,2011-11-25 15:15:00,253.02857142857144,47,High
16681,1770.34,6,1407,2011-03-31 13:46:00,2011-09-28 11:11:00,295.0566666666667,181,High
16719,1770.22,7,1175,2010-12-06 12:06:00,2011-11-25 09:27:00,252.88857142857142,354,High
13456,1766.72,6,765,2011-05-16 15:34:00,2011-11-22 09:18:00,294.4533333333333,190,High
16751,1764.72,1,1031,2011-11-09 10:48:00,2011-11-09 10:48:00,1764.72,1,High
12424,1760.96,2,740,2011-06-30 12:06:00,2011-06-30 12:06:00,880.48,1,High
12823,1759.5,5,230,2011-02-16 12:15:00,2011-09-26 07:35:00,351.9,222,High
12349,1757.55,1,631,2011-11-21 09:51:00,2011-11-21 09:51:00,1757.55,1,High
15241,1756.44,8,1818,2011-03-01 11:02:00,2011-10-04 09:05:00,219.555,217,High
16359,1750.92,9,1183,2011-01-12 10:49:00,2011-12-02 17:04:00,194.54666666666668,325,High
13808,1747.66,5,782,2011-09-04 12:07:00,2011-12-04 12:18:00,349.53200000000004,92,High
15067,1744.76,3,954,2011-03-02 12:10:00,2011-09-22 13:20:00,581.5866666666667,205,High
15950,1744.71,4,719,2010-12-15 11:56:00,2011-11-08 11:09:00,436.1775,328,High
16380,1743.1499999999999,1,1428,2011-10-09 15:40:00,2011-10-09 15:40:00,1743.1499999999999,1,High
13157,1741.22,4,1439,2011-02-14 14:03:00,2011-10-21 13:50:00,435.305,249,High
14595,1740.6,6,978,2011-01-30 13:36:00,2011-11-20 12:12:00,290.09999999999997,294,High
17930,1740.48,5,1594,2011-04-14 15:46:00,2011-11-04 10:23:00,348.096,204,High
17353,1740.0,2,1200,2011-07-08 16:17:00,2011-08-02 17:19:00,870.0,26,High
17457,1737.7,5,826,2011-01-04 14:33:00,2011-08-05 12:48:00,347.54,213,High
15050,1737.69,3,1216,2011-09-29 13:22:00,2011-11-14 16:17:00,579.23,47,High
14673,1736.4,5,1004,2010-12-07 12:49:00,2011-12-06 14:31:00,347.28000000000003,365,High
17043,1735.18,4,998,2011-03-18 14:53:00,2011-11-07 15:33:00,433.795,235,High
14387,1727.6,3,795,2011-08-22 14:13:00,2011-11-07 12:29:00,575.8666666666667,77,High
13564,1724.67,3,636,2010-12-06 17:26:00,2011-07-18 14:33:00,574.89,224,High
17451,1721.4,7,1203,2011-08-26 11:54:00,2011-12-08 15:02:00,245.91428571428574,105,High
14834,1720.3,6,734,2011-04-13 15:00:00,2011-11-22 10:30:00,286.71666666666664,223,High
15267,1717.36,5,944,2011-06-10 10:24:00,2011-11-17 15:59:00,343.472,161,High
17162,1715.46,10,1001,2011-02-07 12:27:00,2011-11-11 11:34:00,171.546,277,High
13763,1714.96,1,728,2011-10-07 15:13:00,2011-10-07 15:13:00,1714.96,1,High
17147,1714.59,4,882,2011-02-01 09:36:00,2011-11-17 12:32:00,428.6475,290,High
14441,1712.89,4,446,2011-03-29 12:01:00,2011-12-09 09:07:00,428.2225,255,High
17750,1710.45,9,3747,2011-06-28 15:44:00,2011-12-04 14:09:00,190.05,159,High
12405,1710.39,1,857,2011-07-14 08:52:00,2011-07-14 08:52:00,1710.39,1,High
15947,1708.24,1,898,2011-09-18 10:46:00,2011-09-18 10:46:00,1708.24,1,High
12407,1708.1200000000001,5,1416,2011-03-20 13:21:00,2011-10-21 10:11:00,341.624,215,High
16902,1706.88,1,629,2011-08-15 14:17:00,2011-08-15 14:17:00,1706.88,1,High
15240,1706.57,5,1369,2011-02-01 08:23:00,2011-10-26 09:50:00,341.31399999999996,268,High
16398,1705.8,2,758,2011-03-31 09:38:00,2011-07-08 15:16:00,852.9,100,High
16791,1705.78,7,757,2011-01-11 15:42:00,2011-11-10 19:12:00,243.68285714285713,304,High
12843,1702.26,8,781,2011-03-20 14:38:00,2011-10-05 12:09:00,212.7825,199,High
17193,1699.3000000000002,7,1254,2011-06-16 10:04:00,2011-11-04 12:47:00,242.7571428571429,142,High
13824,1698.94,5,768,2011-02-02 13:07:00,2011-11-07 12:41:00,339.788,278,High
17813,1698.07,5,752,2011-09-29 15:57:00,2011-11-25 16:13:00,339.614,58,High
12764,1693.88,1,386,2011-01-27 10:19:00,2011-01-27 10:19:00,1693.88,1,High
16007,1693.81,4,1388,2011-05-08 13:32:00,2011-10-23 11:05:00,423.4525,168,High
14245,1693.45,2,976,2011-03-21 10:41:00,2011-05-04 08:40:00,846.725,44,High
16671,1692.27,3,875,2011-06-28 11:20:00,2011-11-11 13:40:00,564.09,137,High
16775,1691.51,11,439,2010-12-07 15:15:00,2011-11-29 15:22:00,153.77363636363637,358,High
15380,1690.2600000000002,5,376,2010-12-09 15:01:00,2011-12-01 12:13:00,338.052,357,High
17152,1689.5,3,517,2011-03-21 16:20:00,2011-05-29 12:19:00,563.1666666666666,69,High
12635,1689.18,2,1172,2011-07-08 08:43:00,2011-09-11 11:04:00,844.59,66,High
13162,1688.29,4,1713,2011-01-09 10:43:00,2011-08-09 15:59:00,422.0725,213,High
13577,1687.6000000000001,4,791,2011-04-12 10:33:00,2011-11-14 15:19:00,421.90000000000003,217,High
17282,1685.46,3,1866,2011-02-13 11:36:00,2011-08-01 14:29:00,561.82,170,High
15549,1681.46,3,694,2011-01-27 15:38:00,2011-09-23 16:22:00,560.4866666666667,240,High
16638,1680.72,10,1255,2010-12-06 10:19:00,2011-11-17 11:09:00,168.072,347,High
13149,1676.06,4,1280,2011-02-23 13:57:00,2011-11-25 13:09:00,419.015,275,High
17656,1674.69,5,1399,2011-08-03 10:45:00,2011-09-27 13:04:00,334.938,56,High
13184,1668.95,10,1662,2011-02-22 17:25:00,2011-11-25 12:02:00,166.895,276,High
17754,1664.65,5,1816,2011-03-24 13:54:00,2011-12-09 11:20:00,332.93,260,High
12912,1662.3,5,670,2011-10-30 11:35:00,2011-12-07 08:55:00,332.46,38,High
12530,1662.28,4,913,2011-01-07 10:04:00,2011-10-11 12:34:00,415.57,278,High
15214,1661.44,8,1254,2011-04-11 09:46:00,2011-12-08 12:07:00,207.68,242,High
15332,1661.06,4,652,2010-12-05 12:00:00,2010-12-08 14:43:00,415.265,4,High
12967,1660.9,2,438,2010-12-03 09:49:00,2010-12-16 19:10:00,830.45,14,High
16115,1660.8799999999999,8,994,2011-02-20 12:14:00,2011-11-30 11:32:00,207.60999999999999,283,High
14045,1659.75,4,535,2010-12-01 11:32:00,2011-08-22 15:27:00,414.9375,265,High
15953,1657.28,8,891,2010-12-05 15:15:00,2011-11-24 15:32:00,207.16,355,High
15826,1654.31,3,963,2011-05-13 10:44:00,2011-10-14 16:05:00,551.4366666666666,155,High
16813,1652.18,10,1501,2011-05-19 13:28:00,2011-12-01 14:03:00,165.21800000000002,197,High
16711,1651.03,5,833,2010-12-17 12:43:00,2011-12-06 16:32:00,330.206,355,High
14837,1649.5,4,1436,2011-05-22 12:49:00,2011-09-11 10:58:00,412.375,112,High
13647,1648.1200000000001,4,887,2011-04-19 09:49:00,2011-11-30 12:00:00,412.03000000000003,226,High
17284,1647.48,6,1362,2011-01-07 14:31:00,2011-10-10 14:38:00,274.58,277,High
13750,1647.26,5,516,2011-01-07 11:49:00,2011-10-17 12:16:00,329.452,284,High
13012,1646.8400000000001,8,820,2011-02-18 09:43:00,2011-11-30 13:05:00,205.85500000000002,286,High
12657,1643.18,4,1044,2011-09-22 11:40:00,2011-11-28 15:47:00,410.795,68,High
15002,1641.76,4,862,2010-12-07 13:16:00,2011-08-16 10:44:00,410.44,252,High
14573,1639.82,9,534,2010-12-02 19:59:00,2011-06-13 11:15:00,182.20222222222222,193,High
13627,1638.47,5,1269,2010-12-17 09:52:00,2011-10-11 14:20:00,327.694,299,High
15024,1636.43,10,902,2010-12-07 13:20:00,2011-11-30 12:06:00,163.643,358,High
12398,1635.6599999999999,1,1394,2011-10-25 10:27:00,2011-10-25 10:27:00,1635.6599999999999,1,High
15122,1633.78,3,800,2011-02-15 09:59:00,2011-08-17 16:48:00,544.5933333333334,184,High
14164,1631.77,2,1033,2011-09-20 12:18:00,2011-09-30 12:24:00,815.885,11,High
12377,1628.12,2,944,2010-12-20 09:37:00,2011-01-28 15:45:00,814.06,40,High
14759,1625.97,3,569,2011-04-21 10:55:00,2011-12-05 12:03:00,541.99,229,High
13425,1624.21,3,1123,2011-02-18 08:34:00,2011-08-23 17:13:00,541.4033333333333,187,High
16515,1624.14,5,826,2011-02-01 13:09:00,2011-10-18 13:10:00,324.82800000000003,260,High
15172,1624.05,5,1611,2011-04-17 11:56:00,2011-12-01 11:51:00,324.81,228,High
14937,1621.88,3,484,2011-08-01 14:16:00,2011-10-14 12:29:00,540.6266666666667,74,High
17101,1621.73,4,815,2011-06-14 14:49:00,2011-11-29 13:57:00,405.4325,168,High
18161,1618.69,5,812,2011-01-24 11:56:00,2011-11-24 16:40:00,323.738,305,High
16987,1616.8,7,401,2011-05-18 15:55:00,2011-12-06 17:26:00,230.97142857142856,203,High
14336,1614.91,4,1759,2011-03-08 16:48:00,2011-11-23 11:40:00,403.7275,260,High
16992,1614.31,5,860,2011-02-28 10:37:00,2011-11-29 11:50:00,322.86199999999997,275,High
15791,1612.69,2,731,2011-05-19 15:15:00,2011-10-27 10:14:00,806.345,161,High
14312,1611.59,6,1012,2011-01-06 16:35:00,2011-10-24 09:46:00,268.5983333333333,291,High
14918,1610.15,2,675,2011-07-08 12:50:00,2011-08-16 11:50:00,805.075,39,High
12868,1607.0600000000002,6,928,2010-12-01 12:50:00,2011-06-07 10:42:00,267.84333333333336,188,High
16817,1604.75,9,822,2010-12-06 14:19:00,2011-12-07 11:03:00,178.30555555555554,366,High
12947,1603.99,6,1165,2010-12-01 16:21:00,2011-07-19 10:06:00,267.33166666666665,230,High
15660,1600.86,9,1050,2010-12-09 09:49:00,2011-11-14 16:58:00,177.87333333333333,341,High
14178,1600.26,7,1494,2011-06-10 12:51:00,2011-12-01 12:01:00,228.60857142857142,174,High
16496,1599.52,3,1111,2011-01-27 09:42:00,2011-12-01 10:31:00,533.1733333333333,309,High
16466,1595.96,7,785,2011-02-20 11:39:00,2011-11-06 11:35:00,227.99428571428572,259,High
13850,1595.48,1,944,2011-08-02 14:04:00,2011-08-02 14:04:00,1595.48,1,High
17673,1594.97,6,1462,2011-01-23 15:16:00,2011-12-08 12:50:00,265.8283333333333,319,High
16801,1594.23,4,493,2011-03-11 13:56:00,2011-06-29 15:33:00,398.5575,111,High
16676,1592.1200000000001,4,636,2011-01-06 13:00:00,2011-11-06 12:01:00,398.03000000000003,304,High
14970,1592.06,4,250,2011-01-27 12:23:00,2011-10-02 13:44:00,398.015,249,High
15611,1591.45,13,504,2011-01-09 11:32:00,2011-11-30 12:36:00,122.41923076923078,326,High
18178,1590.81,4,983,2010-12-10 12:42:00,2011-08-03 09:30:00,397.7025,236,High
14442,1589.82,2,482,2011-01-27 09:33:00,2011-05-19 11:36:00,794.91,113,High
13614,1585.46,4,564,2011-01-13 12:37:00,2011-11-15 14:47:00,396.365,307,High
16332,1582.8,7,797,2011-02-07 14:16:00,2011-11-11 14:22:00,226.1142857142857,278,High
12393,1582.6000000000001,4,816,2011-01-11 09:47:00,2011-09-28 15:41:00,395.65000000000003,261,High
14719,1581.84,5,1025,2011-04-04 14:17:00,2011-12-08 12:43:00,316.368,248,High
14587,1580.29,9,749,2011-01-12 13:16:00,2011-11-21 11:34:00,175.58777777777777,313,High
12607,1579.51,1,1228,2011-10-10 16:06:00,2011-10-10 16:06:00,1579.51,1,High
13814,1579.12,2,864,2011-07-25 13:54:00,2011-09-08 13:48:00,789.56,45,High
16889,1578.67,3,925,2011-01-07 10:47:00,2011-05-29 11:05:00,526.2233333333334,143,High
13186,1575.89,3,820,2011-08-03 09:09:00,2011-10-31 11:40:00,525.2966666666667,90,High
17671,1572.71,4,772,2010-12-09 14:27:00,2011-11-24 12:21:00,393.1775,350,High
16283,1570.81,5,1236,2011-05-15 13:37:00,2011-12-04 12:08:00,314.162,203,High
12865,1568.23,2,925,2011-08-08 10:11:00,2011-11-13 14:31:00,784.115,98,High
15906,1567.69,7,544,2011-03-29 13:28:00,2011-11-20 12:24:00,223.9557142857143,236,High
15111,1567.48,3,710,2010-12-02 11:45:00,2011-11-10 16:58:00,522.4933333333333,344,High
15532,1564.73,4,515,2010-12-16 16:45:00,2011-11-14 14:51:00,391.1825,333,High
17204,1564.56,4,646,2011-03-21 12:42:00,2011-06-17 14:46:00,391.14,89,High
13659,1563.0,2,882,2011-01-23 12:08:00,2011-05-18 12:37:00,781.5,116,High
17085,1562.4,5,785,2010-12-12 12:24:00,2011-08-08 14:15:00,312.48,240,High
18239,1561.6100000000001,5,795,2010-12-02 17:48:00,2011-05-05 12:38:00,312.322,154,High
14038,1560.38,3,965,2011-05-16 14:05:00,2011-09-22 13:37:00,520.1266666666667,129,High
16394,1555.34,5,2604,2011-02-23 10:58:00,2011-10-14 09:48:00,311.068,233,High
13313,1555.32,5,851,2011-01-04 10:00:00,2011-11-17 16:48:00,311.06399999999996,318,High
15620,1553.18,3,915,2010-12-16 14:34:00,2011-10-14 12:41:00,517.7266666666667,302,High
15117,1551.78,5,1948,2011-05-08 12:38:00,2011-11-25 08:12:00,310.356,201,High
13634,1547.3600000000001,5,700,2011-01-16 15:30:00,2011-11-06 13:40:00,309.47200000000004,294,High
14229,1547.2,3,610,2011-01-10 12:03:00,2011-10-19 10:04:00,515.7333333333333,282,High
16790,1545.6200000000001,6,898,2011-11-02 11:23:00,2011-12-06 11:53:00,257.60333333333335,35,High
16369,1545.41,3,1030,2011-05-27 09:39:00,2011-11-21 16:25:00,515.1366666666667,179,High
13397,1544.13,5,430,2011-01-04 13:50:00,2011-09-28 10:56:00,308.826,267,High
12818,1542.08,1,929,2011-03-23 12:06:00,2011-03-23 12:06:00,1542.08,1,High
17837,1541.23,8,510,2011-06-29 16:44:00,2011-10-28 16:13:00,192.65375,121,High
16365,1540.42,9,504,2010-12-07 17:19:00,2011-11-22 11:24:00,171.1577777777778,350,High
17159,1538.88,3,1111,2011-06-21 09:49:00,2011-11-18 10:52:00,512.96,151,High
13849,1537.95,2,1016,2011-06-22 10:11:00,2011-10-19 10:59:00,768.975,120,High
12877,1535.77,12,1178,2010-12-16 12:23:00,2011-12-06 10:30:00,127.98083333333334,355,High
15392,1535.53,4,1277,2010-12-14 15:50:00,2011-12-05 11:01:00,383.8825,356,High
15625,1534.26,4,1188,2011-04-18 14:01:00,2011-08-28 10:21:00,383.565,132,High
13320,1532.2,4,1086,2011-05-10 10:29:00,2011-09-22 18:07:00,383.05,136,High
13107,1531.6200000000001,4,1293,2011-01-10 12:28:00,2011-10-26 14:52:00,382.90500000000003,290,High
12759,1531.44,3,902,2011-03-09 08:09:00,2011-10-18 14:49:00,510.48,224,High
14321,1530.75,5,2406,2011-01-10 11:35:00,2011-11-29 09:47:00,306.15,323,High
14567,1530.3600000000001,2,412,2011-08-01 13:48:00,2011-10-14 10:21:00,765.1800000000001,74,High
15701,1529.0,4,912,2011-08-21 12:36:00,2011-12-07 14:39:00,382.25,109,High
16244,1522.75,2,855,2010-12-02 11:41:00,2011-05-12 10:18:00,761.375,161,High
16066,1521.04,5,935,2011-08-07 14:33:00,2011-11-23 11:54:00,304.20799999999997,108,High
13213,1520.58,5,1360,2011-05-24 12:22:00,2011-10-14 11:42:00,304.116,143,High
13764,1519.42,3,926,2011-01-06 14:53:00,2011-09-30 12:03:00,506.47333333333336,267,High
14267,1516.24,3,530,2011-03-24 11:38:00,2011-06-30 10:09:00,505.41333333333336,98,High
13791,1516.0,2,1200,2011-06-24 16:38:00,2011-08-04 11:44:00,758.0,41,High
16748,1515.9,5,880,2011-01-09 13:50:00,2011-11-22 10:17:00,303.18,317,High
16053,1511.95,2,1793,2011-08-09 14:57:00,2011-11-07 11:21:00,755.975,90,High
16434,1511.8,7,760,2011-02-13 12:17:00,2011-11-10 14:28:00,215.97142857142856,271,High
16910,1508.96,8,884,2011-09-09 14:14:00,2011-12-05 12:51:00,188.62,87,High
15265,1506.1200000000001,2,612,2011-04-18 12:16:00,2011-07-11 14:46:00,753.0600000000001,85,High
12937,1504.27,4,1007,2011-03-17 14:19:00,2011-11-24 15:05:00,376.0675,253,High
15916,1502.8600000000001,8,752,2010-12-08 13:07:00,2011-11-23 13:46:00,187.85750000000002,351,High
16279,1502.78,3,1046,2011-06-16 11:50:00,2011-11-18 15:00:00,500.9266666666667,156,High
13810,1499.01,3,312,2011-10-14 12:57:00,2011-11-11 08:33:00,499.67,28,High
15530,1497.31,4,938,2011-04-07 11:16:00,2011-11-18 12:25:00,374.3275,226,High
14414,1496.98,7,2512,2010-12-16 11:11:00,2011-09-09 12:09:00,213.8542857142857,268,High
14704,1493.96,9,1043,2011-06-12 13:59:00,2011-11-28 12:51:00,165.99555555555557,169,High
17002,1493.73,3,679,2011-02-22 11:46:00,2011-09-15 12:40:00,497.91,206,High
16880,1491.43,7,746,2011-06-03 16:45:00,2011-11-09 11:33:00,213.0614285714286,159,High
15057,1489.5,2,668,2011-01-28 09:09:00,2011-03-09 15:17:00,744.75,41,High
13110,1488.67,7,388,2011-02-01 15:24:00,2011-11-08 14:30:00,212.66714285714286,280,High
13692,1488.32,3,1226,2011-04-17 12:57:00,2011-11-15 11:17:00,496.1066666666666,212,High
17553,1487.6,1,1048,2011-08-02 10:00:00,2011-08-02 10:00:00,1487.6,1,High
14758,1484.06,4,419,2011-03-25 12:10:00,2011-07-18 08:21:00,371.015,115,High
16395,1482.06,5,1472,2011-01-13 12:10:00,2011-10-10 12:50:00,296.412,271,High
18016,1477.66,5,1027,2010-12-10 17:14:00,2011-11-07 13:25:00,295.53200000000004,332,High
14878,1476.09,9,799,2010-12-16 12:11:00,2011-11-27 11:15:00,164.01,346,High
14403,1475.81,4,519,2011-04-06 14:23:00,2011-08-01 12:57:00,368.9525,117,High
16755,1475.43,3,1058,2011-01-28 10:47:00,2011-08-17 13:21:00,491.81,202,High
12826,1474.72,7,1058,2010-12-09 15:21:00,2011-12-07 10:25:00,210.67428571428573,363,High
14246,1474.06,3,804,2011-04-08 08:25:00,2011-08-21 11:50:00,491.3533333333333,136,High
14963,1472.34,5,1159,2011-06-09 12:30:00,2011-11-30 12:16:00,294.46799999999996,174,High
15128,1471.0,4,1343,2011-05-04 12:32:00,2011-10-10 13:54:00,367.75,160,High
17590,1468.02,3,822,2011-10-30 14:05:00,2011-12-07 12:55:00,489.34,38,High
16016,1465.51,8,602,2010-12-08 12:36:00,2011-12-06 14:35:00,183.18875,364,High
14875,1465.3200000000002,2,558,2011-03-22 11:53:00,2011-08-24 12:20:00,732.6600000000001,156,High
15983,1465.12,4,886,2010-12-01 12:15:00,2011-11-17 17:34:00,366.28,352,High
12882,1463.04,2,246,2011-11-06 11:22:00,2011-11-30 16:18:00,731.52,25,High
14233,1462.72,4,680,2011-01-26 12:43:00,2011-10-21 15:54:00,365.68,269,High
17063,1461.14,7,770,2011-02-23 13:44:00,2011-11-18 16:19:00,208.73428571428573,269,High
16996,1456.96,6,544,2010-12-21 13:22:00,2011-11-09 16:43:00,242.82666666666668,324,High
13309,1456.79,5,1544,2011-02-04 12:29:00,2011-12-02 16:34:00,291.358,302,High
13477,1454.58,6,1021,2011-02-21 12:29:00,2011-11-02 12:04:00,242.42999999999998,254,High
14541,1453.35,8,641,2011-01-24 14:16:00,2011-10-12 10:08:00,181.66875,261,High
16059,1453.16,6,641,2010-12-07 10:36:00,2011-10-05 09:56:00,242.19333333333336,302,High
14404,1449.32,6,827,2010-12-05 16:00:00,2011-11-06 12:30:00,241.5533333333333,336,High
14740,1448.21,3,735,2011-03-01 08:35:00,2011-05-26 18:17:00,482.7366666666667,87,High
17073,1446.09,4,759,2011-08-22 14:37:00,2011-11-22 11:47:00,361.5225,92,High
13717,1445.01,6,1959,2011-02-14 13:21:00,2011-11-07 14:13:00,240.835,267,High
13461,1445.0,3,1170,2011-06-29 10:23:00,2011-11-01 09:01:00,481.6666666666667,125,High
17175,1443.69,4,866,2011-02-16 14:56:00,2011-10-26 15:31:00,360.9225,253,High
14071,1437.57,8,994,2011-03-20 11:33:00,2011-12-06 12:27:00,179.69625,262,High
15987,1432.77,7,1533,2010-12-06 08:34:00,2011-11-27 15:38:00,204.68142857142857,357,High
14566,1432.0,1,800,2011-08-21 11:05:00,2011-08-21 11:05:00,1432.0,1,High
16503,1431.93,4,569,2010-12-14 13:50:00,2011-08-25 11:46:00,357.9825,254,High
13475,1431.78,4,1012,2011-02-14 12:36:00,2011-06-01 13:52:00,357.945,108,High
15427,1430.54,3,967,2011-10-23 14:47:00,2011-11-06 14:29:00,476.84666666666664,14,High
16103,1429.64,6,558,2011-04-20 12:28:00,2011-12-02 14:16:00,238.27333333333334,227,High
13159,1429.35,4,1058,2011-08-16 11:44:00,2011-12-01 11:20:00,357.3375,107,High
14035,1428.02,5,739,2011-02-15 12:48:00,2011-11-11 10:03:00,285.604,269,High
15858,1427.57,5,1163,2010-12-07 14:31:00,2011-11-24 12:48:00,285.514,352,High
15681,1426.16,5,816,2011-03-04 13:46:00,2011-11-14 16:30:00,285.232,256,High
17571,1425.67,4,876,2011-02-14 15:15:00,2011-10-20 15:57:00,356.4175,249,High
15106,1422.52,5,1181,2011-03-15 12:52:00,2011-11-22 09:16:00,284.504,252,High
16463,1422.4,4,1163,2011-05-19 14:45:00,2011-11-18 14:01:00,355.6,183,High
16571,1421.69,3,1239,2011-03-03 09:41:00,2011-11-13 11:46:00,473.8966666666667,256,High
14019,1421.61,3,1037,2011-07-24 15:39:00,2011-10-24 10:13:00,473.86999999999995,92,High
14901,1421.29,9,661,2010-12-02 11:20:00,2011-11-28 17:09:00,157.92111111111112,362,High
14443,1420.2,4,938,2010-12-06 11:03:00,2011-10-17 10:10:00,355.05,315,High
16173,1418.32,6,575,2011-09-02 15:23:00,2011-11-24 10:53:00,236.38666666666666,83,High
17856,1418.03,4,842,2011-03-03 11:40:00,2011-12-08 09:40:00,354.5075,280,High
17288,1417.63,7,1201,2010-12-16 13:33:00,2011-11-30 16:09:00,202.51857142857145,350,High
14748,1415.75,5,1223,2010-12-06 10:19:00,2011-11-10 18:33:00,283.15,340,High
16348,1415.65,7,805,2011-04-13 15:49:00,2011-11-07 15:44:00,202.2357142857143,208,High
16012,1415.29,3,799,2011-07-07 18:02:00,2011-11-04 13:25:00,471.7633333333333,120,High
16245,1413.66,3,1014,2011-03-28 09:30:00,2011-11-16 10:14:00,471.22,234,High
15237,1412.32,4,1071,2011-04-26 15:04:00,2011-12-08 09:46:00,353.08,226,High
15444,1411.21,2,759,2011-10-30 16:12:00,2011-11-30 17:37:00,705.605,32,High
15596,1406.59,5,561,2010-12-09 16:10:00,2011-08-31 10:55:00,281.318,265,High
17083,1405.78,3,772,2011-02-09 11:38:00,2011-08-22 15:43:00,468.5933333333333,195,High
16271,1404.64,5,1024,2010-12-16 16:36:00,2011-12-07 12:45:00,280.928,356,High
15426,1404.07,5,656,2010-12-05 13:55:00,2011-11-20 15:36:00,280.81399999999996,351,High
18116,1403.1100000000001,8,837,2010-12-10 12:14:00,2011-10-03 11:00:00,175.38875000000002,297,High
14649,1402.59,4,1004,2011-05-11 14:37:00,2011-12-05 12:30:00,350.6475,208,High
15563,1400.44,4,1501,2010-12-16 11:27:00,2011-11-17 14:50:00,350.11,337,High
14741,1400.34,6,841,2010-12-02 08:43:00,2011-11-28 08:48:00,233.39,362,High
15478,1399.92,2,575,2011-10-14 11:09:00,2011-10-30 14:19:00,699.96,17,High
18202,1396.99,3,581,2011-02-01 13:36:00,2011-05-24 12:12:00,465.66333333333336,112,High
13995,1393.69,5,879,2011-04-08 08:20:00,2011-11-24 14:22:00,278.738,231,High
17354,1393.06,1,1006,2011-10-20 10:34:00,2011-10-20 10:34:00,1393.06,1,High
15810,1391.98,4,861,2011-02-16 09:11:00,2011-09-22 09:38:00,347.995,219,High
13414,1390.5,3,1574,2011-02-16 12:13:00,2011-07-29 11:45:00,463.5,163,High
13516,1389.41,3,985,2011-04-15 11:06:00,2011-11-18 13:15:00,463.1366666666667,218,High
16539,1388.81,4,477,2010-12-01 15:40:00,2011-12-07 08:41:00,347.2025,371,High
15134,1387.99,8,887,2011-04-13 11:05:00,2011-11-25 08:55:00,173.49875,226,High
12952,1387.79,4,653,2011-09-22 16:37:00,2011-12-04 10:35:00,346.9475,73,High
12775,1386.04,5,877,2011-02-01 13:45:00,2011-11-22 16:33:00,277.20799999999997,295,High
13308,1385.51,3,843,2011-05-20 13:13:00,2011-11-17 09:31:00,461.83666666666664,181,High
18167,1384.8600000000001,3,382,2011-08-26 11:40:00,2011-11-16 15:56:00,461.62000000000006,83,High
17311,1384.85,2,1005,2011-01-27 10:56:00,2011-09-22 14:11:00,692.425,239,High
13572,1384.25,1,534,2011-05-18 11:59:00,2011-05-18 11:59:00,1384.25,1,High
15898,1383.83,5,567,2010-12-06 11:01:00,2011-12-08 15:23:00,276.76599999999996,368,High
15051,1383.3600000000001,3,1010,2011-07-12 15:29:00,2011-11-16 15:38:00,461.12000000000006,128,High
14116,1382.74,5,707,2011-08-10 12:44:00,2011-11-20 10:29:00,276.548,102,High
16389,1382.07,4,1242,2011-03-01 15:47:00,2011-10-17 14:41:00,345.5175,230,High
17621,1379.9,3,514,2010-12-20 13:31:00,2011-11-18 17:11:00,459.9666666666667,334,High
12886,1378.4,2,770,2011-05-04 11:21:00,2011-10-03 10:09:00,689.2,152,High
15569,1375.71,5,666,2011-01-11 13:26:00,2011-08-28 10:15:00,275.142,229,High
14434,1372.8,6,368,2011-09-28 15:31:00,2011-11-18 08:56:00,228.79999999999998,51,High
15453,1371.77,7,837,2011-06-05 12:37:00,2011-12-08 10:59:00,195.96714285714285,186,High
17676,1371.18,6,922,2010-12-08 13:49:00,2011-12-05 15:16:00,228.53,363,High
15095,1370.6,4,1079,2011-05-20 14:27:00,2011-08-28 12:01:00,342.65,100,High
14507,1367.88,6,594,2011-03-08 17:23:00,2011-11-16 12:21:00,227.98000000000002,253,High
13813,1366.8600000000001,4,552,2011-07-28 10:33:00,2011-10-31 10:38:00,341.71500000000003,96,High
14897,1366.38,4,468,2011-02-16 08:37:00,2011-12-02 10:32:00,341.595,290,High
13396,1360.99,2,600,2011-01-24 13:37:00,2011-11-10 16:59:00,680.495,291,High
16726,1358.74,5,945,2010-12-13 13:28:00,2011-11-13 14:53:00,271.748,336,High
17054,1356.33,5,804,2011-04-08 13:14:00,2011-11-11 12:56:00,271.26599999999996,217,High
14859,1353.74,4,671,2011-05-19 14:42:00,2011-11-27 11:18:00,338.435,192,High
15116,1352.75,4,648,2011-05-19 08:50:00,2011-11-22 12:25:00,338.1875,188,High
16079,1352.0,3,864,2011-10-30 13:06:00,2011-11-23 12:48:00,450.6666666666667,24,High
16493,1351.63,4,1164,2011-01-14 08:16:00,2011-09-21 11:10:00,337.9075,251,High
12770,1351.45,1,743,2011-05-13 09:33:00,2011-05-13 09:33:00,1351.45,1,High
15411,1348.93,4,529,2011-06-10 12:30:00,2011-11-13 15:19:00,337.2325,157,High
16669,1348.88,3,881,2011-09-22 14:13:00,2011-11-16 12:26:00,449.6266666666667,55,High
12646,1346.97,2,897,2011-10-21 12:52:00,2011-12-05 10:14:00,673.485,45,High
14154,1345.62,2,465,2011-04-14 15:58:00,2011-04-14 16:26:00,672.81,1,High
15398,1345.53,2,769,2011-09-22 14:56:00,2011-11-23 16:47:00,672.765,63,High
12463,1344.78,4,776,2011-04-12 12:47:00,2011-10-17 13:44:00,336.195,189,High
16317,1341.65,3,890,2011-02-15 14:30:00,2011-08-12 12:46:00,447.2166666666667,178,High
13743,1341.6,7,1776,2011-03-25 14:46:00,2011-12-07 10:09:00,191.65714285714284,257,High
18177,1340.8700000000001,6,709,2011-03-29 08:46:00,2011-11-08 14:44:00,223.47833333333335,225,High
16045,1340.7,4,897,2011-02-22 14:55:00,2011-08-12 12:41:00,335.175,171,High
13501,1340.32,1,560,2011-02-24 18:59:00,2011-02-24 18:59:00,1340.32,1,High
15734,1339.45,2,346,2011-05-23 14:59:00,2011-08-17 10:50:00,669.725,86,High
12620,1339.41,3,1181,2011-05-19 12:10:00,2011-11-25 10:20:00,446.47,190,High
15059,1337.72,9,604,2011-01-09 11:54:00,2011-10-30 11:35:00,148.63555555555556,294,High
17372,1337.18,8,747,2010-12-12 12:00:00,2011-10-30 11:37:00,167.1475,322,High
12919,1335.19,6,673,2011-06-23 09:22:00,2011-12-01 13:47:00,222.53166666666667,162,High
14064,1334.34,5,1772,2011-03-10 12:59:00,2011-11-10 13:14:00,266.868,246,High
15680,1333.68,3,952,2010-12-08 14:43:00,2011-11-30 13:46:00,444.56,357,High
17932,1331.57,3,789,2011-05-12 13:58:00,2011-11-10 19:49:00,443.8566666666666,183,High
12676,1331.39,6,670,2011-02-01 15:41:00,2011-11-15 12:25:00,221.89833333333334,287,High
16295,1328.55,4,841,2011-10-06 10:45:00,2011-11-30 08:17:00,332.1375,55,High
13232,1328.35,7,773,2011-04-10 13:48:00,2011-11-27 10:39:00,189.7642857142857,231,High
15146,1327.16,2,1473,2011-02-21 13:07:00,2011-06-28 12:09:00,663.58,127,High
17633,1324.84,4,644,2011-08-11 15:43:00,2011-11-08 13:25:00,331.21,89,High
17095,1324.16,3,618,2011-01-09 11:05:00,2011-11-17 12:21:00,441.3866666666667,313,High
16110,1320.95,3,720,2011-02-01 14:01:00,2011-10-25 14:35:00,440.31666666666666,267,High
14591,1320.21,4,1228,2011-05-10 14:09:00,2011-11-24 13:57:00,330.0525,198,High
14794,1319.91,7,673,2011-01-09 16:11:00,2011-12-07 10:11:00,188.55857142857144,332,High
16083,1317.62,2,908,2010-12-14 11:51:00,2011-08-31 10:47:00,658.81,260,High
12526,1316.66,3,632,2011-09-06 14:19:00,2011-12-09 12:09:00,438.8866666666667,94,High
12854,1316.25,3,626,2011-01-25 13:35:00,2011-09-22 12:15:00,438.75,240,High
14921,1316.07,2,953,2011-05-22 12:51:00,2011-11-09 13:17:00,658.035,172,High
12576,1315.83,5,967,2011-02-08 11:31:00,2011-11-04 10:11:00,263.166,269,High
14511,1314.81,5,784,2011-07-29 12:13:00,2011-11-28 17:05:00,262.962,123,High
14738,1314.45,7,601,2011-01-27 14:10:00,2011-10-28 08:56:00,187.77857142857144,274,High
14973,1314.45,3,369,2011-04-28 12:22:00,2011-08-24 15:51:00,438.15000000000003,119,High
16040,1313.55,3,684,2011-03-16 09:58:00,2011-10-05 13:47:00,437.84999999999997,204,High
12364,1313.1,4,1506,2011-08-19 15:24:00,2011-12-02 10:22:00,328.275,105,High
17004,1312.1399999999999,2,771,2011-09-08 12:16:00,2011-10-24 14:25:00,656.0699999999999,47,High
12516,1312.06,2,875,2011-06-12 11:37:00,2011-09-23 09:13:00,656.03,103,High
14477,1309.6,4,720,2011-02-15 15:44:00,2011-11-20 11:11:00,327.4,278,High
16120,1309.14,4,878,2011-10-11 14:10:00,2011-10-11 14:22:00,327.285,1,High
14047,1308.6100000000001,5,381,2010-12-02 10:09:00,2011-12-01 11:43:00,261.72200000000004,365,High
13328,1308.48,1,680,2011-01-27 15:22:00,2011-01-27 15:22:00,1308.48,1,High
14297,1305.33,4,865,2011-03-10 08:31:00,2011-11-22 09:06:00,326.3325,258,High
12507,1304.81,3,894,2011-02-14 09:24:00,2011-07-28 17:09:00,434.93666666666667,165,High
17919,1304.04,1,756,2011-09-12 13:41:00,2011-09-12 13:41:00,1304.04,1,High
15813,1303.9099999999999,2,603,2011-04-14 09:09:00,2011-05-16 08:13:00,651.9549999999999,32,High
16370,1301.91,4,640,2011-04-28 16:40:00,2011-09-18 15:55:00,325.4775,143,High
15108,1300.25,4,499,2011-04-26 10:54:00,2011-07-21 10:24:00,325.0625,86,High
13168,1299.59,4,670,2011-01-25 13:55:00,2011-11-03 12:56:00,324.8975,282,High
12488,1298.66,3,529,2011-09-25 10:34:00,2011-11-30 08:50:00,432.8866666666667,66,High
16464,1298.66,3,952,2011-07-20 13:53:00,2011-11-20 12:11:00,432.8866666666667,123,High
12372,1298.04,3,794,2011-02-16 12:46:00,2011-09-29 12:12:00,432.68,225,High
15602,1297.8700000000001,9,1137,2010-12-06 15:35:00,2011-12-01 14:14:00,144.20777777777778,360,High
17961,1296.44,39,560,2010-12-02 19:18:00,2011-11-18 16:55:00,33.242051282051285,351,High
16929,1295.39,7,929,2011-07-07 12:39:00,2011-12-06 08:37:00,185.0557142857143,152,High
16224,1295.3,4,1116,2011-04-04 12:00:00,2011-10-13 17:51:00,323.825,193,High
15621,1293.03,4,501,2011-11-18 11:49:00,2011-12-05 14:01:00,323.2575,18,High
16744,1291.91,7,798,2011-06-19 15:13:00,2011-11-28 13:06:00,184.55857142857144,162,High
16101,1290.7,1,757,2011-09-30 10:18:00,2011-09-30 10:18:00,1290.7,1,High
14856,1290.53,3,711,2011-10-14 09:35:00,2011-11-03 14:53:00,430.1766666666667,21,High
15171,1289.5,1,290,2011-01-12 15:36:00,2011-01-12 15:36:00,1289.5,1,High
15136,1286.7,4,776,2011-09-04 16:05:00,2011-12-07 12:26:00,321.675,94,High
16949,1286.27,6,791,2011-01-27 12:11:00,2011-12-06 11:07:00,214.37833333333333,313,High
17802,1285.04,3,752,2010-12-02 13:44:00,2011-09-18 14:56:00,428.34666666666664,291,High
17350,1281.32,4,770,2011-10-19 16:05:00,2011-12-01 15:47:00,320.33,43,High
13538,1280.85,7,175,2011-01-28 10:40:00,2011-10-27 16:34:00,182.97857142857143,273,High
15494,1280.58,2,1139,2011-08-10 15:29:00,2011-11-18 14:51:00,640.29,100,High
16951,1277.75,3,1318,2011-02-08 14:58:00,2011-07-28 12:05:00,425.9166666666667,170,High
16692,1276.0,2,152,2011-02-23 15:41:00,2011-03-28 14:46:00,638.0,33,High
12394,1272.48,2,819,2011-05-06 14:01:00,2011-10-07 08:08:00,636.24,154,High
13878,1271.57,1,463,2011-10-16 12:19:00,2011-10-16 12:19:00,1271.57,1,High
16899,1271.06,6,520,2010-12-14 13:11:00,2011-12-02 12:03:00,211.84333333333333,353,High
12630,1270.88,2,548,2011-10-27 10:41:00,2011-11-30 10:48:00,635.44,35,High
13492,1269.84,3,408,2011-05-09 10:06:00,2011-07-26 14:25:00,423.28,79,High
14898,1269.31,6,1001,2010-12-03 15:25:00,2011-11-16 14:54:00,211.55166666666665,348,High
13431,1269.1,2,672,2011-09-12 11:25:00,2011-10-03 13:49:00,634.55,22,High
14916,1268.98,4,1136,2011-01-19 15:30:00,2011-09-30 09:20:00,317.245,254,High
15199,1268.7,4,396,2011-02-04 14:04:00,2011-10-11 15:12:00,317.175,250,High
16660,1267.6499999999999,4,571,2011-01-24 12:44:00,2011-11-23 14:53:00,316.91249999999997,304,High
17037,1267.32,1,656,2011-09-13 12:49:00,2011-09-13 12:49:00,1267.32,1,High
17158,1266.97,3,778,2010-12-14 13:03:00,2011-11-07 15:15:00,422.3233333333333,329,High
14105,1266.23,1,800,2011-04-14 17:58:00,2011-04-14 17:58:00,1266.23,1,High
13989,1266.08,2,1313,2011-04-14 15:39:00,2011-10-05 09:47:00,633.04,174,High
16842,1264.19,3,693,2011-02-10 14:51:00,2011-08-31 10:42:00,421.3966666666667,202,High
15497,1262.2,2,624,2011-01-24 10:01:00,2011-11-22 11:51:00,631.1,303,High
16688,1260.86,4,804,2011-10-10 12:23:00,2011-12-08 15:24:00,315.215,60,High
17388,1259.56,4,1068,2011-02-25 12:28:00,2011-09-23 10:31:00,314.89,210,High
15009,1259.43,3,639,2011-11-14 17:40:00,2011-11-27 13:35:00,419.81,13,High
14669,1259.24,3,770,2011-01-11 12:30:00,2011-04-12 11:43:00,419.74666666666667,91,High
17019,1258.08,4,820,2010-12-06 12:55:00,2011-11-28 13:06:00,314.52,358,High
17412,1258.06,7,738,2010-12-02 16:29:00,2011-12-07 11:36:00,179.72285714285712,370,High
13151,1257.8700000000001,1,363,2011-02-17 12:29:00,2011-02-17 12:29:00,1257.8700000000001,1,High
14931,1257.68,5,417,2011-04-13 09:32:00,2011-12-05 10:19:00,251.536,237,High
16639,1257.51,3,510,2011-04-18 09:31:00,2011-11-08 13:20:00,419.17,205,High
17481,1255.59,4,1061,2011-09-07 09:57:00,2011-12-06 12:28:00,313.8975,91,High
13848,1255.0,3,3700,2010-12-08 15:10:00,2011-09-08 12:58:00,418.3333333333333,274,High
17262,1253.3600000000001,5,367,2010-12-08 13:30:00,2011-10-18 12:56:00,250.67200000000003,314,High
14383,1247.69,3,817,2011-06-29 10:18:00,2011-11-01 15:53:00,415.8966666666667,126,High
12689,1247.61,2,628,2011-08-04 10:04:00,2011-11-14 08:31:00,623.805,102,High
13029,1247.5,3,134,2010-12-21 13:53:00,2011-11-09 09:13:00,415.8333333333333,323,High
12494,1246.1000000000001,7,707,2010-12-09 11:31:00,2011-11-24 09:34:00,178.01428571428573,350,High
13860,1245.9,5,591,2011-09-14 09:27:00,2011-12-08 12:57:00,249.18,86,High
16531,1244.59,7,915,2010-12-14 13:19:00,2011-11-17 16:29:00,177.79857142857142,339,High
17584,1242.3,2,458,2011-08-04 14:12:00,2011-12-02 17:12:00,621.15,121,High
17588,1240.2,3,676,2011-04-21 10:31:00,2011-08-31 13:37:00,413.40000000000003,133,High
17731,1240.11,4,493,2011-06-09 14:18:00,2011-09-21 15:02:00,310.0275,105,High
12985,1239.38,2,1533,2011-11-11 12:44:00,2011-12-09 10:46:00,619.69,28,High
13476,1238.47,2,417,2011-03-03 14:43:00,2011-06-14 12:00:00,619.235,103,High
14893,1237.8500000000001,2,799,2011-11-28 10:49:00,2011-11-30 12:31:00,618.9250000000001,3,High
13931,1237.53,2,725,2011-03-04 08:43:00,2011-09-05 10:12:00,618.765,186,High
15201,1236.54,5,1210,2011-04-06 14:02:00,2011-09-13 14:53:00,247.308,161,High
18080,1231.5,2,642,2011-04-11 10:10:00,2011-11-21 08:02:00,615.75,224,High
18171,1231.31,5,481,2011-01-10 09:55:00,2011-10-12 09:13:00,246.262,275,High
15910,1228.88,8,1013,2011-01-27 11:55:00,2011-12-09 10:51:00,153.61,316,High
14913,1227.43,4,1743,2010-12-15 14:35:00,2011-11-04 08:29:00,306.8575,324,High
12997,1226.89,4,664,2011-01-26 15:49:00,2011-11-17 15:47:00,306.7225,295,High
12412,1226.88,3,829,2011-06-23 13:51:00,2011-09-26 10:16:00,408.96000000000004,95,High
15841,1224.06,4,942,2011-01-05 11:25:00,2011-09-28 12:15:00,306.015,267,High
14428,1224.06,5,428,2011-01-18 16:39:00,2011-12-02 13:17:00,244.81199999999998,318,High
15376,1221.56,3,615,2011-05-01 13:45:00,2011-10-30 15:04:00,407.18666666666667,183,High
15004,1220.77,1,623,2011-07-15 14:05:00,2011-07-15 14:05:00,1220.77,1,High
14745,1220.26,5,1038,2011-02-27 15:25:00,2011-08-19 10:05:00,244.052,173,High
15227,1219.4,5,750,2011-01-26 15:31:00,2011-11-03 11:59:00,243.88000000000002,281,High
13208,1217.65,6,803,2011-02-03 19:32:00,2011-10-12 09:54:00,202.9416666666667,251,High
14698,1217.27,5,602,2011-10-19 12:54:00,2011-12-08 12:26:00,243.454,50,High
13491,1215.82,10,903,2010-12-02 14:30:00,2011-10-19 08:32:00,121.582,321,High
17410,1214.72,5,616,2011-05-08 15:21:00,2011-11-23 15:46:00,242.94400000000002,200,High
13055,1214.41,3,894,2011-05-10 08:58:00,2011-09-22 14:26:00,404.80333333333334,136,High
17774,1213.73,4,508,2011-02-07 13:13:00,2011-09-04 12:49:00,303.4325,209,High
18263,1213.1599999999999,3,1468,2011-04-01 11:48:00,2011-11-14 09:00:00,404.3866666666666,227,High
13918,1212.8400000000001,2,1140,2011-03-31 18:05:00,2011-10-21 12:25:00,606.4200000000001,204,High
16653,1212.66,2,733,2011-09-29 13:38:00,2011-11-23 14:51:00,606.33,56,High
12464,1212.05,8,112,2011-02-03 13:30:00,2011-11-29 13:33:00,151.50625,300,High
17653,1207.56,4,1409,2011-08-11 15:24:00,2011-11-03 12:46:00,301.89,84,High
16762,1207.24,3,480,2011-07-18 12:52:00,2011-11-20 11:43:00,402.41333333333336,125,High
14684,1201.51,5,821,2010-12-12 12:44:00,2011-11-14 11:33:00,240.302,337,High
13158,1201.06,4,784,2011-01-25 09:58:00,2011-09-06 11:58:00,300.265,225,High
17320,1200.6200000000001,3,634,2010-12-06 15:38:00,2011-08-31 13:31:00,400.2066666666667,268,High
15605,1198.23,5,441,2010-12-01 13:38:00,2011-11-03 14:17:00,239.64600000000002,338,High
13118,1197.81,5,410,2011-02-24 12:32:00,2011-11-20 12:46:00,239.56199999999998,270,High
16794,1196.5,10,923,2011-06-12 14:15:00,2011-12-08 17:54:00,119.65,180,High
17720,1195.94,4,576,2010-12-07 10:43:00,2011-11-13 15:04:00,298.985,342,High
17526,1195.8999999999999,4,310,2010-12-09 12:20:00,2011-12-05 11:05:00,298.97499999999997,361,High
15145,1194.73,4,756,2011-04-05 15:20:00,2011-12-05 17:21:00,298.6825,245,High
12611,1193.32,1,846,2011-10-18 13:12:00,2011-10-18 13:12:00,1193.32,1,High
13882,1191.13,5,953,2011-10-06 15:28:00,2011-12-07 11:16:00,238.22600000000003,62,Medium
12462,1189.59,2,536,2011-02-09 14:44:00,2011-11-21 09:11:00,594.795,285,Medium
15737,1188.1200000000001,8,597,2011-04-11 10:01:00,2011-11-25 11:21:00,148.51500000000001,229,Medium
16612,1187.66,4,506,2011-02-01 10:38:00,2011-11-07 07:38:00,296.915,279,Medium
17800,1187.21,9,732,2011-01-09 13:50:00,2011-11-02 12:57:00,131.91222222222223,297,Medium
15630,1186.35,2,800,2011-05-19 10:16:00,2011-10-25 15:36:00,593.175,160,Medium
17058,1179.89,3,592,2011-04-14 09:18:00,2011-09-19 10:13:00,393.2966666666667,159,Medium
16950,1178.56,3,644,2010-12-07 15:20:00,2011-10-14 09:06:00,392.8533333333333,311,Medium
16042,1177.47,5,743,2011-01-11 13:25:00,2011-11-17 17:50:00,235.494,311,Medium
13752,1175.38,6,874,2011-04-07 12:04:00,2011-08-07 14:16:00,195.89666666666668,123,Medium
12885,1175.22,3,655,2011-08-08 11:45:00,2011-10-07 13:40:00,391.74,61,Medium
12640,1174.58,3,311,2011-09-19 12:01:00,2011-11-16 11:52:00,391.52666666666664,58,Medium
15306,1174.35,3,810,2011-07-14 15:22:00,2011-10-06 12:56:00,391.45,84,Medium
14857,1173.12,2,464,2011-07-14 15:03:00,2011-10-11 09:23:00,586.56,89,Medium
12358,1168.06,2,248,2011-07-12 10:04:00,2011-12-08 10:26:00,584.03,150,Medium
13500,1166.77,3,609,2011-08-09 12:20:00,2011-11-16 15:35:00,388.92333333333335,100,Medium
14487,1165.48,6,712,2010-12-06 13:22:00,2011-11-13 12:17:00,194.24666666666667,342,Medium
14737,1164.55,3,345,2010-12-21 13:49:00,2011-12-06 10:16:00,388.18333333333334,350,Medium
14261,1163.45,2,406,2011-09-22 10:47:00,2011-10-20 10:04:00,581.725,28,Medium
14447,1163.23,5,571,2011-03-04 10:49:00,2011-11-21 08:28:00,232.64600000000002,262,Medium
16800,1162.65,1,524,2011-11-28 14:06:00,2011-11-28 14:06:00,1162.65,1,Medium
12546,1161.5,2,633,2011-09-23 09:44:00,2011-10-24 12:09:00,580.75,32,Medium
15088,1160.07,2,460,2011-10-03 14:05:00,2011-11-18 13:14:00,580.035,46,Medium
18168,1160.04,6,592,2010-12-02 18:08:00,2011-06-16 19:21:00,193.34,197,Medium
13499,1159.11,5,1365,2011-03-15 08:52:00,2011-11-22 11:21:00,231.82199999999997,253,Medium
16184,1158.79,6,561,2011-05-12 13:33:00,2011-10-06 17:43:00,193.13166666666666,148,Medium
17867,1157.8700000000001,6,508,2011-02-24 12:25:00,2011-11-09 14:15:00,192.97833333333335,259,Medium
17348,1156.6,5,1398,2011-02-15 10:49:00,2011-11-25 11:25:00,231.32,284,Medium
16637,1154.47,4,927,2011-04-28 10:20:00,2011-11-07 13:17:00,288.6175,194,Medium
13611,1154.4,3,754,2010-12-15 10:31:00,2011-09-11 14:51:00,384.8,271,Medium
16062,1153.62,4,800,2010-12-10 12:00:00,2011-11-30 12:15:00,288.405,356,Medium
12710,1149.02,3,851,2011-05-22 14:05:00,2011-09-04 12:00:00,383.00666666666666,105,Medium
17505,1145.84,2,556,2011-05-18 09:01:00,2011-07-01 12:50:00,572.92,45,Medium
16766,1145.6,2,536,2011-03-11 13:34:00,2011-03-11 15:22:00,572.8,1,Medium
12769,1143.6,1,356,2011-04-15 10:25:00,2011-04-15 10:25:00,1143.6,1,Medium
17770,1143.27,5,365,2011-03-02 13:35:00,2011-05-25 12:34:00,228.654,84,Medium
15985,1142.42,2,1086,2011-04-17 11:04:00,2011-08-08 16:31:00,571.21,114,Medium
16270,1141.24,1,688,2010-12-21 14:26:00,2010-12-21 14:26:00,1141.24,1,Medium
13330,1140.93,3,751,2011-01-28 10:08:00,2011-09-08 12:27:00,380.31,224,Medium
13819,1140.35,3,1109,2011-01-24 10:38:00,2011-02-11 10:38:00,380.1166666666666,19,Medium
16172,1140.21,5,787,2011-04-12 12:02:00,2011-09-05 13:22:00,228.042,147,Medium
17135,1139.73,7,1224,2010-12-03 09:31:00,2011-11-23 16:48:00,162.81857142857143,356,Medium
17500,1138.0,3,17,2011-11-10 09:08:00,2011-11-22 14:25:00,379.3333333333333,13,Medium
17302,1135.63,5,575,2011-02-07 10:14:00,2011-11-25 09:36:00,227.12600000000003,291,Medium
17242,1135.04,2,611,2011-06-12 13:04:00,2011-08-23 14:55:00,567.52,73,Medium
15489,1134.28,3,608,2011-05-12 12:54:00,2011-11-17 08:53:00,378.0933333333333,189,Medium
16989,1133.25,6,1233,2011-07-12 09:11:00,2011-12-02 16:39:00,188.875,144,Medium
13282,1132.14,3,307,2011-05-03 12:03:00,2011-11-21 15:33:00,377.38000000000005,203,Medium
13310,1132.03,3,587,2011-01-19 14:50:00,2011-11-11 17:23:00,377.3433333333333,297,Medium
18125,1131.75,4,800,2011-01-27 15:02:00,2011-11-10 12:29:00,282.9375,287,Medium
15500,1131.56,4,572,2011-09-19 13:47:00,2011-12-01 13:47:00,282.89,74,Medium
13447,1129.14,3,584,2011-11-04 10:10:00,2011-11-16 13:38:00,376.38000000000005,13,Medium
16714,1129.06,3,589,2011-01-26 13:40:00,2011-05-05 11:09:00,376.3533333333333,99,Medium
14824,1127.71,4,525,2011-09-09 14:12:00,2011-11-29 14:20:00,281.9275,82,Medium
12609,1126.85,3,648,2011-01-25 15:13:00,2011-09-22 16:34:00,375.6166666666666,241,Medium
14708,1126.37,3,621,2010-12-06 12:23:00,2011-12-07 08:21:00,375.45666666666665,366,Medium
17470,1125.07,5,1675,2010-12-07 09:57:00,2011-10-26 12:42:00,225.01399999999998,324,Medium
14129,1123.8600000000001,5,592,2011-03-24 08:44:00,2011-12-08 11:02:00,224.77200000000002,260,Medium
13772,1122.63,3,540,2011-04-14 12:31:00,2011-11-06 11:43:00,374.21000000000004,206,Medium
13486,1122.41,3,669,2011-07-07 17:19:00,2011-09-22 13:13:00,374.1366666666667,77,Medium
17562,1122.38,7,817,2011-06-19 13:06:00,2011-11-25 14:21:00,160.34,160,Medium
14723,1122.3600000000001,6,673,2010-12-03 14:18:00,2011-11-29 15:23:00,187.06000000000003,362,Medium
16807,1121.59,3,778,2011-03-14 09:46:00,2011-07-20 12:00:00,373.8633333333333,129,Medium
16086,1121.39,5,511,2010-12-07 13:45:00,2011-10-11 13:09:00,224.27800000000002,308,Medium
15730,1120.88,3,689,2011-05-17 12:43:00,2011-10-05 12:31:00,373.6266666666667,141,Medium
14276,1119.74,3,744,2011-02-23 09:38:00,2011-09-02 09:45:00,373.24666666666667,192,Medium
12842,1118.99,2,547,2011-02-04 12:36:00,2011-09-30 15:33:00,559.495,239,Medium
17894,1118.96,8,404,2010-12-08 14:50:00,2011-09-29 09:23:00,139.87,295,Medium
17788,1117.9,2,211,2011-08-02 10:38:00,2011-09-27 10:09:00,558.95,56,Medium
13591,1117.13,3,485,2011-03-18 12:18:00,2011-10-06 12:26:00,372.3766666666667,203,Medium
17585,1116.68,4,1650,2011-01-05 15:09:00,2011-08-22 13:30:00,279.17,229,Medium
16350,1116.47,4,545,2011-01-10 09:44:00,2011-11-18 15:53:00,279.1175,313,Medium
12679,1113.02,4,554,2011-03-01 12:26:00,2011-10-12 12:30:00,278.255,226,Medium
14817,1110.34,2,655,2011-03-07 13:51:00,2011-05-23 13:35:00,555.17,77,Medium
15069,1109.53,1,520,2011-06-13 14:16:00,2011-06-13 14:16:00,1109.53,1,Medium
12399,1108.65,4,1178,2011-03-23 09:42:00,2011-08-12 13:15:00,277.1625,143,Medium
15933,1107.46,3,885,2011-09-14 12:05:00,2011-11-18 13:14:00,369.15333333333336,66,Medium
16833,1106.53,4,440,2011-01-09 13:02:00,2011-12-08 14:39:00,276.6325,334,Medium
12857,1106.4,2,343,2011-02-10 12:32:00,2011-05-13 10:20:00,553.2,92,Medium
14102,1105.8799999999999,5,769,2011-10-26 12:46:00,2011-12-04 15:38:00,221.176,40,Medium
17609,1105.78,5,719,2011-01-16 16:23:00,2011-10-30 12:28:00,221.156,287,Medium
13064,1105.59,4,514,2011-01-16 13:41:00,2011-11-27 12:31:00,276.3975,315,Medium
14948,1101.97,6,673,2011-05-04 14:52:00,2011-11-16 17:16:00,183.66166666666666,197,Medium
15716,1101.1100000000001,4,738,2010-12-05 12:26:00,2011-07-17 11:59:00,275.27750000000003,224,Medium
17047,1100.9,3,533,2011-05-18 16:50:00,2011-09-15 13:27:00,366.9666666666667,120,Medium
14410,1100.27,9,567,2011-02-07 09:36:00,2011-09-08 15:08:00,122.25222222222222,214,Medium
14744,1099.98,7,627,2010-12-08 10:21:00,2011-11-23 12:51:00,157.14000000000001,351,Medium
15978,1098.78,1,888,2011-09-23 15:21:00,2011-09-23 15:21:00,1098.78,1,Medium
13104,1098.48,6,504,2010-12-20 11:58:00,2011-12-06 13:10:00,183.08,352,Medium
17966,1098.43,5,2571,2011-03-23 17:25:00,2011-11-02 10:26:00,219.686,224,Medium
14971,1097.98,3,639,2011-10-27 13:33:00,2011-11-04 17:07:00,365.99333333333334,9,Medium
14161,1097.6200000000001,3,450,2010-12-05 13:18:00,2011-05-08 11:41:00,365.8733333333334,154,Medium
16225,1096.32,5,493,2011-03-07 12:17:00,2011-10-26 08:30:00,219.26399999999998,233,Medium
13211,1095.42,3,834,2010-12-13 16:17:00,2011-11-29 14:43:00,365.14000000000004,351,Medium
13652,1095.08,3,578,2010-12-06 09:21:00,2011-10-25 08:51:00,365.02666666666664,323,Medium
15745,1094.59,4,421,2011-04-17 13:04:00,2011-11-20 13:45:00,273.6475,218,Medium
15608,1093.68,4,714,2011-08-11 09:56:00,2011-11-11 13:20:00,273.42,93,Medium
18189,1090.24,2,566,2011-03-17 09:49:00,2011-09-23 12:40:00,545.12,191,Medium
13853,1090.14,1,312,2011-10-13 14:18:00,2011-10-13 14:18:00,1090.14,1,Medium
12534,1089.18,1,651,2011-08-01 10:26:00,2011-08-01 10:26:00,1089.18,1,Medium
15763,1086.92,2,271,2011-09-23 12:10:00,2011-11-08 09:44:00,543.46,46,Medium
16533,1082.81,3,611,2011-10-02 15:07:00,2011-11-20 13:08:00,360.93666666666667,49,Medium
13610,1082.33,7,488,2011-02-27 14:44:00,2011-11-27 15:38:00,154.6185714285714,274,Medium
14561,1080.76,3,1014,2011-06-08 13:26:00,2011-09-25 12:39:00,360.25333333333333,109,Medium
13744,1080.52,2,1153,2011-02-20 14:08:00,2011-09-05 15:19:00,540.26,198,Medium
13726,1079.6599999999999,2,1054,2011-08-31 11:06:00,2011-11-01 10:49:00,539.8299999999999,62,Medium
15197,1079.6100000000001,3,469,2010-12-16 18:01:00,2011-11-29 10:00:00,359.87000000000006,348,Medium
12354,1079.4,1,530,2011-04-21 13:11:00,2011-04-21 13:11:00,1079.4,1,Medium
14352,1078.96,4,538,2011-03-11 14:58:00,2011-07-05 15:41:00,269.74,117,Medium
16094,1078.23,4,647,2011-05-04 13:57:00,2011-11-28 12:45:00,269.5575,208,Medium
16563,1077.74,1,486,2011-10-17 11:51:00,2011-10-17 11:51:00,1077.74,1,Medium
13715,1077.39,5,562,2010-12-02 08:52:00,2011-03-03 19:21:00,215.478,92,Medium
16049,1074.81,3,763,2011-09-25 14:33:00,2011-10-30 13:19:00,358.27,35,Medium
13131,1073.3,3,447,2011-06-05 10:54:00,2011-11-16 13:21:00,357.76666666666665,165,Medium
15712,1072.3600000000001,5,486,2011-02-25 11:32:00,2011-11-30 14:09:00,214.47200000000004,279,Medium
15238,1071.99,3,692,2011-06-08 16:00:00,2011-11-10 14:28:00,357.33,155,Medium
13467,1071.91,2,580,2011-11-03 16:56:00,2011-11-29 10:01:00,535.955,26,Medium
13521,1071.73,3,718,2011-11-29 15:09:00,2011-12-08 13:50:00,357.24333333333334,9,Medium
17041,1071.49,3,927,2010-12-14 11:43:00,2011-11-13 11:21:00,357.16333333333336,334,Medium
13635,1071.03,1,677,2011-10-03 10:55:00,2011-10-03 10:55:00,1071.03,1,Medium
17522,1070.71,5,1034,2011-05-05 16:31:00,2011-12-08 12:31:00,214.142,217,Medium
13761,1070.65,2,642,2011-06-13 08:43:00,2011-10-20 14:01:00,535.325,130,Medium
14212,1070.48,1,1152,2011-09-11 12:45:00,2011-09-11 12:45:00,1070.48,1,Medium
16200,1068.8700000000001,2,516,2011-06-28 15:47:00,2011-12-05 14:40:00,534.4350000000001,160,Medium
16918,1068.82,6,721,2011-01-26 17:37:00,2011-10-21 12:50:00,178.13666666666666,268,Medium
15436,1067.75,3,574,2011-04-19 16:52:00,2011-11-27 16:05:00,355.9166666666667,222,Medium
15027,1066.1499999999999,4,565,2011-04-15 14:14:00,2011-11-09 10:16:00,266.53749999999997,208,Medium
17277,1065.3500000000001,2,430,2011-01-21 12:37:00,2011-04-26 12:47:00,532.6750000000001,96,Medium
14488,1064.28,1,799,2011-10-03 09:30:00,2011-10-03 09:30:00,1064.28,1,Medium
12951,1064.07,6,503,2011-01-13 10:33:00,2011-12-01 12:14:00,177.345,323,Medium
15801,1063.95,3,570,2011-08-22 09:53:00,2011-10-24 13:52:00,354.65000000000003,64,Medium
12936,1063.9,4,559,2011-09-22 13:51:00,2011-11-22 17:32:00,265.975,62,Medium
12815,1063.46,2,379,2011-05-25 13:34:00,2011-07-15 10:21:00,531.73,51,Medium
14411,1063.0,1,196,2011-02-02 10:56:00,2011-02-02 10:56:00,1063.0,1,Medium
16214,1062.75,3,420,2011-03-15 13:23:00,2011-06-22 11:30:00,354.25,99,Medium
15706,1060.56,4,321,2011-08-15 14:32:00,2011-10-07 10:09:00,265.14,53,Medium
17727,1060.25,1,645,2011-11-24 17:06:00,2011-11-24 17:06:00,1060.25,1,Medium
18130,1059.39,3,824,2011-10-13 15:58:00,2011-11-24 14:40:00,353.13000000000005,42,Medium
17214,1059.1200000000001,6,272,2010-12-15 15:14:00,2011-10-10 13:17:00,176.52,299,Medium
13455,1058.34,2,354,2010-12-08 13:11:00,2011-11-15 11:21:00,529.17,342,Medium
15977,1054.73,2,1016,2011-10-31 16:24:00,2011-11-22 13:29:00,527.365,22,Medium
12716,1053.49,2,708,2011-07-29 13:28:00,2011-12-06 08:55:00,526.745,130,Medium
14419,1051.79,6,483,2010-12-10 10:56:00,2011-11-29 11:22:00,175.29833333333332,355,Medium
16416,1051.4,3,672,2011-10-14 13:35:00,2011-11-13 12:50:00,350.4666666666667,30,Medium
15329,1049.7,3,486,2011-06-21 10:37:00,2011-10-31 15:36:00,349.90000000000003,133,Medium
14078,1049.37,6,310,2010-12-01 12:54:00,2011-08-30 12:16:00,174.89499999999998,272,Medium
17287,1049.06,7,556,2010-12-02 12:22:00,2011-11-13 13:27:00,149.8657142857143,347,Medium
15839,1048.49,3,675,2011-07-14 16:35:00,2011-11-06 13:54:00,349.49666666666667,115,Medium
16728,1048.28,4,671,2011-03-20 13:28:00,2011-10-24 14:36:00,262.07,219,Medium
15777,1047.11,4,378,2010-12-13 16:38:00,2011-04-12 16:43:00,261.7775,121,Medium
15407,1046.74,4,552,2011-02-07 13:18:00,2011-11-06 11:55:00,261.685,272,Medium
16520,1046.57,3,558,2010-12-09 13:08:00,2011-06-06 13:24:00,348.8566666666666,180,Medium
14293,1046.56,4,709,2010-12-06 10:18:00,2011-12-06 15:17:00,261.64,366,Medium
15464,1044.65,1,348,2011-01-05 15:56:00,2011-01-05 15:56:00,1044.65,1,Medium
15192,1044.32,3,918,2010-12-09 14:56:00,2011-08-12 11:41:00,348.1066666666666,246,Medium
14389,1043.46,2,729,2011-06-02 12:04:00,2011-10-05 15:17:00,521.73,126,Medium
15073,1043.41,3,491,2011-06-06 09:59:00,2011-11-30 10:44:00,347.80333333333334,178,Medium
12497,1043.1,1,1236,2011-09-19 12:29:00,2011-09-19 12:29:00,1043.1,1,Medium
13719,1041.68,5,609,2011-04-19 13:56:00,2011-11-24 15:26:00,208.336,220,Medium
18221,1041.61,5,791,2011-05-12 14:13:00,2011-11-17 14:40:00,208.32199999999997,190,Medium
15434,1041.48,5,647,2011-05-23 14:18:00,2011-12-01 13:33:00,208.296,192,Medium
16320,1038.46,2,732,2011-05-10 15:31:00,2011-06-20 15:25:00,519.23,41,Medium
14465,1038.44,3,398,2011-02-10 12:13:00,2011-04-07 12:38:00,346.1466666666667,57,Medium
16175,1037.59,4,533,2011-04-13 14:38:00,2011-09-06 14:32:00,259.3975,146,Medium
17042,1036.58,5,990,2011-04-06 14:53:00,2011-12-07 12:26:00,207.31599999999997,245,Medium
12691,1035.8,6,394,2010-12-17 14:46:00,2011-11-11 16:49:00,172.63333333333333,330,Medium
16260,1035.45,1,311,2011-10-20 09:40:00,2011-10-20 09:40:00,1035.45,1,Medium
13639,1033.34,1,800,2011-09-26 13:36:00,2011-09-26 13:36:00,1033.34,1,Medium
14584,1033.06,4,381,2011-05-25 17:31:00,2011-06-23 18:33:00,258.265,30,Medium
17724,1033.0,3,300,2011-07-24 13:26:00,2011-09-29 15:26:00,344.3333333333333,68,Medium
12599,1032.58,7,956,2011-02-08 13:28:00,2011-11-10 13:34:00,147.51142857142855,276,Medium
15996,1032.58,6,380,2010-12-08 15:59:00,2011-09-12 15:14:00,172.09666666666666,278,Medium
17405,1031.41,3,726,2011-07-12 14:17:00,2011-12-08 17:12:00,343.80333333333334,150,Medium
12724,1031.41,4,445,2011-01-11 15:00:00,2011-12-04 16:02:00,257.8525,328,Medium
13235,1031.07,1,441,2011-05-11 17:13:00,2011-05-11 17:13:00,1031.07,1,Medium
12717,1030.98,2,506,2011-04-08 10:32:00,2011-07-11 14:47:00,515.49,95,Medium
13253,1030.4,2,1572,2011-01-04 15:43:00,2011-07-06 10:09:00,515.2,183,Medium
17033,1030.14,3,750,2010-12-15 13:21:00,2011-09-14 14:34:00,343.38000000000005,274,Medium
15333,1028.56,1,344,2011-05-15 13:27:00,2011-05-15 13:27:00,1028.56,1,Medium
16980,1028.46,2,739,2011-02-21 12:58:00,2011-03-29 16:36:00,514.23,37,Medium
16682,1028.0,5,1040,2011-06-05 11:02:00,2011-12-05 12:13:00,205.6,184,Medium
14904,1025.44,2,1985,2011-11-14 09:13:00,2011-12-07 12:55:00,512.72,24,Medium
16160,1025.44,2,1162,2011-09-15 10:53:00,2011-10-05 14:19:00,512.72,21,Medium
15658,1024.1000000000001,5,242,2010-12-02 10:53:00,2011-06-02 15:22:00,204.82000000000002,183,Medium
17096,1022.13,4,339,2011-03-23 12:05:00,2011-11-24 15:01:00,255.5325,247,Medium
14346,1021.58,2,605,2011-02-15 13:52:00,2011-08-11 09:47:00,510.79,177,Medium
13165,1021.48,2,1376,2010-12-23 14:06:00,2011-10-24 15:05:00,510.74,306,Medium
12572,1020.42,2,452,2011-10-19 08:20:00,2011-12-01 09:20:00,510.21,44,Medium
13376,1019.76,3,493,2011-04-19 13:03:00,2011-09-01 16:16:00,339.92,136,Medium
18142,1019.52,2,1276,2011-05-08 12:31:00,2011-07-05 13:19:00,509.76,59,Medium
13956,1019.27,5,486,2011-03-13 12:51:00,2011-12-04 13:20:00,203.85399999999998,267,Medium
12828,1018.71,6,494,2011-08-01 16:16:00,2011-12-07 08:45:00,169.785,128,Medium
12514,1017.68,1,440,2011-03-17 16:38:00,2011-03-17 16:38:00,1017.68,1,Medium
13728,1016.14,6,458,2011-02-02 12:09:00,2011-11-03 10:49:00,169.35666666666665,274,Medium
12642,1013.26,3,552,2011-08-24 09:23:00,2011-11-14 15:03:00,337.75333333333333,83,Medium
12739,1013.04,2,486,2011-09-01 17:45:00,2011-09-22 13:00:00,506.52,21,Medium
17197,1013.01,1,191,2011-11-10 10:32:00,2011-11-10 10:32:00,1013.01,1,Medium
14195,1012.0,2,760,2011-04-01 16:50:00,2011-05-22 10:29:00,506.0,51,Medium
14775,1011.9,3,1174,2010-12-02 16:38:00,2011-10-12 15:27:00,337.3,314,Medium
16229,1010.6,2,318,2011-05-11 10:18:00,2011-09-13 17:16:00,505.3,126,Medium
14446,1010.35,4,916,2011-04-07 12:10:00,2011-12-09 11:34:00,252.5875,246,Medium
12849,1010.29,2,597,2011-03-16 12:26:00,2011-11-08 13:41:00,505.145,238,Medium
13032,1010.18,2,375,2011-09-13 16:40:00,2011-10-18 15:54:00,505.09,35,Medium
14224,1009.73,4,483,2011-01-23 13:58:00,2011-08-21 13:24:00,252.4325,210,Medium
16572,1009.6,3,532,2011-03-09 12:04:00,2011-08-04 16:34:00,336.53333333333336,149,Medium
16174,1009.5500000000001,3,651,2011-07-11 09:23:00,2011-08-05 13:26:00,336.5166666666667,26,Medium
17951,1008.5400000000001,3,616,2010-12-01 12:40:00,2011-10-31 12:30:00,336.18,334,Medium
17646,1008.39,3,323,2010-12-09 14:28:00,2011-05-04 13:17:00,336.13,146,Medium
14631,1006.98,3,622,2011-02-14 09:31:00,2011-10-20 11:17:00,335.66,249,Medium
13429,1006.8,4,1390,2011-09-25 15:59:00,2011-11-29 09:10:00,251.7,65,Medium
13867,1005.09,3,501,2011-05-05 17:28:00,2011-11-08 15:48:00,335.03000000000003,187,Medium
14214,1004.38,5,751,2011-03-07 12:26:00,2011-11-09 10:31:00,200.876,247,Medium
13410,1003.06,5,518,2011-02-21 14:38:00,2011-11-15 15:33:00,200.612,268,Medium
14083,1002.9,9,705,2010-12-03 12:24:00,2011-12-05 13:14:00,111.43333333333334,368,Medium
12446,1002.3100000000001,1,351,2011-10-13 12:50:00,2011-10-13 12:50:00,1002.3100000000001,1,Medium
12545,1000.39,2,523,2011-03-25 12:04:00,2011-09-25 13:39:00,500.195,185,Medium
15508,1000.27,6,440,2011-04-18 15:31:00,2011-06-03 15:43:00,166.71166666666667,47,Medium
18143,1000.16,2,570,2011-07-21 10:44:00,2011-08-15 12:07:00,500.08,26,Medium
12722,997.63,4,566,2011-07-12 11:55:00,2011-09-15 14:50:00,249.4075,66,Medium
15110,996.1,4,246,2011-01-25 11:41:00,2011-11-16 11:16:00,249.025,295,Medium
15104,993.54,2,635,2011-03-02 14:16:00,2011-05-27 12:29:00,496.77,86,Medium
17594,993.18,2,550,2011-03-30 10:32:00,2011-09-15 16:34:00,496.59,170,Medium
13363,992.5,2,710,2011-10-27 10:46:00,2011-11-22 12:40:00,496.25,27,Medium
14223,991.13,3,585,2011-03-20 16:02:00,2011-09-08 13:38:00,330.37666666666667,172,Medium
16232,990.88,4,550,2011-05-08 14:05:00,2011-10-27 12:16:00,247.72,172,Medium
14514,990.2,3,564,2011-01-12 15:22:00,2011-10-09 16:05:00,330.06666666666666,271,Medium
17126,989.45,5,780,2010-12-12 11:26:00,2011-07-10 13:52:00,197.89000000000001,211,Medium
15062,987.86,4,763,2010-12-15 15:37:00,2011-09-29 16:51:00,246.965,289,Medium
18237,987.1,5,622,2011-07-28 13:05:00,2011-12-07 12:49:00,197.42000000000002,132,Medium
14583,986.96,5,751,2011-05-18 11:28:00,2011-12-04 12:32:00,197.392,201,Medium
17324,986.48,4,843,2010-12-08 12:45:00,2011-11-22 10:34:00,246.62,349,Medium
13117,984.91,8,945,2010-12-02 13:11:00,2011-11-18 12:02:00,123.11375,351,Medium
17144,984.57,2,483,2011-09-16 12:50:00,2011-12-08 17:57:00,492.285,84,Medium
12510,982.5699999999999,2,353,2011-01-18 14:04:00,2011-07-20 10:15:00,491.28499999999997,183,Medium
15133,982.42,3,680,2011-02-11 10:38:00,2011-08-04 10:44:00,327.4733333333333,175,Medium
15071,982.07,2,269,2011-03-09 10:19:00,2011-09-07 11:43:00,491.035,183,Medium
16188,981.86,4,782,2011-04-11 09:44:00,2011-10-26 12:19:00,245.465,199,Medium
16085,981.51,5,636,2011-01-23 12:07:00,2011-11-16 13:24:00,196.302,298,Medium
12541,981.18,3,680,2011-03-04 09:32:00,2011-11-10 10:40:00,327.06,252,Medium
18170,980.31,3,409,2011-05-06 15:13:00,2011-11-06 14:35:00,326.77,184,Medium
13509,979.72,7,1106,2011-02-28 13:27:00,2011-12-01 10:10:00,139.96,276,Medium
13350,979.12,2,287,2011-09-21 13:33:00,2011-11-23 16:33:00,489.56,64,Medium
15132,977.9300000000001,5,679,2011-03-22 12:02:00,2011-11-21 17:10:00,195.586,245,Medium
14920,977.77,2,509,2011-05-11 10:31:00,2011-05-11 10:32:00,488.885,1,Medium
13026,975.36,5,1620,2011-03-09 11:35:00,2011-12-08 16:58:00,195.072,275,Medium
16376,974.96,2,691,2011-11-22 16:47:00,2011-12-01 11:38:00,487.48,9,Medium
14522,974.54,4,525,2011-05-25 16:01:00,2011-11-15 13:24:00,243.635,174,Medium
15449,974.52,3,812,2011-03-23 10:43:00,2011-11-13 15:02:00,324.84,236,Medium
12994,974.4200000000001,3,459,2011-03-16 08:31:00,2011-12-05 15:43:00,324.8066666666667,265,Medium
18194,973.8399999999999,1,632,2011-09-18 13:29:00,2011-09-18 13:29:00,973.8399999999999,1,Medium
16009,972.11,4,366,2011-07-03 11:26:00,2011-11-17 16:51:00,243.0275,138,Medium
15506,972.08,3,842,2011-07-24 11:45:00,2011-11-17 12:11:00,324.0266666666667,117,Medium
13155,971.76,4,497,2010-12-06 12:44:00,2011-11-06 15:41:00,242.94,336,Medium
17100,971.74,2,800,2011-11-21 16:36:00,2011-11-21 16:36:00,485.87,1,Medium
14256,969.0600000000001,2,414,2010-12-10 11:44:00,2011-03-24 13:17:00,484.53000000000003,105,Medium
14138,965.8800000000001,2,600,2011-10-07 09:38:00,2011-12-08 12:44:00,482.94000000000005,63,Medium
15793,965.61,3,553,2011-03-16 10:45:00,2011-11-25 09:31:00,321.87,254,Medium
15860,965.16,8,437,2010-12-06 11:38:00,2011-10-30 11:25:00,120.645,328,Medium
12550,964.83,1,569,2011-09-21 14:35:00,2011-09-21 14:35:00,964.83,1,Medium
13138,962.39,6,473,2010-12-02 15:03:00,2011-11-17 16:51:00,160.39833333333334,351,Medium
14006,962.19,3,641,2011-01-31 15:11:00,2011-08-16 09:39:00,320.73,197,Medium
15156,961.49,3,597,2011-11-06 12:41:00,2011-12-08 18:22:00,320.49666666666667,33,Medium
16419,958.71,6,428,2011-02-01 12:25:00,2011-08-19 12:33:00,159.785,200,Medium
18192,957.97,1,339,2011-09-29 09:53:00,2011-09-29 09:53:00,957.97,1,Medium
13823,957.66,2,439,2011-09-09 10:42:00,2011-11-21 10:22:00,478.83,73,Medium
12697,957.59,3,508,2011-06-23 15:44:00,2011-11-11 08:47:00,319.19666666666666,141,Medium
14629,955.26,2,378,2011-10-23 16:13:00,2011-12-05 16:55:00,477.63,44,Medium
15948,955.24,2,567,2011-10-27 08:35:00,2011-12-01 15:32:00,477.62,36,Medium
17244,954.9,1,616,2011-10-17 15:19:00,2011-10-17 15:19:00,954.9,1,Medium
17097,954.42,8,459,2010-12-09 14:55:00,2011-12-07 17:05:00,119.3025,364,Medium
15835,954.09,4,439,2011-01-13 10:35:00,2011-10-26 15:47:00,238.5225,287,Medium
14540,952.66,3,411,2011-02-03 15:02:00,2011-11-30 10:15:00,317.55333333333334,300,Medium
15421,950.36,4,500,2011-02-02 14:36:00,2011-10-12 09:20:00,237.59,252,Medium
13636,949.12,5,592,2011-02-27 14:29:00,2011-11-03 10:30:00,189.824,249,Medium
12822,948.88,2,550,2011-09-13 13:46:00,2011-09-30 10:04:00,474.44,17,Medium
17044,948.48,1,504,2011-11-14 14:28:00,2011-11-14 14:28:00,948.48,1,Medium
13748,948.25,5,439,2010-12-01 09:00:00,2011-09-05 09:45:00,189.65,279,Medium
12458,947.4,2,506,2011-02-28 10:55:00,2011-09-29 15:25:00,473.7,214,Medium
15747,946.64,3,466,2011-06-20 11:30:00,2011-11-27 12:26:00,315.5466666666667,161,Medium
13261,944.1,2,210,2011-02-27 10:41:00,2011-03-16 12:22:00,472.05,18,Medium
12820,942.34,4,722,2011-01-17 12:34:00,2011-12-06 15:12:00,235.585,324,Medium
14075,942.26,3,754,2011-03-23 16:35:00,2011-12-05 08:38:00,314.08666666666664,257,Medium
15289,939.78,3,1008,2011-04-04 12:44:00,2011-11-10 13:49:00,313.26,221,Medium
17527,939.37,4,488,2011-05-05 13:43:00,2011-10-17 12:32:00,234.8425,165,Medium
17227,939.32,6,741,2010-12-06 11:16:00,2011-11-21 10:51:00,156.55333333333334,350,Medium
16584,936.08,2,646,2011-03-30 13:14:00,2011-09-20 13:45:00,468.04,175,Medium
14140,935.05,2,811,2011-11-08 11:20:00,2011-12-06 09:05:00,467.525,28,Medium
16027,934.62,6,1147,2011-02-10 12:19:00,2011-09-09 10:47:00,155.77,211,Medium
12924,933.7,4,481,2011-01-16 11:49:00,2011-09-12 13:55:00,233.425,240,Medium
15787,933.26,3,534,2011-10-09 13:11:00,2011-11-13 14:55:00,311.08666666666664,36,Medium
13655,932.97,2,605,2011-04-12 09:53:00,2011-08-17 14:25:00,466.485,128,Medium
14532,932.85,4,284,2010-12-22 13:48:00,2011-04-17 13:05:00,233.2125,116,Medium
18133,931.4999999999999,1,1350,2011-05-11 14:14:00,2011-05-11 14:14:00,931.4999999999999,1,Medium
16934,931.03,2,397,2011-10-16 12:25:00,2011-10-16 12:40:00,465.515,1,Medium
17289,931.02,3,513,2011-06-12 13:51:00,2011-11-08 12:01:00,310.34,149,Medium
17552,930.41,4,719,2010-12-02 18:45:00,2011-10-10 17:00:00,232.6025,312,Medium
17618,930.28,3,319,2010-12-12 16:05:00,2011-12-04 11:50:00,310.0933333333333,357,Medium
16907,928.76,5,286,2010-12-09 16:52:00,2011-11-10 18:04:00,185.752,337,Medium
14475,925.85,3,447,2011-02-08 10:12:00,2011-09-29 10:46:00,308.6166666666667,234,Medium
14231,925.71,3,409,2011-02-24 11:55:00,2011-06-09 11:05:00,308.57,105,Medium
17048,925.35,3,485,2011-01-12 16:51:00,2011-08-14 11:49:00,308.45,214,Medium
15312,924.85,4,516,2010-12-20 12:51:00,2011-09-25 13:10:00,231.2125,280,Medium
13805,924.6,2,1900,2011-08-02 15:29:00,2011-10-18 14:50:00,462.3,77,Medium
15654,922.53,2,475,2011-11-13 15:15:00,2011-11-30 13:08:00,461.265,17,Medium
13122,922.39,2,585,2011-04-13 14:12:00,2011-09-06 15:53:00,461.195,147,Medium
16551,922.12,3,970,2011-01-07 10:24:00,2011-09-05 09:38:00,307.37333333333333,241,Medium
13934,922.1,1,390,2011-03-21 08:39:00,2011-03-21 08:39:00,922.1,1,Medium
13035,921.88,2,644,2011-03-24 09:21:00,2011-09-27 08:57:00,460.94,187,Medium
14081,921.62,2,592,2010-12-05 15:47:00,2011-02-10 16:17:00,460.81,68,Medium
15576,921.37,1,394,2011-11-02 12:03:00,2011-11-02 12:03:00,921.37,1,Medium
13984,920.51,5,679,2010-12-08 15:58:00,2011-11-13 12:38:00,184.102,340,Medium
17018,920.1,2,176,2011-01-18 08:46:00,2011-10-30 11:42:00,460.05,286,Medium
12652,919.98,1,505,2011-01-12 15:00:00,2011-01-12 15:00:00,919.98,1,Medium
13075,919.61,1,485,2011-08-02 10:19:00,2011-08-02 10:19:00,919.61,1,Medium
16511,918.33,3,405,2011-03-18 11:24:00,2011-11-18 10:41:00,306.11,245,Medium
13549,918.2,7,458,2011-04-11 13:42:00,2011-11-14 09:20:00,131.17142857142858,217,Medium
15253,918.1999999999999,5,866,2011-06-23 12:19:00,2011-11-23 16:22:00,183.64,154,Medium
14015,917.34,1,378,2011-10-18 10:02:00,2011-10-18 10:02:00,917.34,1,Medium
14712,917.07,3,315,2011-08-19 13:33:00,2011-11-10 12:59:00,305.69,83,Medium
15707,916.98,4,594,2011-09-14 14:19:00,2011-11-04 14:35:00,229.245,52,Medium
17236,916.13,6,474,2010-12-12 11:49:00,2011-11-27 12:00:00,152.68833333333333,351,Medium
14141,915.13,4,355,2011-08-26 14:40:00,2011-12-07 09:53:00,228.7825,103,Medium
16216,914.9300000000001,1,254,2011-03-17 15:34:00,2011-03-17 15:34:00,914.9300000000001,1,Medium
16809,914.69,5,652,2011-03-22 15:20:00,2011-11-16 15:45:00,182.93800000000002,240,Medium
15587,913.6800000000001,4,312,2010-12-23 09:59:00,2011-10-20 13:37:00,228.42000000000002,302,Medium
15364,913.19,2,493,2011-03-30 13:39:00,2011-09-05 09:46:00,456.595,159,Medium
14359,912.18,3,371,2011-09-13 09:03:00,2011-11-20 13:17:00,304.06,69,Medium
13192,911.94,2,595,2011-05-18 14:57:00,2011-09-05 14:13:00,455.97,110,Medium
14289,911.26,6,292,2011-02-23 12:33:00,2011-12-01 11:44:00,151.87666666666667,281,Medium
13689,910.0,1,512,2011-10-07 13:21:00,2011-10-07 13:21:00,910.0,1,Medium
13782,908.86,6,369,2011-01-16 11:08:00,2011-11-27 11:54:00,151.47666666666666,316,Medium
13038,908.46,3,360,2011-02-22 11:43:00,2011-09-20 14:37:00,302.82,211,Medium
17323,906.52,7,760,2011-02-20 14:38:00,2011-11-24 17:29:00,129.50285714285715,278,Medium
15480,905.5,1,303,2011-08-15 14:32:00,2011-08-15 14:32:00,905.5,1,Medium
15807,903.9,3,430,2011-09-23 14:43:00,2011-10-20 14:10:00,301.3,27,Medium
16716,901.2,2,120,2011-02-01 15:35:00,2011-03-18 10:03:00,450.6,45,Medium
17848,901.1999999999999,9,398,2010-12-16 18:38:00,2011-09-19 16:49:00,100.13333333333333,277,Medium
15511,900.53,5,269,2011-09-15 15:05:00,2011-11-28 09:43:00,180.106,74,Medium
12940,899.69,2,404,2011-09-13 10:16:00,2011-10-16 12:09:00,449.845,34,Medium
14625,899.63,2,335,2010-12-13 15:36:00,2011-05-27 15:32:00,449.815,165,Medium
15079,895.61,4,389,2010-12-09 09:25:00,2011-05-11 12:45:00,223.9025,154,Medium
15865,895.13,3,368,2011-05-10 11:44:00,2011-10-30 12:43:00,298.37666666666667,174,Medium
15211,894.4100000000001,2,240,2010-12-09 16:08:00,2011-10-10 13:31:00,447.20500000000004,305,Medium
15066,893.59,1,317,2011-10-17 13:25:00,2011-10-17 13:25:00,893.59,1,Medium
12772,892.47,1,556,2011-10-11 09:19:00,2011-10-11 09:19:00,892.47,1,Medium
16361,891.21,4,418,2011-09-29 13:13:00,2011-11-30 12:32:00,222.8025,62,Medium
13515,891.12,4,681,2011-04-06 10:33:00,2011-09-28 11:26:00,222.78,176,Medium
15255,890.85,1,489,2011-10-04 12:43:00,2011-10-04 12:43:00,890.85,1,Medium
14240,890.34,2,418,2011-04-28 11:40:00,2011-11-09 13:45:00,445.17,196,Medium
14344,889.9300000000001,8,477,2010-12-06 11:58:00,2011-08-04 13:51:00,111.24125000000001,242,Medium
17007,889.9300000000001,6,597,2010-12-17 13:57:00,2011-10-20 10:47:00,148.3216666666667,307,Medium
17829,889.24,1,496,2011-02-14 12:46:00,2011-02-14 12:46:00,889.24,1,Medium
17537,887.67,2,699,2011-02-09 13:37:00,2011-11-10 10:56:00,443.835,274,Medium
16900,887.11,3,833,2011-10-07 13:17:00,2011-11-23 10:32:00,295.7033333333333,47,Medium
14623,886.7,5,418,2011-04-18 13:54:00,2011-11-07 13:56:00,177.34,204,Medium
14449,885.8,4,741,2010-12-02 14:09:00,2011-11-21 12:06:00,221.45,354,Medium
15822,885.47,2,375,2010-12-15 13:38:00,2011-12-06 14:50:00,442.735,357,Medium
17704,885.19,2,343,2011-04-14 09:28:00,2011-06-24 09:40:00,442.595,72,Medium
15799,884.14,3,955,2011-01-09 15:13:00,2011-09-25 12:46:00,294.7133333333333,259,Medium
15907,882.72,3,478,2011-05-13 13:01:00,2011-12-06 12:21:00,294.24,207,Medium
18236,882.24,6,403,2011-04-13 09:52:00,2011-11-10 08:06:00,147.04,211,Medium
17109,881.29,6,588,2011-04-21 15:46:00,2011-11-10 16:59:00,146.88166666666666,204,Medium
13662,881.26,3,533,2011-03-25 13:23:00,2011-09-15 12:04:00,293.75333333333333,174,Medium
13037,881.07,3,431,2011-03-28 15:42:00,2011-07-24 15:46:00,293.69,119,Medium
15076,880.85,1,571,2011-06-20 08:23:00,2011-06-20 08:23:00,880.85,1,Medium
17027,877.5600000000001,6,416,2011-01-26 14:19:00,2011-09-22 12:24:00,146.26000000000002,239,Medium
15653,877.4399999999999,2,1200,2011-08-16 09:50:00,2011-09-08 10:49:00,438.71999999999997,24,Medium
14770,876.42,2,490,2011-01-20 15:00:00,2011-04-21 14:21:00,438.21,91,Medium
15100,876.0,3,80,2010-12-01 09:09:00,2011-01-10 10:35:00,292.0,41,Medium
16513,874.59,4,407,2011-10-27 14:56:00,2011-12-05 10:18:00,218.6475,39,Medium
16657,874.43,4,1130,2011-03-30 12:02:00,2011-11-30 11:48:00,218.6075,245,Medium
13294,873.74,2,453,2011-04-04 12:37:00,2011-06-03 08:54:00,436.87,60,Medium
15208,870.12,5,316,2010-12-21 13:03:00,2011-12-08 17:24:00,174.024,353,Medium
13200,870.09,4,516,2011-08-05 14:50:00,2011-11-20 15:35:00,217.5225,108,Medium
13979,869.87,1,639,2011-09-27 13:32:00,2011-09-27 13:32:00,869.87,1,Medium
17566,869.77,2,497,2011-11-14 13:42:00,2011-12-01 19:54:00,434.885,18,Medium
12694,869.67,2,509,2011-06-09 17:48:00,2011-09-30 13:06:00,434.835,113,Medium
13203,869.46,4,800,2011-04-11 14:40:00,2011-11-30 10:45:00,217.365,233,Medium
17886,869.28,3,469,2011-04-04 12:34:00,2011-11-08 10:09:00,289.76,218,Medium
17649,868.49,1,399,2011-07-24 15:53:00,2011-07-24 15:53:00,868.49,1,Medium
14912,867.85,2,971,2011-04-07 11:06:00,2011-11-23 09:20:00,433.925,230,Medium
14715,867.38,4,521,2011-01-12 13:27:00,2011-11-15 12:10:00,216.845,307,Medium
16235,867.31,5,330,2011-01-11 15:42:00,2011-10-30 10:56:00,173.462,292,Medium
14597,866.24,2,566,2011-06-01 12:33:00,2011-11-28 13:13:00,433.12,181,Medium
16567,865.6,2,996,2011-01-07 09:31:00,2011-05-29 13:57:00,432.8,143,Medium
13846,865.0600000000001,3,388,2010-12-14 16:07:00,2011-11-15 12:07:00,288.35333333333335,336,Medium
12680,862.81,4,443,2011-08-18 15:44:00,2011-12-09 12:50:00,215.7025,113,Medium
16266,861.89,7,398,2011-05-17 14:50:00,2011-09-27 12:08:00,123.12714285714286,133,Medium
16221,860.86,3,714,2010-12-07 13:13:00,2011-11-03 11:43:00,286.9533333333333,331,Medium
12794,860.41,2,592,2011-09-02 12:01:00,2011-10-17 14:54:00,430.205,46,Medium
13339,860.12,1,326,2011-05-23 08:31:00,2011-05-23 08:31:00,860.12,1,Medium
14577,859.71,4,353,2010-12-12 11:26:00,2011-11-27 12:47:00,214.9275,351,Medium
14553,859.27,5,493,2011-01-04 15:40:00,2011-11-20 13:20:00,171.85399999999998,320,Medium
13566,856.84,2,567,2011-09-18 12:40:00,2011-10-30 11:59:00,428.42,42,Medium
16163,856.6,2,192,2010-12-09 16:28:00,2011-04-21 15:15:00,428.3,133,Medium
12693,855.91,4,255,2011-01-24 12:58:00,2011-08-04 17:51:00,213.9775,193,Medium
17064,855.45,3,316,2011-01-16 16:10:00,2011-10-12 10:18:00,285.15000000000003,269,Medium
16037,855.02,3,428,2010-12-16 10:18:00,2011-03-15 09:13:00,285.00666666666666,89,Medium
12878,854.99,2,547,2011-03-18 14:02:00,2011-04-17 13:07:00,427.495,30,Medium
17560,854.95,4,635,2011-02-02 11:14:00,2011-09-06 09:18:00,213.7375,216,Medium
16121,854.66,2,576,2011-05-08 11:52:00,2011-10-13 12:59:00,427.33,159,Medium
14193,853.39,2,445,2011-03-15 11:38:00,2011-10-03 09:34:00,426.695,202,Medium
13991,852.88,6,995,2011-07-19 12:58:00,2011-11-27 16:18:00,142.14666666666668,132,Medium
15022,852.39,4,527,2011-10-23 15:47:00,2011-11-28 12:35:00,213.0975,36,Medium
12379,852.24,2,407,2011-06-22 16:32:00,2011-09-19 10:09:00,426.12,89,Medium
16070,852.15,2,457,2011-11-07 16:36:00,2011-11-17 15:50:00,426.075,10,Medium
16020,851.01,3,487,2011-10-05 13:54:00,2011-11-23 11:18:00,283.67,49,Medium
18096,849.06,3,788,2011-10-07 11:55:00,2011-11-28 12:44:00,283.02,53,Medium
12713,848.55,1,508,2011-12-09 12:16:00,2011-12-09 12:16:00,848.55,1,Medium
14657,848.22,4,466,2011-01-17 15:19:00,2011-11-22 12:47:00,212.055,309,Medium
16347,847.45,2,341,2011-11-03 13:01:00,2011-11-28 13:14:00,423.725,26,Medium
13221,847.41,2,244,2010-12-15 13:24:00,2011-04-13 16:58:00,423.705,120,Medium
16877,846.62,6,458,2011-05-15 16:13:00,2011-11-27 13:47:00,141.10333333333332,196,Medium
14803,845.55,3,370,2011-02-20 13:21:00,2011-06-30 13:58:00,281.84999999999997,131,Medium
12847,843.64,1,873,2011-11-17 13:16:00,2011-11-17 13:16:00,843.64,1,Medium
17624,843.48,2,554,2011-05-05 17:59:00,2011-11-25 10:52:00,421.74,204,Medium
17929,843.0,4,108,2011-02-04 11:40:00,2011-11-28 16:01:00,210.75,298,Medium
13929,842.65,2,143,2011-01-17 15:11:00,2011-06-23 15:26:00,421.325,158,Medium
16108,842.5,1,615,2011-09-16 11:48:00,2011-09-16 11:48:00,842.5,1,Medium
16560,841.41,2,500,2010-12-16 14:36:00,2011-11-13 10:35:00,420.705,332,Medium
14862,841.1999999999999,2,772,2011-07-14 11:20:00,2011-11-14 10:01:00,420.59999999999997,123,Medium
17076,841.0799999999999,3,295,2010-12-10 10:08:00,2011-11-03 17:53:00,280.35999999999996,329,Medium
14332,840.21,3,463,2011-07-15 10:33:00,2011-11-17 11:54:00,280.07,126,Medium
13940,839.14,4,516,2011-07-18 16:05:00,2011-11-22 15:15:00,209.785,127,Medium
17115,837.5,3,372,2011-04-20 14:46:00,2011-12-01 14:30:00,279.1666666666667,225,Medium
16554,837.1,3,402,2011-01-12 12:41:00,2011-10-28 14:51:00,279.03333333333336,290,Medium
15832,836.79,1,465,2011-03-30 15:29:00,2011-03-30 15:29:00,836.79,1,Medium
12728,836.33,4,419,2011-01-11 13:31:00,2011-09-29 15:31:00,209.0825,262,Medium
16747,836.06,2,583,2011-10-03 10:18:00,2011-11-02 11:37:00,418.03,31,Medium
17169,835.78,2,526,2011-06-09 13:16:00,2011-10-13 10:25:00,417.89,126,Medium
13835,834.57,4,442,2011-05-08 15:22:00,2011-11-14 15:37:00,208.6425,191,Medium
17075,834.12,4,292,2011-01-26 13:20:00,2011-11-22 11:58:00,208.53,300,Medium
16644,833.78,2,826,2011-05-11 12:53:00,2011-06-15 12:39:00,416.89,35,Medium
15862,832.88,4,585,2010-12-01 11:21:00,2011-12-01 13:28:00,208.22,366,Medium
14644,830.76,2,258,2011-02-14 14:14:00,2011-10-03 08:30:00,415.38,231,Medium
16924,829.89,3,467,2011-09-16 12:54:00,2011-11-18 12:53:00,276.63,63,Medium
13681,827.83,4,360,2011-07-07 15:21:00,2011-11-22 11:13:00,206.9575,138,Medium
12461,826.88,2,287,2011-07-08 10:23:00,2011-09-06 16:57:00,413.44,61,Medium
12781,826.74,2,671,2011-02-28 08:43:00,2011-10-07 10:37:00,413.37,222,Medium
16494,826.53,1,675,2011-02-16 12:49:00,2011-02-16 12:49:00,826.53,1,Medium
12427,825.8,3,533,2010-12-03 10:44:00,2011-11-18 08:56:00,275.26666666666665,350,Medium
15164,824.58,3,351,2011-01-04 14:21:00,2011-10-02 12:05:00,274.86,271,Medium
16164,822.48,3,433,2011-10-28 09:12:00,2011-11-22 15:04:00,274.16,26,Medium
12778,822.23,6,825,2011-01-31 14:35:00,2011-11-20 11:30:00,137.03833333333333,293,Medium
13893,821.1,1,190,2011-02-15 11:30:00,2011-02-15 11:30:00,821.1,1,Medium
17921,820.23,4,425,2011-03-18 13:19:00,2011-10-06 18:56:00,205.0575,203,Medium
17759,819.96,3,697,2011-06-23 13:35:00,2011-11-22 16:02:00,273.32,153,Medium
13220,819.2900000000001,4,196,2011-04-17 10:59:00,2011-09-22 13:38:00,204.82250000000002,159,Medium
16092,817.86,3,628,2011-03-30 15:38:00,2011-08-17 10:46:00,272.62,140,Medium
16869,817.12,4,583,2011-06-17 13:01:00,2011-11-17 12:02:00,204.28,153,Medium
16943,816.73,3,145,2011-01-25 14:00:00,2011-05-12 11:57:00,272.24333333333334,107,Medium
15649,816.0,2,192,2010-12-07 10:06:00,2011-01-07 13:34:00,408.0,32,Medium
15399,815.77,3,611,2011-09-21 15:57:00,2011-12-08 13:04:00,271.92333333333335,78,Medium
13811,814.5,3,68,2011-04-14 18:40:00,2011-06-09 09:54:00,271.5,56,Medium
18064,814.0,2,384,2011-04-18 15:08:00,2011-07-29 16:39:00,407.0,103,Medium
16600,813.52,6,1145,2011-01-05 12:13:00,2011-12-05 16:00:00,135.58666666666667,335,Medium
16621,813.48,4,302,2011-03-07 11:32:00,2011-10-19 11:38:00,203.37,227,Medium
14421,813.11,2,365,2011-05-12 10:49:00,2011-10-13 13:24:00,406.555,155,Medium
16284,812.68,2,535,2011-10-20 13:54:00,2011-11-08 16:12:00,406.34,20,Medium
17980,811.45,3,682,2010-12-15 15:50:00,2011-06-27 12:01:00,270.48333333333335,194,Medium
16460,811.23,3,876,2011-09-19 10:15:00,2011-11-11 13:46:00,270.41,54,Medium
16276,810.6000000000001,1,420,2011-06-16 09:34:00,2011-06-16 09:34:00,810.6000000000001,1,Medium
16624,810.5699999999999,2,488,2011-05-26 14:20:00,2011-09-20 12:39:00,405.28499999999997,117,Medium
15965,808.87,4,434,2010-12-07 13:18:00,2011-11-22 16:44:00,202.2175,351,Medium
14499,808.44,3,496,2011-03-06 11:55:00,2011-11-13 13:01:00,269.48,253,Medium
15533,807.57,3,289,2011-09-11 15:41:00,2011-11-20 15:35:00,269.19,70,Medium
12421,807.04,4,484,2011-01-24 15:09:00,2011-11-24 09:07:00,201.76,304,Medium
13707,806.41,2,351,2011-01-28 13:27:00,2011-03-17 18:03:00,403.205,49,Medium
12434,806.14,2,394,2011-03-24 13:05:00,2011-09-16 12:38:00,403.07,176,Medium
13637,804.3,3,405,2011-04-27 13:06:00,2011-10-18 13:32:00,268.09999999999997,175,Medium
18248,804.02,2,511,2011-06-06 13:18:00,2011-08-09 10:19:00,402.01,64,Medium
12422,803.5600000000001,3,370,2011-01-19 09:13:00,2011-09-05 09:48:00,267.85333333333335,230,Medium
15644,803.54,4,550,2011-03-23 15:37:00,2011-06-26 14:54:00,200.885,95,Medium
18265,801.51,2,311,2011-07-04 15:26:00,2011-09-28 14:10:00,400.755,86,Medium
17114,801.12,8,215,2011-01-09 11:39:00,2011-12-04 12:17:00,100.14,330,Medium
16367,800.67,2,643,2010-12-12 12:01:00,2011-11-02 13:13:00,400.335,326,Medium
15561,800.59,4,267,2011-05-08 11:38:00,2011-11-28 11:07:00,200.1475,204,Medium
13720,799.9,4,501,2011-03-30 09:17:00,2011-08-15 12:46:00,199.975,139,Medium
17905,798.99,4,406,2010-12-01 13:21:00,2011-09-29 17:33:00,199.7475,303,Medium
17703,798.74,3,590,2011-07-24 13:30:00,2011-11-04 15:51:00,266.24666666666667,104,Medium
13280,798.46,3,518,2011-01-06 17:10:00,2011-08-09 13:14:00,266.15333333333336,215,Medium
16438,798.35,5,463,2011-09-18 13:31:00,2011-12-04 10:51:00,159.67000000000002,77,Medium
13389,797.96,3,429,2011-04-21 12:12:00,2011-11-28 14:01:00,265.9866666666667,222,Medium
12701,797.71,2,678,2011-04-11 13:02:00,2011-09-21 10:47:00,398.855,163,Medium
13336,795.12,1,559,2011-09-23 14:05:00,2011-09-23 14:05:00,795.12,1,Medium
15831,794.64,3,1092,2011-01-19 14:52:00,2011-10-12 13:14:00,264.88,266,Medium
15990,792.11,2,443,2011-02-25 15:35:00,2011-10-26 15:58:00,396.055,244,Medium
13167,791.33,4,785,2011-07-19 12:13:00,2011-11-21 12:24:00,197.8325,126,Medium
14976,790.86,7,234,2011-01-17 11:09:00,2011-10-13 16:37:00,112.98,270,Medium
13016,789.89,3,527,2011-08-08 15:00:00,2011-09-27 14:08:00,263.2966666666667,50,Medium
16759,789.79,3,609,2011-11-09 09:06:00,2011-12-02 12:42:00,263.2633333333333,24,Medium
13329,789.0,2,463,2010-12-08 10:11:00,2011-11-08 10:29:00,394.5,336,Medium
14557,788.38,1,510,2011-09-15 15:48:00,2011-09-15 15:48:00,788.38,1,Medium
13323,787.85,5,175,2011-09-16 13:23:00,2011-12-06 17:12:00,157.57,82,Medium
13884,787.6,5,300,2011-03-01 13:40:00,2011-12-02 16:30:00,157.52,277,Medium
16546,787.15,2,549,2010-12-02 12:07:00,2011-02-22 11:20:00,393.575,82,Medium
13212,786.83,3,309,2011-10-09 14:48:00,2011-11-20 12:40:00,262.2766666666667,42,Medium
13109,786.54,2,520,2011-07-05 14:56:00,2011-10-11 10:16:00,393.27,98,Medium
12628,786.46,3,448,2011-10-06 09:28:00,2011-12-05 13:15:00,262.15333333333336,61,Medium
15806,784.58,3,602,2011-03-08 09:24:00,2011-10-24 14:35:00,261.5266666666667,231,Medium
18136,784.33,3,379,2011-01-24 12:08:00,2011-10-07 15:40:00,261.4433333333333,257,Medium
17180,783.97,4,670,2011-01-27 18:05:00,2011-10-14 15:46:00,195.9925,260,Medium
16054,783.9,1,380,2011-07-17 13:08:00,2011-07-17 13:08:00,783.9,1,Medium
15952,781.91,4,391,2011-04-28 12:55:00,2011-11-06 11:18:00,195.4775,192,Medium
17006,781.78,4,272,2011-09-25 12:15:00,2011-12-05 12:09:00,195.445,71,Medium
15679,781.28,4,1170,2011-06-10 08:24:00,2011-11-15 16:19:00,195.32,159,Medium
13583,781.03,1,725,2011-07-07 10:40:00,2011-07-07 10:40:00,781.03,1,Medium
15239,780.59,2,594,2011-09-22 09:53:00,2011-11-29 14:14:00,390.295,69,Medium
17797,780.43,3,498,2011-06-10 11:29:00,2011-11-17 13:21:00,260.1433333333333,161,Medium
18228,779.9,2,238,2011-09-21 10:48:00,2011-10-14 09:21:00,389.95,23,Medium
12735,779.5699999999999,2,368,2011-01-06 14:26:00,2011-01-28 13:37:00,389.78499999999997,22,Medium
17411,778.94,3,306,2011-03-23 13:44:00,2011-11-27 14:25:00,259.6466666666667,250,Medium
13375,778.65,1,442,2011-09-12 10:19:00,2011-09-12 10:19:00,778.65,1,Medium
14815,778.5,2,744,2011-10-03 11:36:00,2011-11-03 11:36:00,389.25,32,Medium
17414,778.0,2,2100,2011-06-08 11:43:00,2011-10-27 12:13:00,389.0,142,Medium
16505,777.6,1,576,2011-11-08 12:14:00,2011-11-08 12:14:00,777.6,1,Medium
13563,777.53,2,209,2011-07-22 17:21:00,2011-09-16 14:45:00,388.765,56,Medium
12425,777.2,1,496,2011-09-22 17:31:00,2011-09-22 17:31:00,777.2,1,Medium
15618,776.851,4,454,2011-07-26 10:13:00,2011-11-07 08:34:00,194.21275,104,Medium
15743,775.96,4,214,2011-06-08 10:14:00,2011-11-23 17:19:00,193.99,169,Medium
13314,775.94,3,560,2011-09-27 10:20:00,2011-12-08 12:29:00,258.6466666666667,73,Medium
13341,775.85,1,301,2011-03-24 09:50:00,2011-03-24 09:50:00,775.85,1,Medium
16825,775.1800000000001,2,566,2011-06-07 09:44:00,2011-11-01 11:51:00,387.59000000000003,148,Medium
15414,774.9000000000001,3,443,2011-04-11 13:45:00,2011-11-30 09:50:00,258.3,233,Medium
16043,773.99,4,503,2011-01-26 11:14:00,2011-11-02 12:50:00,193.4975,281,Medium
16222,773.5500000000001,1,325,2011-01-25 13:38:00,2011-01-25 13:38:00,773.5500000000001,1,Medium
15075,773.03,1,447,2011-09-23 12:27:00,2011-09-23 12:27:00,773.03,1,Medium
17764,772.55,2,351,2011-05-12 16:11:00,2011-10-20 11:03:00,386.275,161,Medium
17409,771.85,2,105,2011-04-05 16:42:00,2011-06-08 10:36:00,385.925,64,Medium
15353,770.12,2,341,2010-12-07 11:49:00,2011-03-30 12:15:00,385.06,114,Medium
14412,770.03,2,786,2011-09-28 08:48:00,2011-10-28 10:45:00,385.015,31,Medium
12965,769.8100000000001,1,282,2011-09-11 15:31:00,2011-09-11 15:31:00,769.8100000000001,1,Medium
16480,769.29,1,455,2011-09-25 11:40:00,2011-09-25 11:40:00,769.29,1,Medium
13356,768.24,1,325,2011-09-20 14:33:00,2011-09-20 14:33:00,768.24,1,Medium
14672,765.55,2,454,2011-01-07 15:48:00,2011-04-19 10:19:00,382.775,102,Medium
17695,765.34,2,779,2011-06-21 12:35:00,2011-07-31 10:40:00,382.67,40,Medium
14885,765.3199999999999,1,724,2011-07-31 12:05:00,2011-07-31 12:05:00,765.3199999999999,1,Medium
17516,764.88,5,414,2011-02-27 12:41:00,2011-11-24 16:51:00,152.976,271,Medium
17268,763.64,4,844,2011-04-08 13:20:00,2011-08-24 10:06:00,190.91,138,Medium
17466,763.28,2,306,2011-09-22 09:16:00,2011-11-29 13:15:00,381.64,69,Medium
16806,762.16,4,356,2011-04-14 19:59:00,2011-08-28 15:27:00,190.54,136,Medium
15599,761.74,2,718,2011-05-19 13:05:00,2011-11-13 11:44:00,380.87,178,Medium
14883,761.59,6,790,2011-05-12 09:49:00,2011-11-21 10:23:00,126.93166666666667,194,Medium
17425,759.17,2,407,2011-10-10 11:37:00,2011-11-20 15:30:00,379.585,42,Medium
16036,758.92,2,716,2011-03-21 13:01:00,2011-09-13 14:53:00,379.46,177,Medium
15568,758.29,3,461,2011-09-27 14:37:00,2011-12-07 11:27:00,252.76333333333332,71,Medium
16725,758.27,7,288,2010-12-03 16:02:00,2011-02-10 16:52:00,108.32428571428571,70,Medium
12413,758.1,3,286,2011-01-06 16:12:00,2011-10-04 09:00:00,252.70000000000002,271,Medium
16205,757.63,4,516,2011-06-13 11:33:00,2011-11-09 09:32:00,189.4075,149,Medium
14550,757.37,2,389,2011-10-26 12:14:00,2011-11-29 12:12:00,378.685,34,Medium
16770,757.1,5,456,2010-12-02 15:49:00,2011-10-13 12:21:00,151.42000000000002,315,Medium
15223,755.75,2,213,2011-04-04 12:17:00,2011-04-28 11:31:00,377.875,24,Medium
13370,754.87,1,343,2010-12-03 10:26:00,2010-12-03 10:26:00,754.87,1,Medium
18104,754.64,1,362,2011-11-02 14:07:00,2011-11-02 14:07:00,754.64,1,Medium
14234,754.12,4,951,2011-10-13 13:58:00,2011-11-17 17:53:00,188.53,36,Medium
16470,752.77,4,522,2010-12-16 11:53:00,2011-10-19 12:11:00,188.1925,308,Medium
13730,752.6,2,488,2011-07-01 12:47:00,2011-07-27 08:35:00,376.3,26,Medium
13030,752.4399999999999,2,348,2010-12-06 14:31:00,2011-11-28 14:30:00,376.21999999999997,357,Medium
16256,752.4300000000001,1,581,2011-03-18 12:18:00,2011-03-18 12:18:00,752.4300000000001,1,Medium
12908,750.0,2,1200,2011-01-31 12:37:00,2011-06-16 15:39:00,375.0,137,Medium
17146,749.78,3,212,2010-12-16 12:20:00,2011-08-26 12:44:00,249.92666666666665,254,Medium
14923,749.1,1,418,2011-10-20 11:51:00,2011-10-20 11:51:00,749.1,1,Medium
15656,748.5,4,343,2011-02-28 15:32:00,2011-10-25 14:56:00,187.125,239,Medium
16859,747.81,2,827,2011-03-23 13:39:00,2011-07-18 12:19:00,373.905,117,Medium
14201,747.44,7,590,2010-12-15 13:25:00,2011-10-10 13:27:00,106.77714285714286,300,Medium
17387,746.81,2,522,2011-11-06 11:25:00,2011-11-20 11:00:00,373.405,14,Medium
14050,746.36,2,689,2011-08-25 13:46:00,2011-11-08 10:00:00,373.18,75,Medium
17034,745.52,3,410,2011-02-25 10:10:00,2011-11-23 15:14:00,248.50666666666666,272,Medium
14790,745.06,4,699,2011-03-31 11:49:00,2011-11-23 09:28:00,186.265,237,Medium
13950,745.06,4,323,2011-04-07 11:29:00,2011-11-28 14:44:00,186.265,236,Medium
13236,744.85,2,416,2011-08-25 08:58:00,2011-11-15 12:50:00,372.425,83,Medium
13354,743.53,1,604,2011-09-29 13:17:00,2011-09-29 13:17:00,743.53,1,Medium
16730,743.11,3,994,2011-01-24 14:01:00,2011-10-18 14:11:00,247.70333333333335,268,Medium
12374,742.9300000000001,1,342,2011-11-14 15:37:00,2011-11-14 15:37:00,742.9300000000001,1,Medium
16891,742.43,5,265,2010-12-03 11:35:00,2011-12-08 11:15:00,148.486,370,Medium
12465,742.1899999999999,2,479,2011-06-23 13:37:00,2011-11-22 16:34:00,371.09499999999997,153,Medium
14662,741.37,4,578,2011-01-27 17:41:00,2011-11-11 12:13:00,185.3425,288,Medium
13753,741.26,1,512,2011-02-25 12:48:00,2011-02-25 12:48:00,741.26,1,Medium
13900,740.95,3,430,2011-03-22 10:13:00,2011-06-09 19:26:00,246.98333333333335,80,Medium
17692,740.9399999999999,4,672,2010-12-15 13:37:00,2011-08-04 14:01:00,185.23499999999999,233,Medium
15252,740.78,2,522,2011-06-09 14:15:00,2011-11-03 13:30:00,370.39,147,Medium
12603,739.1999999999999,1,63,2011-11-18 10:42:00,2011-11-18 10:42:00,739.1999999999999,1,Medium
14756,738.96,1,416,2011-11-24 18:13:00,2011-11-24 18:13:00,738.96,1,Medium
12976,738.6,1,561,2011-05-12 09:55:00,2011-05-12 09:55:00,738.6,1,Medium
17461,735.82,3,770,2011-11-10 12:01:00,2011-11-17 10:21:00,245.27333333333334,7,Medium
15074,735.67,1,431,2011-08-26 14:45:00,2011-08-26 14:45:00,735.67,1,Medium
15045,735.66,2,114,2011-03-27 11:44:00,2011-07-11 11:33:00,367.83,106,Medium
15215,734.94,3,225,2011-09-04 12:24:00,2011-10-24 11:41:00,244.98000000000002,50,Medium
15525,734.37,3,387,2010-12-01 13:17:00,2011-12-07 14:43:00,244.79,372,Medium
16146,734.13,3,427,2011-04-21 15:25:00,2011-07-05 14:20:00,244.71,75,Medium
17979,732.41,4,383,2011-03-25 11:34:00,2011-11-04 12:05:00,183.1025,225,Medium
13575,732.0699999999999,5,449,2011-06-16 14:24:00,2011-11-16 13:14:00,146.414,153,Medium
16099,731.9,3,434,2011-04-28 08:34:00,2011-10-20 13:13:00,243.96666666666667,176,Medium
16491,731.5,1,478,2011-10-24 10:18:00,2011-10-24 10:18:00,731.5,1,Medium
14778,730.86,2,306,2011-02-04 11:43:00,2011-08-04 15:23:00,365.43,182,Medium
13736,729.8,2,496,2011-03-24 13:04:00,2011-12-04 15:19:00,364.9,256,Medium
12468,729.5400000000001,2,366,2011-01-27 13:29:00,2011-06-05 11:36:00,364.77000000000004,129,Medium
16261,728.54,4,301,2011-04-07 19:05:00,2011-11-22 17:23:00,182.135,229,Medium
17666,728.16,2,596,2011-10-05 11:06:00,2011-12-06 09:06:00,364.08,62,Medium
13077,728.02,4,862,2010-12-08 14:59:00,2011-12-08 19:24:00,182.005,366,Medium
13623,727.74,5,286,2011-02-15 13:08:00,2011-11-09 12:00:00,145.548,267,Medium
14055,725.6400000000001,1,216,2011-08-25 15:04:00,2011-08-25 15:04:00,725.6400000000001,1,Medium
16140,725.18,2,730,2010-12-03 14:40:00,2011-10-05 12:15:00,362.59,306,Medium
12723,725.07,5,434,2011-10-05 15:52:00,2011-12-06 10:19:00,145.014,62,Medium
15636,724.76,2,284,2011-03-02 14:50:00,2011-09-11 11:17:00,362.38,193,Medium
12475,723.38,1,535,2011-10-17 10:10:00,2011-10-17 10:10:00,723.38,1,Medium
17521,723.2099999999999,3,519,2011-05-24 15:14:00,2011-11-10 11:22:00,241.06999999999996,170,Medium
15272,721.94,2,310,2011-09-14 16:36:00,2011-10-13 12:59:00,360.97,29,Medium
14869,721.45,2,549,2011-08-28 16:09:00,2011-12-01 12:36:00,360.725,95,Medium
15584,720.86,4,313,2011-06-30 16:39:00,2011-11-16 10:55:00,180.215,139,Medium
18062,720.52,3,396,2011-01-06 10:03:00,2011-06-19 14:47:00,240.17333333333332,165,Medium
16023,719.81,3,358,2011-03-18 13:32:00,2011-10-24 16:34:00,239.93666666666664,221,Medium
15274,716.57,2,619,2011-11-21 14:17:00,2011-12-05 16:57:00,358.285,15,Medium
12535,716.35,2,219,2011-06-06 12:47:00,2011-09-09 08:48:00,358.175,95,Medium
15400,716.2,5,390,2011-03-06 11:27:00,2011-09-08 13:57:00,143.24,187,Medium
17029,716.0,2,400,2011-04-17 10:57:00,2011-08-21 11:06:00,358.0,127,Medium
17888,716.0,8,973,2010-12-17 13:56:00,2011-11-18 13:45:00,89.5,336,Medium
15330,714.96,2,1312,2011-10-10 12:30:00,2011-11-07 17:50:00,357.48,29,Medium
15757,714.42,2,491,2011-05-06 11:40:00,2011-10-05 12:14:00,357.21,153,Medium
18035,713.89,3,584,2011-10-27 17:48:00,2011-11-04 12:39:00,237.96333333333334,8,Medium
12616,713.3,2,284,2011-02-15 14:17:00,2011-09-05 15:17:00,356.65,203,Medium
13169,712.88,2,272,2011-04-01 14:24:00,2011-10-07 12:11:00,356.44,189,Medium
13147,712.8000000000001,4,144,2011-09-01 12:28:00,2011-11-29 13:59:00,178.20000000000002,90,Medium
17761,712.78,1,398,2011-11-07 10:23:00,2011-11-07 10:23:00,712.78,1,Medium
13416,712.5,2,142,2011-09-19 14:43:00,2011-10-27 08:56:00,356.25,38,Medium
13587,712.4,1,180,2011-10-07 12:31:00,2011-10-07 12:31:00,712.4,1,Medium
17642,712.29,2,474,2011-06-16 12:55:00,2011-08-12 09:11:00,356.145,57,Medium
15855,712.24,5,470,2011-03-21 12:32:00,2011-07-26 10:20:00,142.448,127,Medium
13705,711.86,3,363,2010-12-01 10:29:00,2011-12-02 12:32:00,237.28666666666666,367,Medium
17179,711.79,3,290,2010-12-13 14:24:00,2011-06-14 16:48:00,237.26333333333332,184,Medium
13249,711.41,3,546,2011-03-23 15:26:00,2011-09-08 13:26:00,237.13666666666666,169,Medium
14867,710.28,3,328,2011-01-07 16:34:00,2011-06-07 11:39:00,236.76,151,Medium
16362,709.99,5,340,2011-09-09 14:47:00,2011-11-07 13:01:00,141.998,59,Medium
14127,709.71,3,321,2011-02-02 12:26:00,2011-08-09 10:49:00,236.57000000000002,188,Medium
16136,709.38,3,440,2011-03-07 09:52:00,2011-10-11 09:10:00,236.46,218,Medium
15951,708.22,2,313,2011-02-27 11:57:00,2011-12-01 08:34:00,354.11,277,Medium
16449,707.69,2,367,2011-03-04 12:15:00,2011-05-26 10:25:00,353.845,83,Medium
12453,707.09,1,473,2011-07-28 14:08:00,2011-07-28 14:08:00,707.09,1,Medium
16309,706.57,2,467,2011-04-13 11:46:00,2011-08-25 15:35:00,353.285,135,Medium
14126,706.1300000000001,3,508,2011-11-29 12:21:00,2011-12-02 11:45:00,235.3766666666667,3,Medium
16364,705.79,2,279,2011-07-25 14:35:00,2011-11-28 11:27:00,352.895,126,Medium
16882,705.12,3,424,2011-01-26 17:43:00,2011-10-04 10:42:00,235.04,251,Medium
16015,704.55,3,907,2011-10-21 12:56:00,2011-12-06 10:58:00,234.85,46,Medium
17934,704.25,2,478,2011-10-12 10:50:00,2011-10-19 11:16:00,352.125,8,Medium
12612,704.0400000000001,1,262,2011-09-26 15:35:00,2011-09-26 15:35:00,704.0400000000001,1,Medium
17974,703.99,3,500,2011-05-04 11:50:00,2011-11-15 11:37:00,234.66333333333333,195,Medium
12883,703.47,4,196,2011-09-11 15:18:00,2011-11-15 09:32:00,175.8675,65,Medium
15103,703.36,2,329,2011-09-14 13:54:00,2011-11-08 14:53:00,351.68,56,Medium
16997,702.0,3,360,2011-01-18 11:51:00,2011-02-24 17:28:00,234.0,38,Medium
14179,701.57,2,319,2011-10-18 14:00:00,2011-10-30 12:07:00,350.785,12,Medium
14198,701.4,4,290,2011-04-14 14:54:00,2011-11-21 16:35:00,175.35,222,Medium
14356,701.23,2,277,2011-09-19 14:43:00,2011-09-21 09:18:00,350.615,2,Medium
13238,700.73,4,298,2010-12-14 14:37:00,2011-11-22 15:37:00,175.1825,344,Medium
17734,700.63,3,422,2011-04-20 10:04:00,2011-10-17 12:33:00,233.54333333333332,181,Medium
17812,699.81,4,329,2010-12-06 15:27:00,2011-11-27 11:47:00,174.9525,356,Medium
17423,698.41,2,459,2011-05-06 09:14:00,2011-10-24 13:36:00,349.205,172,Medium
14829,697.55,4,452,2010-12-02 16:12:00,2011-11-10 16:16:00,174.3875,344,Medium
17472,697.54,3,455,2011-02-13 14:40:00,2011-06-01 14:57:00,232.51333333333332,109,Medium
15800,696.89,2,332,2011-04-07 12:39:00,2011-08-24 14:23:00,348.445,140,Medium
15700,696.68,2,357,2011-06-19 15:36:00,2011-06-20 16:53:00,348.34,2,Medium
14009,695.61,2,365,2011-05-18 13:00:00,2011-05-25 15:47:00,347.805,8,Medium
14959,695.42,4,494,2011-02-16 13:00:00,2011-10-06 18:23:00,173.855,233,Medium
17884,695.0699999999999,4,817,2010-12-03 12:11:00,2011-12-06 11:33:00,173.76749999999998,368,Medium
15304,694.4000000000001,8,104,2010-12-06 11:42:00,2011-10-10 10:23:00,86.80000000000001,308,Medium
12925,694.05,2,541,2011-09-26 11:05:00,2011-12-05 11:11:00,347.025,71,Medium
15053,693.95,3,984,2011-03-03 12:06:00,2011-12-05 12:08:00,231.3166666666667,278,Medium
14643,693.8100000000001,2,815,2010-12-16 17:53:00,2011-06-22 14:41:00,346.90500000000003,188,Medium
12410,693.3299999999999,2,211,2011-02-04 10:38:00,2011-02-04 10:39:00,346.66499999999996,1,Medium
13601,693.32,2,548,2011-05-12 16:52:00,2011-10-25 17:31:00,346.66,167,Medium
14111,692.85,4,458,2011-04-12 11:36:00,2011-11-25 13:44:00,173.2125,228,Medium
17198,692.22,3,357,2010-12-03 14:54:00,2011-11-16 10:39:00,230.74,348,Medium
17733,692.19,2,463,2011-03-23 09:54:00,2011-11-01 08:16:00,346.095,223,Medium
14880,690.59,3,365,2011-02-24 12:27:00,2011-09-23 13:42:00,230.1966666666667,212,Medium
16212,690.34,2,244,2011-03-01 12:51:00,2011-11-20 13:00:00,345.17,265,Medium
17796,690.0,4,176,2010-12-05 12:23:00,2011-10-30 15:38:00,172.5,330,Medium
18085,689.95,2,265,2010-12-01 12:08:00,2011-01-13 15:17:00,344.975,44,Medium
13023,689.9,2,286,2011-08-02 09:34:00,2011-10-06 16:27:00,344.95,66,Medium
15181,689.4799999999999,3,544,2011-03-15 12:03:00,2011-10-04 13:58:00,229.82666666666663,204,Medium
17502,689.1,4,376,2011-11-10 16:39:00,2011-11-30 13:13:00,172.275,20,Medium
13799,688.86,2,402,2011-02-18 14:18:00,2011-08-15 12:07:00,344.43,178,Medium
16642,688.33,2,479,2011-05-16 12:35:00,2011-12-05 11:31:00,344.165,203,Medium
18196,686.63,2,431,2011-02-22 16:13:00,2011-09-05 16:22:00,343.315,196,Medium
12658,686.05,1,320,2011-11-21 10:22:00,2011-11-21 10:22:00,686.05,1,Medium
15038,685.74,6,212,2010-12-05 10:54:00,2011-10-12 11:33:00,114.29,312,Medium
16122,684.4200000000001,4,1128,2010-12-08 11:41:00,2011-09-27 15:34:00,171.10500000000002,294,Medium
15669,684.34,4,342,2011-03-21 09:13:00,2011-10-30 16:03:00,171.085,224,Medium
17874,683.46,6,221,2011-03-29 11:25:00,2011-06-07 12:54:00,113.91000000000001,71,Medium
14222,683.17,1,607,2011-06-15 16:42:00,2011-06-15 16:42:00,683.17,1,Medium
15582,682.9100000000001,3,453,2011-05-03 13:36:00,2011-11-15 09:55:00,227.63666666666668,196,Medium
17341,682.29,3,443,2010-12-08 12:46:00,2011-07-06 12:33:00,227.42999999999998,210,Medium
18135,681.9100000000001,5,349,2011-06-02 14:04:00,2011-11-10 19:32:00,136.382,162,Medium
17397,681.41,2,250,2011-11-17 13:58:00,2011-11-17 14:08:00,340.705,1,Medium
12478,680.99,1,236,2011-12-06 09:56:00,2011-12-06 09:56:00,680.99,1,Medium
18082,680.84,1,608,2011-11-14 12:45:00,2011-11-14 12:45:00,680.84,1,Medium
13524,680.1800000000001,5,324,2011-05-04 12:26:00,2011-10-30 12:34:00,136.036,180,Medium
16872,680.02,3,600,2011-06-08 14:32:00,2011-09-23 16:05:00,226.67333333333332,108,Medium
15322,679.68,1,416,2011-09-15 09:34:00,2011-09-15 09:34:00,679.68,1,Medium
13430,679.45,2,751,2011-09-14 14:26:00,2011-11-21 08:19:00,339.725,68,Medium
14788,679.4399999999999,2,421,2011-11-13 15:52:00,2011-12-02 17:06:00,339.71999999999997,20,Medium
13925,678.25,4,331,2011-07-28 12:09:00,2011-09-08 12:47:00,169.5625,43,Medium
13548,678.16,2,436,2011-04-10 11:35:00,2011-09-04 14:50:00,339.08,148,Medium
13388,677.1,2,282,2011-07-31 12:52:00,2011-07-31 12:52:00,338.55,1,Medium
13040,676.99,2,355,2011-11-06 13:53:00,2011-12-01 10:38:00,338.495,25,Medium
16377,676.2,1,1500,2011-03-17 15:41:00,2011-03-17 15:41:00,676.2,1,Medium
15626,675.8,2,766,2011-01-14 10:10:00,2011-09-26 10:03:00,337.9,255,Medium
17462,675.69,2,227,2011-02-28 17:01:00,2011-10-10 13:56:00,337.845,224,Medium
15574,675.64,4,332,2010-12-02 15:46:00,2011-06-15 12:01:00,168.91,195,Medium
18156,675.64,2,283,2010-12-05 12:29:00,2011-11-27 12:24:00,337.82,357,Medium
12942,675.6,3,198,2010-12-09 09:34:00,2011-07-31 14:39:00,225.20000000000002,235,Medium
13607,675.51,1,288,2011-10-30 16:17:00,2011-10-30 16:17:00,675.51,1,Medium
13325,675.3,1,240,2011-09-19 10:36:00,2011-09-19 10:36:00,675.3,1,Medium
17994,674.89,4,495,2011-02-22 11:02:00,2011-08-10 11:41:00,168.7225,170,Medium
13838,674.82,4,254,2010-12-05 10:45:00,2011-12-04 11:00:00,168.705,365,Medium
13355,674.7,1,314,2011-08-09 14:48:00,2011-08-09 14:48:00,674.7,1,Medium
13464,674.68,1,403,2011-10-12 15:01:00,2011-10-12 15:01:00,674.68,1,Medium
17749,674.52,2,320,2011-03-28 13:39:00,2011-06-14 15:45:00,337.26,79,Medium
13951,674.45,3,459,2011-02-18 15:21:00,2011-06-16 16:43:00,224.8166666666667,119,Medium
14504,673.26,4,308,2011-03-06 14:38:00,2011-10-23 16:00:00,168.315,232,Medium
13258,672.83,3,282,2011-05-18 13:11:00,2011-11-28 09:31:00,224.27666666666667,194,Medium
14628,671.96,2,272,2011-04-11 14:43:00,2011-09-09 14:58:00,335.98,152,Medium
12838,671.95,2,355,2010-12-01 11:57:00,2011-11-06 12:20:00,335.975,341,Medium
12638,671.69,1,577,2011-11-06 13:11:00,2011-11-06 13:11:00,671.69,1,Medium
12418,668.58,1,407,2011-08-19 11:08:00,2011-08-19 11:08:00,668.58,1,Medium
14342,668.5600000000001,4,347,2011-05-13 13:50:00,2011-11-18 13:21:00,167.14000000000001,189,Medium
13741,668.4300000000001,3,218,2011-05-06 13:43:00,2011-09-29 09:19:00,222.81000000000003,146,Medium
16268,667.65,2,533,2011-09-29 18:30:00,2011-09-29 18:30:00,333.825,1,Medium
15969,666.1,3,124,2011-06-07 12:19:00,2011-12-07 11:06:00,222.03333333333333,183,Medium
17105,665.78,2,693,2011-02-06 14:46:00,2011-07-03 15:53:00,332.89,148,Medium
13963,664.54,4,460,2010-12-07 09:21:00,2011-02-04 14:43:00,166.135,60,Medium
17883,664.34,4,374,2011-04-07 19:16:00,2011-12-06 17:49:00,166.085,243,Medium
16208,664.26,2,333,2011-02-23 13:37:00,2011-10-26 11:36:00,332.13,245,Medium
13596,664.11,2,384,2011-11-27 11:57:00,2011-12-04 12:01:00,332.055,8,Medium
15643,664.0,3,246,2011-03-02 14:34:00,2011-06-01 07:38:00,221.33333333333334,91,Medium
14720,663.81,3,219,2011-08-05 12:06:00,2011-12-04 12:02:00,221.26999999999998,121,Medium
13240,663.65,4,298,2010-12-09 12:49:00,2011-09-04 14:08:00,165.9125,270,Medium
16573,663.61,2,360,2011-02-22 15:14:00,2011-09-16 09:13:00,331.805,206,Medium
16774,661.52,4,322,2011-06-14 12:45:00,2011-10-03 12:41:00,165.38,111,Medium
13028,661.3199999999999,2,798,2011-10-25 14:09:00,2011-11-17 11:10:00,330.65999999999997,23,Medium
14603,660.0,1,400,2011-03-10 10:27:00,2011-03-10 10:27:00,660.0,1,Medium
15492,659.4599999999999,2,483,2011-09-26 14:02:00,2011-11-11 14:53:00,329.72999999999996,47,Medium
13759,659.4100000000001,2,287,2011-09-29 15:40:00,2011-11-06 14:47:00,329.70500000000004,38,Medium
16357,658.88,3,246,2011-05-10 10:35:00,2011-11-06 16:04:00,219.62666666666667,181,Medium
14150,658.64,2,496,2010-12-15 10:04:00,2011-11-04 10:05:00,329.32,325,Medium
16696,657.9000000000001,4,146,2011-04-05 15:20:00,2011-07-27 14:23:00,164.47500000000002,113,Medium
14818,657.8,3,324,2011-03-31 12:28:00,2011-09-27 11:01:00,219.26666666666665,180,Medium
17459,657.3,2,537,2011-10-10 17:00:00,2011-10-27 13:25:00,328.65,17,Medium
15677,657.23,1,319,2011-10-21 15:36:00,2011-10-21 15:36:00,657.23,1,Medium
17321,657.16,2,364,2011-10-03 11:34:00,2011-12-01 13:41:00,328.58,60,Medium
16157,656.69,3,347,2011-09-28 11:48:00,2011-11-24 11:41:00,218.89666666666668,57,Medium
13049,656.6800000000001,2,268,2011-01-25 16:33:00,2011-10-06 15:31:00,328.34000000000003,254,Medium
16708,656.63,1,285,2011-10-25 12:20:00,2011-10-25 12:20:00,656.63,1,Medium
17299,656.61,4,668,2011-06-19 16:04:00,2011-11-28 12:01:00,164.1525,162,Medium
16127,656.25,1,323,2011-10-31 13:58:00,2011-10-31 13:58:00,656.25,1,Medium
14894,655.75,1,265,2011-09-15 13:51:00,2011-09-15 13:51:00,655.75,1,Medium
14725,655.58,1,588,2011-11-15 12:42:00,2011-11-15 12:42:00,655.58,1,Medium
16444,654.67,4,407,2011-03-20 12:14:00,2011-10-24 13:50:00,163.6675,219,Medium
14651,653.75,2,343,2011-05-12 16:29:00,2011-10-03 15:52:00,326.875,144,Medium
17398,653.38,3,310,2011-03-29 13:04:00,2011-08-17 09:48:00,217.79333333333332,141,Medium
18151,653.35,2,355,2011-02-23 08:29:00,2011-07-28 11:35:00,326.675,156,Medium
13496,653.33,2,341,2010-12-15 10:17:00,2011-11-29 10:58:00,326.665,350,Medium
18121,653.3,2,438,2011-07-08 12:14:00,2011-07-13 12:53:00,326.65,6,Medium
15205,653.24,2,378,2011-08-04 16:07:00,2011-09-15 19:36:00,326.62,43,Medium
15031,653.19,4,400,2011-03-02 14:46:00,2011-12-05 14:19:00,163.2975,278,Medium
14548,652.8,2,256,2011-01-26 08:38:00,2011-07-12 12:19:00,326.4,168,Medium
17523,652.74,4,872,2011-11-20 13:40:00,2011-11-28 13:20:00,163.185,8,Medium
16056,650.75,1,345,2011-10-25 15:19:00,2011-10-25 15:19:00,650.75,1,Medium
15571,650.4300000000001,4,264,2011-09-22 13:15:00,2011-11-28 10:02:00,162.60750000000002,67,Medium
16969,650.41,3,816,2011-06-01 12:10:00,2011-10-31 13:12:00,216.8033333333333,153,Medium
17779,650.32,3,396,2011-07-19 12:19:00,2011-11-18 14:15:00,216.77333333333334,123,Medium
14034,648.89,3,420,2011-07-05 13:06:00,2011-11-17 14:02:00,216.29666666666665,136,Medium
16495,648.26,3,328,2011-03-08 16:38:00,2011-12-06 13:20:00,216.08666666666667,273,Medium
17777,647.56,3,501,2011-08-31 14:35:00,2011-11-15 12:02:00,215.85333333333332,76,Medium
17373,646.92,4,408,2011-01-31 11:46:00,2011-10-30 15:28:00,161.73,273,Medium
16014,646.83,3,258,2011-02-21 17:42:00,2011-11-02 12:04:00,215.61,254,Medium
16734,646.76,3,345,2011-08-17 15:00:00,2011-10-18 13:44:00,215.58666666666667,62,Medium
12589,646.68,2,306,2011-07-18 12:05:00,2011-11-11 10:19:00,323.34,116,Medium
14044,646.42,4,304,2011-02-03 11:39:00,2011-11-13 12:05:00,161.605,284,Medium
15651,646.3,3,479,2011-03-24 08:56:00,2011-11-03 08:41:00,215.4333333333333,224,Medium
14855,645.65,2,267,2011-07-28 12:06:00,2011-08-12 14:02:00,322.825,16,Medium
12719,644.95,2,374,2011-10-05 14:50:00,2011-12-04 13:45:00,322.475,60,Medium
17312,644.3,3,372,2011-07-03 13:12:00,2011-07-24 11:52:00,214.76666666666665,21,Medium
14451,643.9,2,378,2011-05-29 12:35:00,2011-10-10 13:38:00,321.95,135,Medium
16383,643.76,2,467,2011-03-16 13:00:00,2011-09-26 12:45:00,321.88,194,Medium
14020,642.8,2,441,2011-09-12 15:32:00,2011-11-23 09:22:00,321.4,72,Medium
13034,642.77,2,369,2010-12-05 14:52:00,2011-10-16 12:21:00,321.385,315,Medium
15384,642.41,2,596,2010-12-15 11:34:00,2011-06-23 10:57:00,321.205,190,Medium
17545,642.32,3,337,2011-10-27 13:48:00,2011-10-27 14:04:00,214.10666666666668,1,Medium
17046,642.02,1,510,2011-07-05 14:24:00,2011-07-05 14:24:00,642.02,1,Medium
15297,641.94,3,292,2011-10-07 09:42:00,2011-11-29 16:32:00,213.98000000000002,54,Medium
18218,641.92,2,536,2011-03-03 12:24:00,2011-05-12 12:53:00,320.96,71,Medium
12365,641.38,2,174,2011-02-21 13:51:00,2011-02-21 14:04:00,320.69,1,Medium
12624,641.13,2,355,2011-06-15 12:34:00,2011-08-25 15:04:00,320.565,72,Medium
13417,640.83,2,162,2011-05-18 16:26:00,2011-12-05 08:49:00,320.415,201,Medium
13318,640.76,3,304,2011-11-02 13:26:00,2011-12-08 18:51:00,213.58666666666667,37,Medium
12631,640.5,1,236,2011-10-13 13:53:00,2011-10-13 13:53:00,640.5,1,Medium
14301,640.14,1,606,2011-08-14 15:33:00,2011-08-14 15:33:00,640.14,1,Medium
15648,639.5,2,218,2011-03-17 18:59:00,2011-05-19 15:53:00,319.75,63,Medium
17515,639.02,4,243,2011-01-25 14:33:00,2011-11-08 14:04:00,159.755,287,Medium
18160,638.0600000000001,2,294,2011-05-23 13:41:00,2011-10-13 15:50:00,319.03000000000003,144,Medium
14754,638.05,2,486,2011-02-17 12:21:00,2011-10-26 12:01:00,319.025,251,Medium
14128,637.5,2,564,2011-03-29 10:49:00,2011-10-10 12:00:00,318.75,196,Medium
14481,636.51,2,489,2011-02-25 13:53:00,2011-06-28 10:38:00,318.255,123,Medium
14664,636.24,2,465,2011-11-06 14:56:00,2011-11-20 10:59:00,318.12,14,Medium
15829,636.14,2,996,2011-07-22 10:23:00,2011-09-01 16:45:00,318.07,42,Medium
15773,635.6800000000001,1,311,2011-12-04 12:48:00,2011-12-04 12:48:00,635.6800000000001,1,Medium
14000,635.66,1,710,2011-05-12 16:50:00,2011-05-12 16:50:00,635.66,1,Medium
16139,635.41,3,330,2011-05-17 10:23:00,2011-11-21 08:37:00,211.8033333333333,188,Medium
13892,632.97,4,983,2011-04-07 12:04:00,2011-11-13 11:50:00,158.2425,220,Medium
14220,632.4,2,272,2010-12-16 18:18:00,2011-04-06 13:23:00,316.2,111,Medium
16306,632.27,6,487,2010-12-07 15:18:00,2011-05-10 12:12:00,105.37833333333333,154,Medium
18183,632.07,2,371,2011-03-10 10:08:00,2011-04-26 15:26:00,316.035,48,Medium
13822,632.0,2,611,2011-10-30 15:55:00,2011-12-04 12:13:00,316.0,35,Medium
14021,631.9,3,192,2011-03-28 15:10:00,2011-07-07 15:46:00,210.63333333333333,102,Medium
15244,631.57,2,405,2011-04-05 15:12:00,2011-10-05 13:19:00,315.785,183,Medium
17985,631.35,1,171,2011-11-17 14:24:00,2011-11-17 14:24:00,631.35,1,Medium
13539,631.34,3,320,2011-02-03 15:23:00,2011-09-15 10:18:00,210.4466666666667,224,Medium
16418,631.12,3,280,2011-04-27 16:54:00,2011-10-26 12:39:00,210.37333333333333,182,Medium
17990,630.84,3,414,2010-12-13 12:10:00,2011-04-17 11:44:00,210.28,125,Medium
13046,629.31,2,264,2011-03-18 15:43:00,2011-11-09 08:36:00,314.655,236,Medium
13525,628.78,2,394,2011-04-05 15:36:00,2011-11-25 12:01:00,314.39,234,Medium
14687,628.38,1,470,2011-08-25 11:59:00,2011-08-25 11:59:00,628.38,1,Medium
13518,627.16,1,382,2011-09-15 10:29:00,2011-09-15 10:29:00,627.16,1,Medium
15028,627.13,4,459,2010-12-06 12:47:00,2011-12-01 14:06:00,156.7825,361,Medium
15402,626.77,2,694,2011-05-27 13:32:00,2011-07-14 12:17:00,313.385,48,Medium
14036,626.65,1,268,2011-02-28 09:26:00,2011-02-28 09:26:00,626.65,1,Medium
12577,626.6,3,469,2010-12-15 16:21:00,2011-11-04 13:24:00,208.86666666666667,324,Medium
13914,626.45,2,380,2011-11-03 16:28:00,2011-11-28 10:35:00,313.225,25,Medium
16469,625.42,4,260,2011-04-07 13:11:00,2011-11-16 12:25:00,156.355,223,Medium
16750,623.93,5,214,2011-04-21 16:53:00,2011-10-26 12:48:00,124.78599999999999,188,Medium
12649,623.51,3,586,2011-05-11 14:37:00,2011-08-24 14:41:00,207.83666666666667,106,Medium
15147,623.5,1,366,2011-04-13 15:57:00,2011-04-13 15:57:00,623.5,1,Medium
13368,623.4,2,327,2011-01-06 12:32:00,2011-03-28 09:59:00,311.7,81,Medium
16431,623.28,3,442,2011-02-15 14:02:00,2011-05-10 14:09:00,207.76,85,Medium
15258,623.16,2,142,2011-05-06 14:16:00,2011-06-24 12:30:00,311.58,49,Medium
17499,622.88,1,711,2011-02-23 09:14:00,2011-02-23 09:14:00,622.88,1,Medium
15182,622.85,2,253,2011-03-16 12:42:00,2011-07-08 13:37:00,311.425,115,Medium
17460,622.4300000000001,6,236,2010-12-01 16:24:00,2011-09-06 15:04:00,103.73833333333334,279,Medium
15768,621.8299999999999,3,244,2011-04-28 09:20:00,2011-08-16 10:48:00,207.27666666666664,111,Medium
18217,621.75,2,491,2011-09-30 10:44:00,2011-11-10 13:18:00,310.875,42,Medium
16915,621.6800000000001,6,132,2011-03-01 09:52:00,2011-11-30 16:39:00,103.61333333333334,275,Medium
17640,621.66,1,250,2011-09-14 09:13:00,2011-09-14 09:13:00,621.66,1,Medium
14152,621.29,2,711,2011-04-19 15:46:00,2011-09-25 12:54:00,310.645,159,Medium
13402,621.23,2,479,2010-12-02 17:12:00,2011-08-04 15:51:00,310.615,245,Medium
13546,621.09,3,357,2011-05-23 12:14:00,2011-11-27 14:50:00,207.03,189,Medium
16141,620.4,1,238,2011-09-12 13:11:00,2011-09-12 13:11:00,620.4,1,Medium
12667,620.13,1,395,2011-10-12 17:00:00,2011-10-12 17:00:00,620.13,1,Medium
13493,618.63,2,380,2011-02-25 16:42:00,2011-03-09 15:35:00,309.315,12,Medium
16613,618.59,1,293,2011-09-30 15:52:00,2011-09-30 15:52:00,618.59,1,Medium
13145,618.52,4,145,2010-12-02 18:06:00,2011-10-31 12:45:00,154.63,333,Medium
12596,618.27,2,474,2011-04-11 13:22:00,2011-10-19 13:02:00,309.135,191,Medium
13301,618.09,4,345,2011-02-20 13:13:00,2011-08-28 11:25:00,154.5225,189,Medium
16134,618.09,2,371,2010-12-15 14:00:00,2011-11-18 10:05:00,309.045,338,Medium
14593,617.15,3,330,2011-05-25 11:14:00,2011-11-18 12:48:00,205.71666666666667,178,Medium
14377,617.05,2,219,2011-03-22 13:38:00,2011-06-01 13:32:00,308.525,71,Medium
16311,616.26,2,394,2011-10-21 13:13:00,2011-11-22 08:54:00,308.13,32,Medium
14905,616.15,2,287,2011-04-20 10:48:00,2011-07-05 12:41:00,308.075,77,Medium
14382,615.49,1,1231,2011-11-13 16:18:00,2011-11-13 16:18:00,615.49,1,Medium
15275,615.14,1,498,2011-11-02 11:20:00,2011-11-02 11:20:00,615.14,1,Medium
16566,614.66,5,362,2011-02-20 10:29:00,2011-11-24 16:34:00,122.93199999999999,278,Medium
16116,612.78,1,248,2011-05-12 12:01:00,2011-05-12 12:01:00,612.78,1,Medium
18022,612.72,1,703,2011-11-04 12:45:00,2011-11-04 12:45:00,612.72,1,Medium
12513,612.29,1,462,2011-08-19 10:51:00,2011-08-19 10:51:00,612.29,1,Medium
18149,612.0799999999999,3,310,2011-03-11 12:44:00,2011-10-20 12:04:00,204.02666666666664,223,Medium
15232,612.06,2,686,2011-07-22 12:21:00,2011-08-18 16:27:00,306.03,28,Medium
15645,612.01,1,256,2011-11-21 11:55:00,2011-11-21 11:55:00,612.01,1,Medium
16109,611.88,2,612,2011-02-04 12:37:00,2011-05-05 09:17:00,305.94,90,Medium
16763,611.85,1,319,2011-05-25 11:52:00,2011-05-25 11:52:00,611.85,1,Medium
13731,610.59,2,278,2011-04-07 10:10:00,2011-05-04 14:33:00,305.295,28,Medium
12673,610.52,2,351,2011-01-17 11:46:00,2011-12-04 13:55:00,305.26,322,Medium
15795,610.01,1,581,2011-07-13 10:43:00,2011-07-13 10:43:00,610.01,1,Medium
14636,609.85,2,241,2011-03-16 09:52:00,2011-11-03 16:12:00,304.925,233,Medium
13357,609.4,1,321,2011-03-27 13:56:00,2011-03-27 13:56:00,609.4,1,Medium
16442,609.3,3,443,2010-12-14 10:46:00,2011-12-08 11:43:00,203.1,360,Medium
13933,608.7900000000001,2,205,2011-07-14 13:35:00,2011-08-22 14:03:00,304.39500000000004,40,Medium
12933,607.53,3,499,2011-03-01 11:30:00,2011-11-15 16:38:00,202.51,260,Medium
17119,606.91,2,334,2011-10-11 11:03:00,2011-12-06 14:40:00,303.455,57,Medium
16718,606.0500000000001,1,407,2010-12-05 13:03:00,2010-12-05 13:03:00,606.0500000000001,1,Medium
17849,605.8000000000001,4,114,2011-01-10 11:59:00,2011-05-05 13:46:00,151.45000000000002,116,Medium
14133,605.64,3,348,2011-01-28 11:27:00,2011-08-02 11:34:00,201.88,187,Medium
17507,605.58,2,359,2011-02-03 18:08:00,2011-03-23 11:48:00,302.79,48,Medium
13233,605.12,2,1004,2011-01-07 14:49:00,2011-09-26 13:25:00,302.56,262,Medium
14323,605.0600000000001,2,350,2011-04-15 11:44:00,2011-08-17 11:37:00,302.53000000000003,124,Medium
17664,604.64,2,604,2011-05-11 14:17:00,2011-11-21 11:29:00,302.32,194,Medium
12944,604.51,2,289,2010-12-20 10:41:00,2011-11-04 11:04:00,302.255,320,Medium
16732,603.75,1,317,2011-11-08 09:54:00,2011-11-08 09:54:00,603.75,1,Medium
12707,603.42,1,256,2011-02-21 08:38:00,2011-02-21 08:38:00,603.42,1,Medium
16022,602.63,1,255,2011-03-24 13:16:00,2011-03-24 13:16:00,602.63,1,Medium
15366,602.51,2,621,2010-12-16 15:59:00,2011-09-25 15:01:00,301.255,283,Medium
12654,601.98,5,264,2011-02-17 13:16:00,2011-11-29 10:10:00,120.396,285,Medium
14609,601.56,4,7026,2011-02-16 12:10:00,2011-09-28 12:54:00,150.39,225,Medium
16654,601.27,4,282,2010-12-06 15:09:00,2011-07-21 15:23:00,150.3175,228,Medium
12420,600.39,1,345,2011-10-07 08:55:00,2011-10-07 08:55:00,600.39,1,Medium
18211,600.07,5,359,2011-03-06 12:09:00,2011-11-14 08:10:00,120.01400000000001,253,Medium
12872,599.97,2,319,2010-12-09 14:44:00,2011-01-17 10:52:00,299.985,39,Medium
12521,599.68,1,309,2011-07-20 10:51:00,2011-07-20 10:51:00,599.68,1,Medium
12556,599.56,2,355,2011-07-11 13:35:00,2011-10-20 13:06:00,299.78,101,Medium
14710,599.48,4,375,2011-10-11 13:49:00,2011-11-25 14:53:00,149.87,46,Medium
17420,598.83,3,265,2010-12-01 09:56:00,2011-10-20 14:52:00,199.61,324,Medium
15720,598.73,1,281,2011-11-15 14:48:00,2011-11-15 14:48:00,598.73,1,Medium
13311,598.57,2,305,2011-07-12 14:26:00,2011-12-05 12:55:00,299.285,146,Medium
16298,598.2,3,198,2011-06-06 10:06:00,2011-11-17 11:59:00,199.4,165,Medium
14108,597.91,2,381,2011-08-30 11:32:00,2011-11-09 10:41:00,298.955,71,Medium
14645,597.09,2,381,2011-03-09 09:52:00,2011-07-06 09:15:00,298.545,119,Medium
15381,596.85,2,171,2011-03-16 13:44:00,2011-05-10 11:55:00,298.425,55,Medium
14675,596.36,1,336,2011-11-23 12:58:00,2011-11-23 12:58:00,596.36,1,Medium
14467,596.26,4,276,2011-01-31 12:35:00,2011-11-22 12:48:00,149.065,296,Medium
18246,596.1,2,166,2011-04-20 13:55:00,2011-11-16 11:49:00,298.05,210,Medium
14965,596.09,2,363,2011-09-04 13:15:00,2011-09-04 13:20:00,298.045,1,Medium
13888,595.67,2,254,2011-05-05 14:41:00,2011-08-12 10:13:00,297.835,99,Medium
17658,595.42,2,616,2011-05-12 15:23:00,2011-11-14 12:07:00,297.71,186,Medium
14284,595.25,2,161,2011-09-14 13:04:00,2011-11-09 08:11:00,297.625,56,Medium
13558,594.52,4,338,2011-10-02 13:01:00,2011-12-04 11:24:00,148.63,63,Medium
16788,594.39,2,304,2011-03-30 13:05:00,2011-08-08 14:53:00,297.195,132,Medium
16325,594.24,3,194,2011-04-08 09:20:00,2011-10-24 08:48:00,198.08,199,Medium
13959,594.04,3,355,2010-12-12 13:56:00,2011-09-21 15:06:00,198.01333333333332,284,Medium
15442,594.0,1,120,2011-04-05 12:24:00,2011-04-05 12:24:00,594.0,1,Medium
12917,594.0,1,120,2011-08-03 16:42:00,2011-08-03 16:42:00,594.0,1,Medium
16535,593.75,1,356,2011-12-04 15:18:00,2011-12-04 15:18:00,593.75,1,Medium
18232,592.97,4,302,2011-05-26 16:30:00,2011-09-19 11:49:00,148.2425,116,Medium
16203,592.9,4,262,2010-12-02 15:39:00,2011-10-12 12:31:00,148.225,314,Medium
14692,591.55,4,265,2011-01-21 13:47:00,2011-07-25 15:08:00,147.8875,186,Medium
15573,591.1899999999999,2,355,2011-09-15 12:16:00,2011-11-08 11:38:00,295.59499999999997,54,Medium
13276,590.9300000000001,2,161,2011-09-01 10:03:00,2011-10-07 12:44:00,295.46500000000003,37,Medium
13270,590.0,1,200,2010-12-08 14:53:00,2010-12-08 14:53:00,590.0,1,Medium
13452,590.0,2,2,2011-03-14 11:38:00,2011-03-25 14:19:00,295.0,12,Medium
14882,589.7,2,158,2011-11-06 10:15:00,2011-11-13 12:47:00,294.85,8,Medium
16838,588.85,2,185,2011-02-24 15:01:00,2011-05-26 13:13:00,294.425,91,Medium
14338,588.22,2,335,2011-05-27 13:30:00,2011-07-01 14:08:00,294.11,36,Medium
15624,588.13,4,357,2011-03-28 13:32:00,2011-08-15 11:38:00,147.0325,140,Medium
17351,587.15,3,113,2011-03-11 16:05:00,2011-11-03 18:45:00,195.71666666666667,238,Medium
17890,586.89,2,402,2010-12-13 15:12:00,2011-01-21 11:19:00,293.445,39,Medium
12384,585.27,2,126,2011-08-10 11:23:00,2011-11-11 08:39:00,292.635,93,Medium
13243,585.12,1,232,2011-05-20 13:14:00,2011-05-20 13:14:00,585.12,1,Medium
15222,585.0,1,440,2011-01-25 08:03:00,2011-01-25 08:03:00,585.0,1,Medium
16384,584.5,2,260,2011-03-21 10:13:00,2011-09-11 11:19:00,292.25,175,Medium
16072,584.3199999999999,1,140,2011-02-24 14:32:00,2011-02-24 14:32:00,584.3199999999999,1,Medium
14023,584.07,2,345,2011-04-03 15:50:00,2011-12-02 13:58:00,292.035,243,Medium
13557,584.06,2,546,2011-03-04 12:14:00,2011-11-11 15:24:00,292.03,253,Medium
15762,583.75,2,251,2011-09-23 15:17:00,2011-10-05 16:15:00,291.875,13,Medium
17014,583.4300000000001,3,243,2011-10-04 11:36:00,2011-12-01 14:09:00,194.4766666666667,59,Medium
12426,582.73,1,258,2011-05-29 12:26:00,2011-05-29 12:26:00,582.73,1,Medium
13427,582.6,3,545,2011-05-08 15:58:00,2011-11-20 13:02:00,194.20000000000002,196,Medium
12695,582.1,4,220,2011-05-13 13:15:00,2011-12-02 13:22:00,145.525,204,Medium
17259,581.23,2,388,2010-12-06 12:55:00,2011-07-14 15:01:00,290.615,221,Medium
18095,580.0500000000001,2,419,2011-01-11 12:37:00,2011-01-31 12:50:00,290.02500000000003,21,Medium
17142,579.0,1,81,2011-04-14 18:22:00,2011-04-14 18:22:00,579.0,1,Medium
13292,578.9399999999999,2,347,2011-02-28 15:00:00,2011-11-01 10:04:00,289.46999999999997,246,Medium
17540,578.9,2,194,2011-01-27 14:35:00,2011-11-15 11:56:00,289.45,292,Medium
16005,578.71,4,280,2011-03-14 11:46:00,2011-11-27 13:47:00,144.6775,259,Medium
14529,578.61,3,325,2011-08-21 14:10:00,2011-10-10 15:27:00,192.87,51,Medium
12601,577.0600000000001,5,245,2011-01-11 10:38:00,2011-06-03 10:17:00,115.412,143,Medium
14176,576.9000000000001,4,209,2010-12-07 11:45:00,2011-02-15 13:12:00,144.22500000000002,71,Medium
16723,576.4,2,398,2011-08-24 11:31:00,2011-09-09 13:01:00,288.2,17,Medium
15830,576.0,1,415,2011-11-02 10:40:00,2011-11-02 10:40:00,576.0,1,Medium
15550,575.63,4,295,2011-02-11 12:49:00,2011-12-05 15:38:00,143.9075,298,Medium
13487,575.4,3,265,2010-12-21 14:54:00,2011-10-13 12:07:00,191.79999999999998,296,Medium
14400,574.7,1,454,2011-07-13 15:50:00,2011-07-13 15:50:00,574.7,1,Medium
18123,574.4399999999999,2,582,2011-11-08 13:31:00,2011-11-15 14:23:00,287.21999999999997,8,Medium
15339,574.07,2,416,2011-01-25 13:15:00,2011-10-04 12:51:00,287.035,252,Medium
15303,574.02,1,248,2011-02-22 13:59:00,2011-02-22 13:59:00,574.02,1,Medium
12879,573.22,3,370,2011-09-09 12:11:00,2011-10-26 12:24:00,191.07333333333335,48,Medium
13379,572.56,3,601,2011-07-26 12:26:00,2011-11-13 13:45:00,190.85333333333332,111,Medium
13405,572.451,3,165,2011-01-26 09:27:00,2011-09-26 17:01:00,190.817,244,Medium
12816,572.2,2,128,2011-06-16 13:24:00,2011-09-05 12:41:00,286.1,81,Medium
13816,571.6700000000001,2,269,2011-10-06 14:37:00,2011-11-16 08:38:00,285.83500000000004,41,Medium
17616,571.1999999999999,3,224,2010-12-07 10:04:00,2011-06-19 10:11:00,190.39999999999998,195,Medium
15821,570.96,2,202,2011-10-09 13:28:00,2011-10-26 15:48:00,285.48,18,Medium
15315,570.5,2,862,2011-08-15 15:17:00,2011-10-06 12:51:00,285.25,52,Medium
13939,568.55,3,847,2011-02-01 11:30:00,2011-11-16 13:33:00,189.51666666666665,289,Medium
17360,568.24,3,328,2011-06-08 17:09:00,2011-11-22 13:11:00,189.41333333333333,167,Medium
13321,567.36,2,372,2011-09-14 15:18:00,2011-09-28 15:24:00,283.68,15,Medium
16667,567.1800000000001,2,236,2011-02-28 12:57:00,2011-10-02 15:26:00,283.59000000000003,217,Medium
18150,566.58,3,332,2011-05-22 10:47:00,2011-11-07 16:49:00,188.86,170,Medium
16278,566.38,1,114,2011-08-31 17:12:00,2011-08-31 17:12:00,566.38,1,Medium
16345,565.46,1,288,2011-10-26 16:03:00,2011-10-26 16:03:00,565.46,1,Medium
13894,564.62,3,354,2011-02-02 12:54:00,2011-11-16 09:44:00,188.20666666666668,287,Medium
15344,563.94,3,116,2011-09-26 14:48:00,2011-12-09 10:45:00,187.98000000000002,74,Medium
16933,563.23,2,288,2011-04-14 13:33:00,2011-12-08 12:54:00,281.615,238,Medium
14753,563.15,1,211,2011-09-13 14:50:00,2011-09-13 14:50:00,563.15,1,Medium
17970,562.79,1,513,2011-05-12 20:03:00,2011-05-12 20:03:00,562.79,1,Medium
14167,562.59,4,147,2011-01-12 15:44:00,2011-10-31 14:29:00,140.6475,292,Medium
12414,562.41,3,300,2011-02-02 14:51:00,2011-05-06 14:51:00,187.47,94,Medium
16916,562.41,2,431,2010-12-02 13:14:00,2011-11-16 12:08:00,281.205,349,Medium
12559,561.71,2,283,2011-01-24 10:12:00,2011-02-02 09:49:00,280.855,9,Medium
13946,561.5699999999999,3,443,2011-03-17 10:02:00,2011-09-21 13:33:00,187.18999999999997,189,Medium
15655,560.67,1,324,2011-04-10 15:25:00,2011-04-10 15:25:00,560.67,1,Medium
13044,560.47,1,429,2011-02-21 15:20:00,2011-02-21 15:20:00,560.47,1,Medium
14273,559.97,4,264,2011-04-11 13:24:00,2011-10-19 13:20:00,139.9925,191,Medium
16275,559.87,1,336,2011-05-27 12:41:00,2011-05-27 12:41:00,559.87,1,Medium
15415,559.61,1,551,2011-01-30 14:13:00,2011-01-30 14:13:00,559.61,1,Medium
16906,559.59,4,263,2011-04-05 12:30:00,2011-09-19 11:49:00,139.8975,167,Medium
12866,559.12,1,171,2011-03-01 14:11:00,2011-03-01 14:11:00,559.12,1,Medium
17503,558.96,2,486,2011-11-01 11:12:00,2011-12-07 09:18:00,279.48,36,Medium
12987,558.7,2,219,2011-05-26 12:00:00,2011-09-27 12:03:00,279.35,125,Medium
13800,558.32,1,331,2011-02-03 12:27:00,2011-02-03 12:27:00,558.32,1,Medium
14592,557.94,3,407,2011-10-06 18:08:00,2011-11-04 16:35:00,185.98000000000002,29,Medium
13260,557.62,1,142,2011-10-09 13:21:00,2011-10-09 13:21:00,557.62,1,Medium
17955,557.3,4,273,2011-05-04 12:29:00,2011-05-25 12:00:00,139.325,21,Medium
16385,554.86,3,258,2010-12-08 12:56:00,2011-10-10 13:12:00,184.95333333333335,307,Medium
17864,554.85,3,706,2011-03-09 11:44:00,2011-11-27 11:15:00,184.95000000000002,263,Medium
14891,554.38,2,505,2011-06-05 10:58:00,2011-07-14 18:08:00,277.19,40,Medium
14618,553.44,3,264,2011-01-06 11:59:00,2011-11-30 13:45:00,184.48000000000002,329,Medium
15068,553.36,2,364,2011-03-28 14:27:00,2011-10-24 14:47:00,276.68,211,Medium
12363,552.0,2,408,2011-04-11 13:29:00,2011-08-22 10:18:00,276.0,133,Medium
17674,551.04,2,672,2010-12-06 10:20:00,2011-09-26 13:35:00,275.52,295,Medium
17291,550.8000000000001,1,72,2011-02-04 13:04:00,2011-02-04 13:04:00,550.8000000000001,1,Medium
17235,550.06,2,224,2010-12-02 13:38:00,2011-11-14 15:51:00,275.03,348,Medium
17265,550.01,2,389,2011-06-12 12:00:00,2011-07-24 10:49:00,275.005,42,Medium
12390,549.84,1,353,2011-09-21 09:33:00,2011-09-21 09:33:00,549.84,1,Medium
14177,549.46,4,204,2011-06-13 11:10:00,2011-09-14 15:11:00,137.365,94,Medium
16536,548.12,1,250,2011-08-21 15:54:00,2011-08-21 15:54:00,548.12,1,Medium
16031,547.9,2,421,2011-04-06 14:23:00,2011-09-08 13:07:00,273.95,155,Medium
14474,547.66,1,140,2011-10-24 13:26:00,2011-10-24 13:26:00,547.66,1,Medium
16811,547.07,2,477,2011-11-22 17:19:00,2011-12-05 11:39:00,273.535,13,Medium
17637,547.0600000000001,2,280,2011-08-16 13:25:00,2011-11-08 12:51:00,273.53000000000003,84,Medium
16211,547.02,1,154,2011-09-12 12:11:00,2011-09-12 12:11:00,547.02,1,Medium
17295,547.0,3,293,2011-10-06 12:22:00,2011-11-11 10:49:00,182.33333333333334,36,Medium
17520,546.81,1,365,2011-10-17 12:04:00,2011-10-17 12:04:00,546.81,1,Medium
14805,546.4,4,114,2011-01-30 10:43:00,2011-11-24 16:20:00,136.6,299,Medium
14997,546.1999999999999,3,1120,2011-06-14 16:52:00,2011-10-24 13:28:00,182.06666666666663,132,Medium
17806,546.04,1,727,2011-11-28 14:12:00,2011-11-28 14:12:00,546.04,1,Medium
12793,545.48,2,295,2010-12-03 15:14:00,2011-01-09 12:12:00,272.74,37,Medium
16475,544.3,4,319,2011-03-11 09:39:00,2011-09-12 14:37:00,136.075,186,Medium
13617,544.18,3,300,2011-06-12 12:55:00,2011-10-30 13:50:00,181.39333333333332,141,Medium
13390,544.08,1,224,2011-09-26 08:38:00,2011-09-26 08:38:00,544.08,1,Medium
16927,543.05,3,993,2010-12-13 11:57:00,2011-08-16 11:10:00,181.01666666666665,246,Medium
13278,542.73,1,537,2011-10-30 11:49:00,2011-10-30 11:49:00,542.73,1,Medium
16230,542.03,2,365,2011-05-03 15:12:00,2011-06-03 10:06:00,271.015,31,Medium
17897,541.8100000000001,3,222,2010-12-01 12:31:00,2011-06-20 11:23:00,180.60333333333335,201,Medium
17447,541.53,2,443,2011-09-29 10:10:00,2011-10-30 14:18:00,270.765,32,Medium
17557,541.46,3,306,2011-09-19 14:23:00,2011-11-25 12:57:00,180.48666666666668,67,Medium
13874,540.45,1,180,2010-12-16 18:20:00,2010-12-16 18:20:00,540.45,1,Medium
12743,540.13,2,315,2011-07-28 16:06:00,2011-07-28 16:21:00,270.065,1,Medium
13812,539.0,3,333,2011-08-26 12:54:00,2011-10-28 14:27:00,179.66666666666666,64,Medium
14496,538.8100000000001,2,159,2010-12-01 15:35:00,2011-02-01 09:01:00,269.40500000000003,62,Medium
15469,538.55,2,153,2011-08-11 16:54:00,2011-10-20 16:21:00,269.275,70,Medium
15539,538.46,1,410,2011-12-02 13:36:00,2011-12-02 13:36:00,538.46,1,Medium
14539,537.48,2,428,2011-10-26 12:03:00,2011-11-24 09:50:00,268.74,29,Medium
16206,537.0600000000001,4,272,2011-01-16 11:07:00,2011-10-16 10:41:00,134.26500000000001,273,Medium
15043,537.0,1,300,2011-11-08 14:26:00,2011-11-08 14:26:00,537.0,1,Medium
16804,536.99,3,246,2011-03-14 15:48:00,2011-11-16 16:43:00,178.99666666666667,248,Medium
16233,536.6800000000001,3,174,2010-12-08 12:51:00,2011-09-29 17:27:00,178.89333333333335,296,Medium
16142,535.34,1,422,2011-04-04 10:16:00,2011-04-04 10:16:00,535.34,1,Medium
13000,534.85,3,379,2010-12-10 10:26:00,2011-08-25 10:43:00,178.28333333333333,259,Medium
13385,534.57,1,281,2011-01-14 09:52:00,2011-01-14 09:52:00,534.57,1,Medium
16340,534.31,1,486,2011-08-24 14:53:00,2011-08-24 14:53:00,534.31,1,Medium
17443,534.24,1,504,2011-05-04 10:47:00,2011-05-04 10:47:00,534.24,1,Medium
13434,534.24,2,300,2011-09-04 10:35:00,2011-09-26 14:30:00,267.12,23,Medium
13217,533.98,3,262,2011-07-06 12:08:00,2011-08-09 15:32:00,177.99333333333334,35,Medium
17062,533.33,4,418,2010-12-05 11:59:00,2011-01-30 11:01:00,133.3325,56,Medium
15433,533.3,2,534,2011-03-17 14:12:00,2011-05-10 10:45:00,266.65,54,Medium
15825,532.94,1,220,2011-06-20 13:27:00,2011-06-20 13:27:00,532.94,1,Medium
12784,532.8199999999999,2,280,2011-11-24 12:53:00,2011-11-30 15:38:00,266.40999999999997,7,Medium
16706,531.35,3,249,2011-08-17 15:53:00,2011-11-02 13:50:00,177.11666666666667,77,Medium
14265,530.18,2,330,2011-07-14 09:10:00,2011-08-22 13:32:00,265.09,40,Medium
18159,530.15,1,139,2011-02-11 14:26:00,2011-02-11 14:26:00,530.15,1,Medium
14002,529.73,2,877,2011-07-06 14:59:00,2011-07-28 15:55:00,264.865,23,Medium
14463,529.62,3,179,2011-05-18 14:42:00,2011-09-02 15:20:00,176.54,108,Medium
16185,529.41,2,260,2011-04-21 11:59:00,2011-11-23 09:41:00,264.705,216,Medium
18043,529.29,3,265,2010-12-08 12:35:00,2011-11-15 12:48:00,176.42999999999998,343,Medium
15452,528.48,3,280,2011-03-20 15:21:00,2011-11-10 12:13:00,176.16,235,Medium
17631,528.33,3,334,2011-04-21 13:22:00,2011-12-08 09:47:00,176.11,231,Medium
16602,528.08,1,336,2011-11-03 15:54:00,2011-11-03 15:54:00,528.08,1,Medium
15756,528.01,4,241,2011-04-04 14:00:00,2011-10-09 13:30:00,132.0025,188,Medium
12479,527.2,1,385,2011-11-28 13:26:00,2011-11-28 13:26:00,527.2,1,Medium
17623,527.0500000000001,1,265,2011-11-07 11:32:00,2011-11-07 11:32:00,527.0500000000001,1,Medium
15919,525.69,2,385,2010-12-06 11:26:00,2011-11-20 11:28:00,262.845,350,Medium
17429,524.9200000000001,3,624,2011-05-05 09:53:00,2011-08-03 13:22:00,174.97333333333336,91,Medium
15467,524.88,3,310,2011-07-10 14:42:00,2011-11-30 14:17:00,174.96,143,Medium
13721,524.14,1,316,2011-11-03 14:05:00,2011-11-03 14:05:00,524.14,1,Medium
17329,523.11,2,142,2011-01-28 15:29:00,2011-11-25 14:24:00,261.555,301,Medium
18017,523.0,3,300,2011-02-02 13:57:00,2011-09-19 16:15:00,174.33333333333334,230,Medium
17712,522.91,1,215,2011-10-26 12:28:00,2011-10-26 12:28:00,522.91,1,Medium
12863,521.2,1,188,2011-10-18 14:15:00,2011-10-18 14:15:00,521.2,1,Medium
15149,520.8000000000001,1,128,2011-07-29 10:58:00,2011-07-29 10:58:00,520.8000000000001,1,Medium
17345,519.6899999999999,4,341,2011-05-27 12:26:00,2011-11-24 15:03:00,129.92249999999999,182,Medium
14873,519.68,1,168,2011-05-13 13:52:00,2011-05-13 13:52:00,519.68,1,Medium
12571,519.61,2,523,2011-08-10 12:35:00,2011-10-31 10:19:00,259.805,82,Medium
13643,519.44,3,273,2011-06-07 11:40:00,2011-11-08 15:37:00,173.14666666666668,155,Medium
16955,518.67,4,266,2010-12-01 13:31:00,2011-06-08 10:36:00,129.6675,189,Medium
16650,518.42,1,372,2011-09-29 09:51:00,2011-09-29 09:51:00,518.42,1,Medium
15030,518.28,2,372,2011-03-16 15:34:00,2011-09-29 10:50:00,259.14,197,Medium
18252,518.27,2,234,2011-06-21 11:47:00,2011-10-20 12:43:00,259.135,122,Medium
16892,518.19,5,236,2011-06-09 11:35:00,2011-12-08 13:18:00,103.638,183,Medium
16135,517.55,1,209,2011-03-22 12:30:00,2011-03-22 12:30:00,517.55,1,Medium
17454,517.53,4,243,2010-12-15 10:54:00,2011-05-31 13:58:00,129.3825,168,Medium
18205,517.36,2,192,2011-09-26 12:02:00,2011-11-03 13:22:00,258.68,39,Medium
13043,516.42,1,254,2011-03-11 14:52:00,2011-03-11 14:52:00,516.42,1,Medium
15882,516.36,4,276,2010-12-06 13:01:00,2011-05-25 11:35:00,129.09,170,Medium
15809,515.77,5,301,2011-02-10 11:16:00,2011-11-03 16:40:00,103.154,267,Medium
12811,514.85,3,230,2011-02-28 15:39:00,2011-03-24 09:42:00,171.61666666666667,24,Medium
15246,514.15,2,247,2010-12-16 09:46:00,2011-04-15 14:45:00,257.075,121,Medium
13005,513.7,2,172,2011-04-07 13:32:00,2011-06-19 10:53:00,256.85,73,Medium
17513,513.2,1,254,2011-09-28 16:42:00,2011-09-28 16:42:00,513.2,1,Medium
17290,513.01,2,397,2011-11-23 15:53:00,2011-12-06 12:38:00,256.505,13,Medium
17805,512.31,1,478,2011-09-27 11:49:00,2011-09-27 11:49:00,512.31,1,Medium
17480,511.82,1,338,2011-09-23 11:39:00,2011-09-23 11:39:00,511.82,1,Medium
15891,511.68,1,418,2011-04-27 12:35:00,2011-04-27 12:35:00,511.68,1,Medium
12582,511.36,2,300,2011-02-24 11:42:00,2011-04-15 08:45:00,255.68,50,Medium
14851,511.35,2,325,2011-03-28 14:59:00,2011-11-16 14:20:00,255.675,233,Medium
16561,511.12,2,244,2011-10-11 09:53:00,2011-12-04 11:50:00,255.56,55,Medium
15406,510.71000000000004,2,254,2011-02-11 16:19:00,2011-11-08 13:22:00,255.35500000000002,270,Medium
12436,509.01,1,211,2011-09-01 12:09:00,2011-09-01 12:09:00,509.01,1,Medium
17391,508.8,2,480,2011-06-28 12:21:00,2011-06-29 09:58:00,254.4,1,Medium
15417,508.8,1,284,2011-09-15 15:26:00,2011-09-15 15:26:00,508.8,1,Medium
14317,508.58000000000004,1,255,2011-10-06 10:44:00,2011-10-06 10:44:00,508.58000000000004,1,Medium
17958,508.4599999999999,1,84,2011-08-15 12:19:00,2011-08-15 12:19:00,508.4599999999999,1,Medium
17415,507.84,1,114,2011-09-21 12:50:00,2011-09-21 12:50:00,507.84,1,Medium
14158,507.66,1,781,2011-10-30 15:08:00,2011-10-30 15:08:00,507.66,1,Medium
14820,507.29,4,253,2011-06-19 14:56:00,2011-11-18 15:41:00,126.8225,153,Medium
16960,507.05,3,304,2011-04-01 11:54:00,2011-11-01 11:35:00,169.01666666666668,214,Medium
13885,506.8,2,182,2011-05-23 08:52:00,2011-06-03 15:07:00,253.4,12,Medium
16614,506.19,1,223,2011-06-10 11:36:00,2011-06-10 11:36:00,506.19,1,Medium
12988,505.82,1,126,2011-02-20 14:31:00,2011-02-20 14:31:00,505.82,1,Medium
14014,505.18,1,1076,2011-09-23 13:18:00,2011-09-23 13:18:00,505.18,1,Medium
15081,504.8,5,190,2010-12-07 16:20:00,2011-11-17 17:08:00,100.96000000000001,346,Medium
12991,503.76,2,405,2011-08-19 14:39:00,2011-11-16 15:34:00,251.88,90,Medium
17630,503.59999999999997,2,158,2011-04-21 14:03:00,2011-06-23 11:58:00,251.79999999999998,63,Medium
15535,502.9,4,135,2011-01-16 12:35:00,2011-06-19 16:02:00,125.725,155,Medium
16863,502.8,2,409,2010-12-08 08:58:00,2011-11-08 15:26:00,251.4,336,Medium
13865,501.56,4,204,2011-02-23 12:04:00,2011-10-12 13:31:00,125.39,232,Medium
15881,501.39000000000004,5,260,2010-12-10 13:32:00,2011-01-31 16:59:00,100.278,53,Medium
14871,501.28000000000003,4,179,2010-12-14 12:18:00,2011-12-06 13:42:00,125.32000000000001,358,Medium
13116,501.14,1,291,2011-07-24 14:33:00,2011-07-24 14:33:00,501.14,1,Medium
13247,501.12,4,328,2011-09-18 11:31:00,2011-11-22 10:59:00,125.28,65,Medium
16898,501.03,3,412,2010-12-06 12:23:00,2011-11-13 15:44:00,167.01,343,Medium
16616,500.42,2,370,2011-07-05 13:38:00,2011-11-24 16:31:00,250.21,143,Medium
15389,500.0,1,400,2011-06-20 16:18:00,2011-06-20 16:18:00,500.0,1,Medium
14077,499.41999999999996,5,268,2011-03-10 15:52:00,2011-10-30 12:35:00,99.88399999999999,234,Medium
15193,499.32,1,144,2011-10-10 08:23:00,2011-10-10 08:23:00,499.32,1,Medium
14681,498.95,3,76,2011-05-12 10:45:00,2011-09-29 15:52:00,166.31666666666666,141,Medium
16488,498.8,3,728,2011-07-14 11:46:00,2011-11-06 13:42:00,166.26666666666668,116,Medium
15142,498.74,1,365,2011-10-24 12:51:00,2011-10-24 12:51:00,498.74,1,Medium
17053,498.48,1,122,2011-08-01 10:23:00,2011-08-01 10:23:00,498.48,1,Medium
17298,498.42,2,387,2011-08-07 12:21:00,2011-08-30 16:43:00,249.21,24,Medium
16820,497.61,1,307,2011-09-05 12:06:00,2011-09-05 12:06:00,497.61,1,Medium
17495,497.56,2,229,2011-11-01 12:06:00,2011-12-02 12:08:00,248.78,32,Medium
15300,496.44,1,292,2011-10-06 17:08:00,2011-10-06 17:08:00,496.44,1,Medium
15018,496.21000000000004,3,189,2010-12-07 10:47:00,2011-11-01 12:47:00,165.40333333333334,330,Medium
12904,496.06,2,294,2011-06-20 13:18:00,2011-11-21 14:34:00,248.03,155,Medium
17374,495.77,2,85,2011-03-03 12:53:00,2011-05-05 09:05:00,247.885,63,Medium
15448,494.64,1,232,2011-01-31 10:42:00,2011-01-31 10:42:00,494.64,1,Medium
16352,494.44,2,300,2011-11-02 08:44:00,2011-11-22 10:32:00,247.22,21,Medium
17333,494.25,1,375,2011-09-15 10:11:00,2011-09-15 10:11:00,494.25,1,Medium
12763,494.08,2,316,2010-12-05 15:46:00,2011-07-24 14:12:00,247.04,231,Medium
14270,492.65000000000003,1,197,2011-01-12 09:33:00,2011-01-12 09:33:00,492.65000000000003,1,Medium
13732,491.86,1,498,2011-11-11 15:49:00,2011-11-11 15:49:00,491.86,1,Medium
14236,490.86,2,310,2010-12-02 18:49:00,2011-09-20 09:13:00,245.43,292,Medium
15000,490.52,1,218,2011-10-23 11:42:00,2011-10-23 11:42:00,490.52,1,Medium
15877,490.33,2,368,2011-11-22 11:18:00,2011-12-08 11:53:00,245.165,17,Medium
14416,490.22,2,326,2011-10-28 15:10:00,2011-11-17 15:22:00,245.11,21,Medium
18074,489.6,1,190,2010-12-01 09:53:00,2010-12-01 09:53:00,489.6,1,Medium
12809,489.31,1,220,2011-06-15 10:51:00,2011-06-15 10:51:00,489.31,1,Medium
17361,488.2,3,157,2011-02-21 09:55:00,2011-10-21 15:43:00,162.73333333333332,243,Medium
14396,487.99,2,225,2010-12-03 15:19:00,2011-10-05 16:09:00,243.995,307,Medium
15165,487.75,1,160,2010-12-01 14:03:00,2010-12-01 14:03:00,487.75,1,Medium
16643,487.51,1,269,2011-04-08 08:24:00,2011-04-08 08:24:00,487.51,1,Medium
13338,487.02,1,256,2011-07-05 09:06:00,2011-07-05 09:06:00,487.02,1,Medium
13675,486.82000000000005,2,330,2011-02-28 12:14:00,2011-07-11 12:57:00,243.41000000000003,134,Medium
17453,486.71999999999997,2,219,2011-10-06 17:02:00,2011-11-22 09:42:00,243.35999999999999,47,Medium
15287,486.69,2,433,2011-09-30 12:30:00,2011-11-17 15:34:00,243.345,49,Medium
13153,486.22,1,418,2011-12-04 12:14:00,2011-12-04 12:14:00,486.22,1,Medium
12639,486.1,1,201,2011-04-15 12:48:00,2011-04-15 12:48:00,486.1,1,Medium
15109,484.95,1,131,2011-04-08 09:58:00,2011-04-08 09:58:00,484.95,1,Medium
16999,484.82,2,294,2011-09-26 15:43:00,2011-11-16 13:53:00,242.41,51,Medium
16518,484.32,2,327,2011-02-28 16:36:00,2011-10-09 15:04:00,242.16,223,Medium
13531,483.8,2,174,2010-12-08 15:03:00,2011-05-18 16:56:00,241.9,162,Medium
14958,483.72999999999996,3,128,2011-04-08 11:28:00,2011-07-15 14:20:00,161.2433333333333,99,Medium
12808,483.65000000000003,3,188,2010-12-06 10:27:00,2011-11-03 10:05:00,161.21666666666667,332,Medium
14147,483.4,2,108,2011-02-27 11:42:00,2011-09-22 18:10:00,241.7,208,Medium
14450,483.25,3,241,2011-01-23 11:53:00,2011-06-12 10:46:00,161.08333333333334,140,Medium
16603,482.47,2,480,2011-09-09 13:02:00,2011-09-26 10:06:00,241.235,17,Medium
17950,482.2,3,366,2010-12-09 15:16:00,2011-09-28 15:18:00,160.73333333333332,294,Medium
12504,482.04999999999995,2,90,2011-11-09 14:56:00,2011-11-21 16:02:00,241.02499999999998,13,Medium
18216,481.75,1,200,2011-11-08 16:55:00,2011-11-08 16:55:00,481.75,1,Medium
13176,481.49,1,448,2011-10-24 15:43:00,2011-10-24 15:43:00,481.49,1,Medium
14130,480.91,1,257,2011-01-24 16:05:00,2011-01-24 16:05:00,480.91,1,Medium
15091,480.71,1,346,2011-10-03 12:47:00,2011-10-03 12:47:00,480.71,1,Medium
15006,480.38,1,286,2011-10-19 15:08:00,2011-10-19 15:08:00,480.38,1,Medium
17555,480.31,2,348,2011-01-09 12:31:00,2011-11-20 12:22:00,240.155,315,Medium
16368,479.91,2,251,2011-11-11 15:08:00,2011-12-07 13:12:00,239.955,26,Medium
16812,479.35,1,81,2010-12-14 12:35:00,2010-12-14 12:35:00,479.35,1,Medium
16008,478.78,3,323,2011-05-19 10:54:00,2011-11-16 10:32:00,159.59333333333333,181,Medium
15589,478.53000000000003,3,243,2011-02-02 10:46:00,2011-03-29 09:54:00,159.51000000000002,55,Medium
16768,478.09000000000003,3,196,2011-03-13 10:25:00,2011-10-23 10:38:00,159.36333333333334,225,Medium
12644,477.91,1,325,2011-08-02 10:33:00,2011-08-02 10:33:00,477.91,1,Medium
16693,477.86,2,203,2011-03-13 11:06:00,2011-10-02 11:10:00,238.93,204,Medium
13092,477.83,5,279,2010-12-15 12:27:00,2011-09-30 11:18:00,95.566,289,Medium
14320,477.79,2,325,2011-01-11 09:12:00,2011-05-17 09:24:00,238.895,127,Medium
12447,476.49,1,190,2011-04-10 13:25:00,2011-04-10 13:25:00,476.49,1,Medium
18176,476.35,1,283,2010-12-16 15:45:00,2010-12-16 15:45:00,476.35,1,Medium
15507,475.86,1,160,2011-06-21 11:19:00,2011-06-21 11:19:00,475.86,1,Medium
14853,475.8,2,82,2011-05-12 15:17:00,2011-11-15 16:56:00,237.9,188,Medium
14497,475.37,1,235,2011-02-03 17:01:00,2011-02-03 17:01:00,475.37,1,Medium
15780,475.28000000000003,3,220,2010-12-17 11:43:00,2011-06-09 12:01:00,158.42666666666668,175,Medium
14013,473.02,3,462,2011-03-09 08:59:00,2011-08-21 15:01:00,157.67333333333332,166,Medium
16038,471.78000000000003,3,244,2011-05-22 11:29:00,2011-12-02 12:40:00,157.26000000000002,195,Medium
15721,471.40000000000003,1,388,2011-11-28 12:14:00,2011-11-28 12:14:00,471.40000000000003,1,Medium
13066,470.8,2,322,2011-11-07 17:06:00,2011-11-15 12:57:00,235.4,8,Medium
15963,470.76,2,298,2011-10-25 13:05:00,2011-11-20 11:33:00,235.38,26,Medium
14431,470.36,1,130,2011-02-10 10:40:00,2011-02-10 10:40:00,470.36,1,Medium
15026,469.0,3,285,2011-03-07 13:45:00,2011-09-20 13:52:00,156.33333333333334,198,Medium
15557,468.91,1,213,2011-11-11 12:46:00,2011-11-11 12:46:00,468.91,1,Medium
14896,468.77000000000004,2,279,2010-12-09 12:24:00,2011-05-19 10:20:00,234.38500000000002,161,Medium
13171,468.41,3,229,2011-02-13 14:16:00,2011-11-18 10:27:00,156.13666666666668,278,Medium
14029,467.66,2,198,2011-07-18 16:57:00,2011-10-07 14:46:00,233.83,81,Medium
15468,467.51,2,155,2011-10-19 13:38:00,2011-10-19 13:49:00,233.755,1,Medium
13579,467.04,2,176,2010-12-05 16:10:00,2011-11-25 08:41:00,233.52,355,Medium
16374,466.73,2,237,2011-03-22 13:46:00,2011-10-04 15:21:00,233.365,197,Medium
14205,466.7,2,204,2011-03-20 15:07:00,2011-11-23 10:55:00,233.35,248,Medium
16504,465.88,1,510,2011-11-14 15:18:00,2011-11-14 15:18:00,465.88,1,Medium
13248,465.68,2,305,2011-06-03 13:05:00,2011-08-07 12:40:00,232.84,65,Medium
16742,464.9,1,1,2011-10-24 12:02:00,2011-10-24 12:02:00,464.9,1,Medium
13928,464.57,4,129,2011-07-29 15:59:00,2011-11-29 10:33:00,116.1425,123,Medium
16586,463.95,1,95,2011-04-05 09:32:00,2011-04-05 09:32:00,463.95,1,Medium
15349,463.90999999999997,2,321,2011-06-05 15:46:00,2011-07-04 16:06:00,231.95499999999998,30,Medium
14967,463.8,1,140,2011-10-21 11:06:00,2011-10-21 11:06:00,463.8,1,Medium
12787,463.66,3,261,2011-05-31 09:36:00,2011-11-30 08:44:00,154.55333333333334,183,Medium
17418,463.46000000000004,2,289,2011-01-20 11:39:00,2011-10-28 13:00:00,231.73000000000002,282,Medium
14489,463.38,1,299,2011-05-16 14:51:00,2011-05-16 14:51:00,463.38,1,Medium
17964,463.21,2,294,2010-12-02 13:32:00,2011-11-08 10:44:00,231.605,341,Medium
12945,462.95,1,165,2011-02-24 14:15:00,2011-02-24 14:15:00,462.95,1,Medium
14331,462.65999999999997,2,252,2011-07-27 15:14:00,2011-08-07 13:17:00,231.32999999999998,11,Medium
14470,461.19,2,193,2011-02-25 11:56:00,2011-11-28 10:31:00,230.595,276,Medium
16824,460.64,2,236,2011-06-28 13:36:00,2011-11-24 12:38:00,230.32,149,Medium
16805,460.59,2,539,2010-12-14 13:35:00,2011-06-19 11:23:00,230.295,187,Medium
12491,460.40000000000003,1,260,2011-11-01 12:18:00,2011-11-01 12:18:00,460.40000000000003,1,Medium
12355,459.4,1,240,2011-05-09 13:49:00,2011-05-09 13:49:00,459.4,1,Medium
16589,459.24,3,368,2011-07-01 13:31:00,2011-09-29 14:50:00,153.08,91,Medium
17880,458.92,1,314,2010-12-10 10:21:00,2010-12-10 10:21:00,458.92,1,Medium
15754,458.57,3,199,2011-04-07 12:24:00,2011-10-19 14:40:00,152.85666666666665,196,Medium
13506,458.52,2,324,2010-12-05 12:15:00,2011-01-27 13:53:00,229.26,54,Medium
15092,457.81,2,135,2011-03-01 12:24:00,2011-05-08 14:10:00,228.905,69,Medium
15121,457.72,2,199,2011-02-24 12:41:00,2011-10-20 14:51:00,228.86,239,Medium
12375,457.5,2,178,2011-09-02 14:23:00,2011-11-29 10:36:00,228.75,88,Medium
13398,457.34,1,281,2011-05-31 13:17:00,2011-05-31 13:17:00,457.34,1,Medium
12564,456.9,1,133,2011-03-23 14:55:00,2011-03-23 14:55:00,456.9,1,Medium
12999,455.88,3,342,2011-04-08 10:26:00,2011-05-27 13:24:00,151.96,50,Medium
14513,455.59000000000003,3,361,2011-02-24 09:36:00,2011-08-31 11:25:00,151.86333333333334,189,Medium
15585,455.3,1,320,2011-06-16 08:38:00,2011-06-16 08:38:00,455.3,1,Medium
16529,455.25,1,198,2011-06-02 17:23:00,2011-06-02 17:23:00,455.25,1,Medium
14335,454.86,2,375,2011-09-04 13:07:00,2011-11-23 13:41:00,227.43,81,Medium
15471,454.48,1,256,2011-12-07 14:12:00,2011-12-07 14:12:00,454.48,1,Medium
13485,454.24,1,277,2011-04-20 13:58:00,2011-04-20 13:58:00,454.24,1,Medium
17140,454.12,1,296,2011-04-06 13:33:00,2011-04-06 13:33:00,454.12,1,Medium
15475,454.10999999999996,1,319,2011-09-23 15:20:00,2011-09-23 15:20:00,454.10999999999996,1,Medium
17564,454.01,3,146,2011-09-20 14:00:00,2011-11-15 13:27:00,151.33666666666667,56,Medium
18158,453.4,2,354,2011-09-12 09:03:00,2011-11-30 16:19:00,226.7,80,Medium
12729,453.01,1,233,2011-08-18 11:40:00,2011-08-18 11:40:00,453.01,1,Medium
18071,453.0,2,260,2010-12-09 10:33:00,2011-03-27 11:59:00,226.5,109,Medium
14184,452.89,1,127,2011-10-04 12:43:00,2011-10-04 12:43:00,452.89,1,Medium
12591,452.84999999999997,1,228,2011-01-26 14:35:00,2011-01-26 14:35:00,452.84999999999997,1,Medium
16574,451.44,1,416,2011-09-29 13:39:00,2011-09-29 13:39:00,451.44,1,Medium
15802,451.42,1,1,2011-07-20 11:38:00,2011-07-20 11:38:00,451.42,1,Medium
14173,450.84,4,150,2011-05-04 14:03:00,2011-11-29 11:54:00,112.71,209,Medium
16885,450.41,3,178,2010-12-17 17:23:00,2011-11-24 13:40:00,150.13666666666668,342,Medium
17040,449.73,1,181,2011-07-25 10:19:00,2011-07-25 10:19:00,449.73,1,Medium
13489,449.52,4,560,2011-02-18 10:42:00,2011-08-26 13:16:00,112.38,190,Medium
12448,449.45,1,243,2011-10-26 13:46:00,2011-10-26 13:46:00,449.45,1,Medium
15739,449.12,1,472,2011-10-04 13:42:00,2011-10-04 13:42:00,449.12,1,Medium
17579,448.90000000000003,3,258,2011-06-13 14:12:00,2011-12-05 12:28:00,149.63333333333335,175,Medium
14780,447.68,2,310,2011-09-21 15:15:00,2011-10-16 12:46:00,223.84,25,Medium
15646,447.64000000000004,3,394,2010-12-02 16:59:00,2011-07-05 09:53:00,149.21333333333334,215,Medium
15368,446.94000000000005,1,230,2011-11-18 14:42:00,2011-11-18 14:42:00,446.94000000000005,1,Medium
14149,446.62,1,218,2011-05-03 09:44:00,2011-05-03 09:44:00,446.62,1,Medium
17370,446.18,4,540,2011-06-23 11:50:00,2011-09-28 10:14:00,111.545,97,Medium
17190,444.74,2,161,2011-05-16 15:29:00,2011-10-12 11:33:00,222.37,149,Medium
18006,444.68,1,220,2011-11-16 16:52:00,2011-11-16 16:52:00,444.68,1,Medium
14638,443.6,1,166,2011-10-20 10:10:00,2011-10-20 10:10:00,443.6,1,Medium
16404,443.05,1,157,2011-09-30 14:55:00,2011-09-30 14:55:00,443.05,1,Medium
18222,443.0,1,335,2011-09-08 10:45:00,2011-09-08 10:45:00,443.0,1,Medium
12579,440.42,1,285,2011-09-22 17:15:00,2011-09-22 17:15:00,440.42,1,Medium
14022,440.0,1,487,2011-04-28 14:39:00,2011-04-28 14:39:00,440.0,1,Medium
15524,440.0,1,4,2011-11-15 12:09:00,2011-11-15 12:09:00,440.0,1,Medium
18233,440.0,1,4,2011-01-18 08:44:00,2011-01-18 08:44:00,440.0,1,Medium
13954,439.92,2,150,2011-09-30 10:52:00,2011-12-08 12:50:00,219.96,70,Medium
12391,439.66,1,293,2011-11-18 12:07:00,2011-11-18 12:07:00,439.66,1,Medium
16025,439.65999999999997,1,338,2011-11-10 11:45:00,2011-11-10 11:45:00,439.65999999999997,1,Medium
13359,439.56,1,161,2011-10-07 09:30:00,2011-10-07 09:30:00,439.56,1,Medium
16968,439.43,2,326,2011-08-24 10:51:00,2011-12-05 15:02:00,219.715,104,Medium
13358,439.03,1,285,2011-03-16 11:52:00,2011-03-16 11:52:00,439.03,1,Medium
14272,437.96,2,599,2011-03-30 13:57:00,2011-09-27 10:08:00,218.98,181,Medium
12552,437.82,2,88,2011-10-31 12:11:00,2011-11-01 10:02:00,218.91,1,Medium
16034,437.7,3,242,2011-01-11 11:54:00,2011-05-27 16:17:00,145.9,137,Medium
12592,437.6,2,290,2011-05-10 13:44:00,2011-09-08 15:04:00,218.8,122,Medium
16084,436.18,1,216,2011-02-13 16:05:00,2011-02-13 16:05:00,436.18,1,Medium
15551,436.06,1,218,2011-11-03 12:37:00,2011-11-03 12:37:00,436.06,1,Medium
16948,435.02,3,1614,2011-01-18 10:58:00,2011-07-24 12:46:00,145.00666666666666,188,Medium
15456,434.59000000000003,3,633,2010-12-15 15:34:00,2011-03-01 13:51:00,144.86333333333334,76,Medium
14910,434.35,4,238,2011-10-16 11:06:00,2011-12-07 10:06:00,108.5875,52,Medium
14460,434.34,3,881,2011-02-02 11:55:00,2011-08-21 14:19:00,144.78,201,Medium
14093,433.86,1,391,2011-11-27 16:27:00,2011-11-27 16:27:00,433.86,1,Medium
12493,433.74,2,207,2011-05-26 14:53:00,2011-06-27 10:17:00,216.87,32,Medium
17035,433.53000000000003,2,229,2011-02-01 12:27:00,2011-04-08 11:23:00,216.76500000000001,66,Medium
16236,432.2,1,184,2011-09-22 14:10:00,2011-09-22 14:10:00,432.2,1,Medium
16881,432.0,1,600,2011-10-04 10:33:00,2011-10-04 10:33:00,432.0,1,Medium
12452,430.57,2,185,2011-11-23 08:05:00,2011-11-23 10:28:00,215.285,1,Medium
13245,430.5,1,125,2011-10-20 11:40:00,2011-10-20 11:40:00,430.5,1,Medium
12795,430.48,1,68,2011-11-21 10:27:00,2011-11-21 10:27:00,430.48,1,Medium
12827,430.15000000000003,3,197,2011-10-26 15:44:00,2011-12-04 12:17:00,143.38333333333335,39,Medium
16884,429.84000000000003,2,320,2011-11-02 10:16:00,2011-11-02 11:52:00,214.92000000000002,1,Medium
15450,429.84,1,376,2011-11-09 17:11:00,2011-11-09 17:11:00,429.84,1,Medium
15230,429.6,2,351,2011-04-13 11:04:00,2011-04-14 14:39:00,214.8,2,Medium
15036,429.56,3,316,2011-06-13 12:19:00,2011-09-28 15:42:00,143.18666666666667,108,Medium
15553,428.93,1,449,2011-10-10 14:02:00,2011-10-10 14:02:00,428.93,1,Medium
15957,428.89,1,211,2011-11-08 12:14:00,2011-11-08 12:14:00,428.89,1,Medium
13602,428.89,1,267,2011-10-06 11:47:00,2011-10-06 11:47:00,428.89,1,Medium
17869,428.18,5,111,2010-12-06 17:16:00,2011-08-24 16:16:00,85.636,261,Medium
15360,427.93,1,223,2011-10-31 09:35:00,2011-10-31 09:35:00,427.93,1,Medium
12725,427.8,1,164,2010-12-03 15:45:00,2010-12-03 15:45:00,427.8,1,Medium
12403,427.7,1,96,2011-10-21 10:51:00,2011-10-21 10:51:00,427.7,1,Medium
15976,427.64,2,275,2011-05-03 17:12:00,2011-06-27 13:00:00,213.82,55,Medium
12740,427.6,1,342,2011-10-07 10:44:00,2011-10-07 10:44:00,427.6,1,Medium
12802,427.58,1,314,2011-06-06 09:36:00,2011-06-06 09:36:00,427.58,1,Medium
15930,426.63,1,139,2011-10-03 14:52:00,2011-10-03 14:52:00,426.63,1,Medium
14288,426.6,1,188,2011-05-10 13:22:00,2011-05-10 13:22:00,426.6,1,Medium
15639,425.32,1,323,2011-07-28 14:30:00,2011-07-28 14:30:00,425.32,1,Medium
14157,424.89000000000004,2,271,2011-02-27 13:04:00,2011-11-20 11:32:00,212.44500000000002,266,Medium
16119,423.36,2,240,2011-09-28 10:15:00,2011-12-01 15:11:00,211.68,65,Medium
17525,422.70000000000005,1,82,2010-12-15 12:05:00,2010-12-15 12:05:00,422.70000000000005,1,Medium
13473,422.64,2,266,2011-01-11 08:45:00,2011-10-10 11:20:00,211.32,273,Medium
16689,422.59999999999997,2,330,2011-09-18 13:29:00,2011-09-25 11:39:00,211.29999999999998,7,Medium
18240,422.58,1,126,2011-10-24 13:06:00,2011-10-24 13:06:00,422.58,1,Medium
13140,422.47,3,185,2010-12-08 15:12:00,2011-08-23 15:33:00,140.82333333333335,259,Medium
16780,422.24,2,270,2011-03-25 17:34:00,2011-08-31 16:09:00,211.12,159,Medium
18106,421.9,1,126,2011-01-14 12:23:00,2011-01-14 12:23:00,421.9,1,Medium
14757,420.5,1,160,2011-09-25 14:36:00,2011-09-25 14:36:00,420.5,1,Medium
15206,420.29999999999995,4,162,2011-03-09 08:59:00,2011-11-29 13:41:00,105.07499999999999,266,Medium
15889,420.07,2,206,2010-12-05 15:12:00,2011-07-06 11:10:00,210.035,213,Medium
14124,419.58000000000004,1,1618,2011-09-16 13:32:00,2011-09-16 13:32:00,419.58000000000004,1,Medium
15361,418.92,1,336,2010-12-13 09:52:00,2010-12-13 09:52:00,418.92,1,Medium
18034,418.68,2,559,2011-11-18 12:08:00,2011-11-18 12:22:00,209.34,1,Medium
17371,418.4,3,151,2010-12-13 15:20:00,2011-11-22 13:30:00,139.46666666666667,344,Medium
12593,418.09999999999997,3,206,2011-05-05 09:29:00,2011-08-23 12:43:00,139.36666666666665,111,Medium
17701,417.95,1,109,2011-04-01 12:25:00,2011-04-01 12:25:00,417.95,1,Medium
17232,417.77,2,202,2011-11-25 12:24:00,2011-12-07 12:21:00,208.885,12,Medium
13615,417.69,1,189,2011-01-25 08:21:00,2011-01-25 08:21:00,417.69,1,Medium
16737,417.59999999999997,1,288,2011-10-17 13:03:00,2011-10-17 13:03:00,417.59999999999997,1,Medium
12833,417.38,1,156,2011-07-17 13:46:00,2011-07-17 13:46:00,417.38,1,Medium
17392,417.27,2,277,2010-12-16 19:04:00,2011-02-06 12:48:00,208.635,52,Medium
13166,417.2,1,216,2011-03-01 15:16:00,2011-03-01 15:16:00,417.2,1,Medium
16816,417.06,4,274,2010-12-16 17:01:00,2011-08-28 14:16:00,104.265,255,Medium
13889,416.90000000000003,1,146,2011-09-08 09:13:00,2011-09-08 09:13:00,416.90000000000003,1,Medium
17223,416.89,2,110,2010-12-06 14:08:00,2011-02-02 15:57:00,208.445,59,Medium
15935,416.86,2,115,2011-04-12 09:35:00,2011-04-14 13:27:00,208.43,3,Medium
16957,416.64,2,172,2011-03-03 09:25:00,2011-04-14 13:56:00,208.32,43,Medium
13085,416.08000000000004,2,216,2011-02-17 13:57:00,2011-07-05 12:11:00,208.04000000000002,138,Medium
15803,415.82000000000005,1,290,2011-10-19 14:56:00,2011-10-19 14:56:00,415.82000000000005,1,Medium
14139,415.82,1,510,2011-10-24 13:34:00,2011-10-24 13:34:00,415.82,1,Medium
12930,415.8,2,252,2011-06-21 13:25:00,2011-09-22 15:18:00,207.9,94,Medium
12580,415.7,1,238,2011-04-07 10:24:00,2011-04-07 10:24:00,415.7,1,Medium
15725,415.25,1,221,2011-11-24 14:51:00,2011-11-24 14:51:00,415.25,1,Medium
14333,415.2,1,58,2011-10-03 10:38:00,2011-10-03 10:38:00,415.2,1,Medium
18001,415.13,2,362,2011-09-14 11:21:00,2011-11-27 16:02:00,207.565,75,Medium
16795,414.88,1,239,2010-12-09 14:08:00,2010-12-09 14:08:00,414.88,1,Medium
14998,414.87,2,258,2011-04-12 16:28:00,2011-06-22 17:30:00,207.435,72,Medium
12993,414.76,4,240,2011-02-14 14:29:00,2011-11-16 15:49:00,103.69,276,Medium
15994,414.27,1,173,2011-10-16 12:28:00,2011-10-16 12:28:00,414.27,1,Medium
16239,414.2,2,228,2011-06-03 09:30:00,2011-10-14 08:29:00,207.1,133,Medium
17483,414.04,3,191,2011-06-09 19:40:00,2011-10-05 13:10:00,138.01333333333335,118,Medium
13974,413.59000000000003,1,249,2011-10-21 14:41:00,2011-10-21 14:41:00,413.59000000000003,1,Medium
16834,413.46,1,358,2011-04-26 09:37:00,2011-04-26 09:37:00,413.46,1,Medium
17134,413.2,2,98,2011-03-20 11:56:00,2011-08-25 09:53:00,206.6,158,Medium
14620,412.78000000000003,2,214,2011-03-01 08:30:00,2011-05-18 11:58:00,206.39000000000001,79,Medium
15523,412.01000000000005,1,132,2011-09-16 16:29:00,2011-09-16 16:29:00,412.01000000000005,1,Medium
16272,411.7,1,224,2011-08-15 10:53:00,2011-08-15 10:54:00,411.7,1,Medium
15186,411.41,2,215,2011-06-24 14:54:00,2011-11-25 14:58:00,205.705,155,Medium
15099,410.48,1,343,2011-09-16 13:13:00,2011-09-16 13:13:00,410.48,1,Medium
15695,409.98,2,212,2011-03-18 08:31:00,2011-03-18 08:32:00,204.99,1,Medium
14048,409.93,1,288,2011-02-07 14:53:00,2011-02-07 14:53:00,409.93,1,Medium
13827,409.8,3,138,2011-07-19 15:38:00,2011-10-13 12:38:00,136.6,86,Medium
14348,409.57,1,183,2011-03-24 16:23:00,2011-03-24 16:23:00,409.57,1,Medium
12990,409.5,3,200,2011-02-02 15:39:00,2011-11-08 13:01:00,136.5,279,Medium
15225,409.40000000000003,1,226,2011-04-19 14:51:00,2011-04-19 14:51:00,409.40000000000003,1,Medium
16243,409.1,2,110,2011-10-16 12:09:00,2011-11-06 12:32:00,204.55,22,Medium
16018,408.90000000000003,2,190,2011-06-12 13:52:00,2011-10-31 14:13:00,204.45000000000002,142,Medium
15269,408.8,1,26,2011-11-16 09:32:00,2011-11-16 09:32:00,408.8,1,Medium
17913,408.65,2,288,2010-12-19 11:35:00,2011-10-12 10:45:00,204.325,297,Medium
16629,408.63,2,489,2011-09-04 16:12:00,2011-09-27 10:34:00,204.315,23,Medium
16324,408.59000000000003,3,270,2011-06-15 14:26:00,2011-08-03 12:58:00,136.1966666666667,49,Medium
17931,408.36,2,249,2011-03-29 12:31:00,2011-07-28 18:33:00,204.18,122,Medium
16399,408.02,2,263,2011-04-18 13:46:00,2011-11-20 16:12:00,204.01,217,Medium
15127,406.53,1,251,2011-10-05 10:30:00,2011-10-05 10:30:00,406.53,1,Medium
16947,406.48,1,312,2011-04-18 09:38:00,2011-04-18 09:38:00,406.48,1,Medium
15342,406.09,1,283,2011-08-02 10:19:00,2011-08-02 10:19:00,406.09,1,Medium
14616,406.08000000000004,3,104,2011-01-26 12:42:00,2011-04-11 09:54:00,135.36,75,Medium
12970,405.47,4,268,2011-01-21 14:04:00,2011-12-02 14:30:00,101.3675,316,Medium
12922,405.38,1,370,2011-07-01 15:35:00,2011-07-01 15:35:00,405.38,1,Medium
15012,405.04,2,225,2010-12-01 12:49:00,2011-10-17 12:22:00,202.52,320,Medium
15938,404.58,5,240,2011-01-20 10:11:00,2011-08-19 12:56:00,80.916,212,Medium
16319,404.40000000000003,1,72,2011-05-06 11:27:00,2011-05-06 11:27:00,404.40000000000003,1,Medium
16484,404.3,2,200,2011-06-02 10:39:00,2011-06-19 12:06:00,202.15,18,Medium
12498,403.70000000000005,3,159,2011-10-13 09:30:00,2011-11-18 12:53:00,134.5666666666667,37,Medium
17431,403.3,1,292,2011-01-30 14:36:00,2011-01-30 14:36:00,403.3,1,Medium
15221,403.25,1,43,2010-12-08 13:08:00,2010-12-08 13:08:00,403.25,1,Medium
18036,403.12,3,232,2011-04-08 11:26:00,2011-11-07 14:40:00,134.37333333333333,214,Medium
15184,402.2,2,199,2011-06-02 12:06:00,2011-11-10 13:41:00,201.1,162,Medium
12386,401.9,2,354,2010-12-08 09:53:00,2011-01-06 12:37:00,200.95,30,Medium
15158,401.40000000000003,1,198,2011-10-25 13:53:00,2011-10-25 13:53:00,401.40000000000003,1,Medium
16500,400.86,6,123,2011-01-13 10:28:00,2011-12-05 12:04:00,66.81,327,Medium
16198,400.68100000000004,1,129,2011-09-25 14:58:00,2011-09-25 14:58:00,400.68100000000004,1,Medium
12792,400.53999999999996,1,217,2011-03-28 11:36:00,2011-03-28 11:36:00,400.53999999999996,1,Medium
17375,400.1,3,367,2010-12-13 15:16:00,2011-05-24 15:45:00,133.36666666666667,163,Medium
18164,399.65000000000003,1,184,2011-11-02 12:56:00,2011-11-02 12:56:00,399.65000000000003,1,Medium
13255,399.51,2,177,2010-12-01 11:58:00,2011-11-30 13:14:00,199.755,365,Medium
18154,399.19,2,255,2011-10-27 10:40:00,2011-12-06 16:41:00,199.595,41,Medium
17052,399.09,1,251,2011-11-11 14:50:00,2011-11-11 14:50:00,399.09,1,Medium
17830,398.7,3,92,2011-02-24 10:15:00,2011-12-08 12:28:00,132.9,288,Medium
15522,397.99,2,572,2011-09-13 12:26:00,2011-11-07 11:26:00,198.995,55,Medium
13352,397.97999999999996,1,321,2011-10-10 13:55:00,2011-10-10 13:55:00,397.97999999999996,1,Medium
12508,397.88,2,271,2011-11-10 16:27:00,2011-11-13 15:37:00,198.94,3,Medium
15967,397.68,2,205,2011-01-25 11:57:00,2011-11-16 15:41:00,198.84,296,Medium
15429,397.35,2,380,2011-09-25 13:42:00,2011-11-13 12:28:00,198.675,49,Medium
17926,397.29,2,306,2011-05-20 09:24:00,2011-07-29 14:39:00,198.645,71,Medium
12824,397.12,1,232,2011-10-11 12:49:00,2011-10-11 12:49:00,397.12,1,Medium
13594,396.97,1,359,2011-10-18 10:19:00,2011-10-18 10:19:00,396.97,1,Medium
17486,396.87,1,191,2011-03-23 14:00:00,2011-03-23 14:00:00,396.87,1,Medium
15883,396.48,2,223,2011-11-06 14:50:00,2011-12-07 17:05:00,198.24,32,Medium
18067,396.33,1,189,2011-10-30 15:58:00,2011-10-30 15:58:00,396.33,1,Medium
16354,395.8,2,150,2011-09-27 16:28:00,2011-10-07 14:28:00,197.9,10,Medium
17603,394.72,1,74,2011-09-22 14:18:00,2011-09-22 14:18:00,394.72,1,Medium
14619,394.44,1,152,2011-04-08 07:37:00,2011-04-08 07:37:00,394.44,1,Medium
16207,394.38,1,140,2011-11-14 13:51:00,2011-11-14 13:51:00,394.38,1,Medium
15386,394.14,1,446,2011-06-06 13:47:00,2011-06-06 13:47:00,394.14,1,Medium
15264,393.74,1,265,2011-10-06 13:49:00,2011-10-06 13:49:00,393.74,1,Medium
15345,393.54,1,81,2011-10-25 11:28:00,2011-10-25 11:28:00,393.54,1,Medium
17226,393.49,1,406,2011-02-04 11:52:00,2011-02-04 11:52:00,393.49,1,Medium
14600,393.33000000000004,1,125,2011-02-07 09:48:00,2011-02-07 09:48:00,393.33000000000004,1,Medium
14670,392.86,2,326,2011-03-04 13:58:00,2011-03-04 14:13:00,196.43,1,Medium
16010,392.4,3,202,2010-12-12 12:18:00,2011-04-08 10:14:00,130.79999999999998,117,Medium
15837,391.98,1,189,2011-10-06 09:01:00,2011-10-06 09:01:00,391.98,1,Medium
16917,391.52,1,232,2011-03-08 11:55:00,2011-03-08 11:55:00,391.52,1,Medium
12982,390.54,1,288,2011-04-11 11:51:00,2011-04-11 11:51:00,390.54,1,Medium
18024,389.78,2,184,2011-07-10 12:28:00,2011-07-10 12:40:00,194.89,1,Medium
17379,389.71999999999997,1,623,2011-11-28 13:56:00,2011-11-28 13:56:00,389.71999999999997,1,Medium
14752,389.64,1,260,2011-10-27 11:55:00,2011-10-27 11:55:00,389.64,1,Medium
13873,389.6,3,140,2011-02-03 09:37:00,2011-08-12 10:08:00,129.86666666666667,191,Medium
13345,389.5,1,141,2011-02-25 09:01:00,2011-02-25 09:01:00,389.5,1,Medium
16250,389.44,2,208,2010-12-01 09:59:00,2011-03-23 15:07:00,194.72,113,Medium
15847,389.27,2,449,2011-02-24 16:46:00,2011-11-01 14:41:00,194.635,250,Medium
12690,389.01,1,106,2011-05-18 09:09:00,2011-05-18 09:09:00,389.01,1,Medium
15592,388.58,1,354,2011-10-24 08:59:00,2011-10-24 08:59:00,388.58,1,Medium
13899,388.52,2,156,2011-03-10 09:30:00,2011-11-23 13:40:00,194.26,259,Medium
13856,388.5,3,494,2011-05-20 13:13:00,2011-06-24 10:03:00,129.5,35,Medium
17438,388.45000000000005,1,103,2011-03-31 10:26:00,2011-03-31 10:26:00,388.45000000000005,1,Medium
14538,388.25,2,155,2011-03-28 14:57:00,2011-10-06 10:31:00,194.125,192,Medium
17817,387.68,3,67,2011-03-07 17:30:00,2011-12-05 14:39:00,129.22666666666666,273,Low
14420,387.52,1,334,2011-09-01 18:07:00,2011-09-01 18:07:00,387.52,1,Low
13673,387.44,2,114,2011-11-07 15:40:00,2011-11-21 12:11:00,193.72,14,Low
17508,387.31,1,289,2011-03-04 08:10:00,2011-03-04 08:10:00,387.31,1,Low
17595,386.69,2,228,2011-11-02 16:19:00,2011-11-27 16:08:00,193.345,25,Low
14114,386.53,2,101,2011-01-13 11:05:00,2011-03-11 09:42:00,193.265,57,Low
15664,386.43,1,157,2011-10-20 10:57:00,2011-10-20 10:57:00,386.43,1,Low
17614,386.32,1,235,2011-10-13 16:01:00,2011-10-13 16:01:00,386.32,1,Low
14779,386.15,3,84,2011-01-20 12:04:00,2011-03-04 12:42:00,128.71666666666667,44,Low
13821,385.64,2,153,2011-03-23 11:30:00,2011-07-18 09:49:00,192.82,117,Low
17711,385.1,2,246,2011-02-23 11:32:00,2011-11-29 11:40:00,192.55,280,Low
13919,384.81,2,474,2011-08-10 10:15:00,2011-10-11 14:24:00,192.405,63,Low
17357,384.39,2,152,2011-11-15 16:29:00,2011-11-15 16:30:00,192.195,1,Low
16204,384.18,1,218,2011-11-16 13:40:00,2011-11-16 13:40:00,384.18,1,Low
17205,384.08,1,884,2011-10-17 12:46:00,2011-10-17 12:46:00,384.08,1,Low
16982,384.06,1,182,2011-10-10 12:28:00,2011-10-10 12:28:00,384.06,1,Low
12733,383.95,1,137,2011-04-19 16:19:00,2011-04-19 16:19:00,383.95,1,Low
13833,383.85,1,117,2011-07-03 13:27:00,2011-07-03 13:27:00,383.85,1,Low
17189,383.75,2,226,2010-12-15 17:28:00,2011-08-25 19:39:00,191.875,254,Low
12515,383.7,1,131,2010-12-21 15:43:00,2010-12-21 15:43:00,383.7,1,Low
15440,383.68,3,197,2011-05-15 11:30:00,2011-10-16 12:16:00,127.89333333333333,155,Low
14304,383.45,1,139,2011-05-01 11:50:00,2011-05-01 11:50:00,383.45,1,Low
15424,383.34,2,554,2011-03-30 13:00:00,2011-03-30 13:02:00,191.67,1,Low
12832,383.03,2,195,2011-09-02 13:48:00,2011-11-07 13:30:00,191.515,66,Low
13817,382.98,2,211,2010-12-23 11:46:00,2011-11-10 17:49:00,191.49,323,Low
17239,382.5,1,150,2011-01-31 09:41:00,2011-01-31 09:41:00,382.5,1,Low
13657,382.14,2,209,2011-05-22 12:35:00,2011-11-29 12:32:00,191.07,191,Low
17250,381.97,2,167,2011-03-23 16:45:00,2011-12-06 12:15:00,190.985,258,Low
15090,381.32,1,208,2011-02-04 14:03:00,2011-02-04 14:03:00,381.32,1,Low
16441,381.2,2,173,2011-02-21 17:35:00,2011-10-03 17:48:00,190.6,225,Low
15048,381.0,4,192,2010-12-06 12:15:00,2011-10-05 14:55:00,95.25,304,Low
12871,380.64,2,200,2011-05-16 13:32:00,2011-09-16 15:07:00,190.32,124,Low
17573,380.6,3,308,2011-09-07 10:36:00,2011-11-10 13:01:00,126.86666666666667,65,Low
17138,380.5,1,126,2011-03-09 11:54:00,2011-03-09 11:54:00,380.5,1,Low
17999,380.39,2,219,2010-12-08 15:17:00,2011-11-02 15:56:00,190.195,330,Low
17031,380.35,2,235,2011-07-08 09:38:00,2011-11-28 10:23:00,190.175,144,Low
17936,380.13,1,257,2011-12-04 13:32:00,2011-12-04 13:32:00,380.13,1,Low
14731,380.02,3,256,2011-05-11 13:06:00,2011-10-23 15:54:00,126.67333333333333,166,Low
16552,379.73,2,219,2010-12-01 12:36:00,2011-04-11 10:04:00,189.865,131,Low
13589,379.65,2,114,2011-06-13 12:44:00,2011-11-25 12:10:00,189.825,165,Low
13656,379.65,2,490,2011-01-06 15:42:00,2011-06-28 10:31:00,189.825,173,Low
17878,379.45,1,401,2011-10-27 11:24:00,2011-10-27 11:24:00,379.45,1,Low
15885,379.35,3,111,2011-02-03 15:28:00,2011-09-08 10:43:00,126.45,217,Low
16909,379.14,1,436,2011-09-28 16:45:00,2011-09-28 16:45:00,379.14,1,Low
16930,378.89,3,339,2011-10-02 14:25:00,2011-11-13 16:13:00,126.29666666666667,43,Low
13372,378.64,1,159,2011-09-11 12:46:00,2011-09-11 12:46:00,378.64,1,Low
17078,378.2,2,788,2011-11-03 18:49:00,2011-11-03 19:17:00,189.1,1,Low
17736,377.44,3,238,2011-08-18 14:33:00,2011-11-30 15:36:00,125.81333333333333,105,Low
12890,376.71999999999997,1,256,2011-11-15 17:26:00,2011-11-15 17:26:00,376.71999999999997,1,Low
17489,376.64,2,428,2011-05-11 11:34:00,2011-10-12 08:56:00,188.32,154,Low
13936,376.58,1,330,2011-06-13 08:47:00,2011-06-13 08:47:00,376.58,1,Low
16858,375.69000000000005,1,91,2010-12-06 09:52:00,2010-12-06 09:52:00,375.69000000000005,1,Low
14448,375.35,2,104,2010-12-10 17:26:00,2011-11-30 13:50:00,187.675,355,Low
14079,375.1,1,301,2011-08-07 12:10:00,2011-08-07 12:10:00,375.1,1,Low
16147,375.0,1,246,2011-07-29 09:57:00,2011-07-29 09:57:00,375.0,1,Low
14067,374.7,2,361,2011-09-04 12:00:00,2011-10-07 10:21:00,187.35,33,Low
17492,374.57,1,155,2011-04-05 15:21:00,2011-04-05 15:21:00,374.57,1,Low
12873,374.0,1,128,2011-03-02 14:58:00,2011-03-02 14:58:00,374.0,1,Low
13351,373.94,1,117,2011-10-04 12:55:00,2011-10-04 12:55:00,373.94,1,Low
16321,373.65000000000003,5,135,2011-01-20 12:11:00,2011-09-28 14:55:00,74.73,252,Low
12895,372.8,2,210,2011-09-14 08:35:00,2011-10-28 13:51:00,186.4,45,Low
12544,372.7,1,136,2011-11-03 16:15:00,2011-11-03 16:15:00,372.7,1,Low
12981,372.21999999999997,2,242,2011-07-29 14:14:00,2011-11-10 12:00:00,186.10999999999999,104,Low
13300,371.89,1,203,2011-06-23 13:09:00,2011-06-23 13:09:00,371.89,1,Low
18155,371.62,3,266,2011-02-21 10:36:00,2011-09-25 13:32:00,123.87333333333333,217,Low
15472,371.56,1,251,2011-08-18 15:17:00,2011-08-18 15:17:00,371.56,1,Low
16776,371.54,1,254,2011-10-10 13:04:00,2011-10-10 13:04:00,371.54,1,Low
14950,371.2,1,136,2011-11-20 13:48:00,2011-11-20 13:48:00,371.2,1,Low
15975,371.01,1,243,2011-09-16 13:33:00,2011-09-16 13:33:00,371.01,1,Low
15063,370.79999999999995,1,56,2011-05-10 13:25:00,2011-05-10 13:25:00,370.79999999999995,1,Low
15922,369.5,1,138,2010-12-01 13:51:00,2010-12-01 13:51:00,369.5,1,Low
16758,369.34000000000003,1,203,2011-10-05 14:47:00,2011-10-05 14:47:00,369.34000000000003,1,Low
14888,369.2,1,184,2011-05-16 14:58:00,2011-05-16 14:58:00,369.2,1,Low
17765,367.63,3,143,2011-03-28 11:58:00,2011-07-04 12:41:00,122.54333333333334,99,Low
16065,367.14,1,228,2010-12-09 13:03:00,2010-12-09 13:03:00,367.14,1,Low
18181,366.85,1,133,2011-11-15 15:08:00,2011-11-15 15:08:00,366.85,1,Low
17911,366.23,1,223,2011-11-30 14:52:00,2011-11-30 14:52:00,366.23,1,Low
17432,365.76,2,207,2011-11-02 17:30:00,2011-11-21 17:33:00,182.88,20,Low
16499,365.45,2,127,2010-12-10 10:27:00,2010-12-14 13:31:00,182.725,5,Low
16202,365.27,1,191,2010-12-14 10:43:00,2010-12-14 10:43:00,365.27,1,Low
14886,364.8,1,160,2011-04-01 08:56:00,2011-04-01 08:56:00,364.8,1,Low
15949,364.72,2,284,2011-09-29 17:34:00,2011-11-23 09:09:00,182.36,55,Low
12373,364.6,1,197,2011-02-01 13:10:00,2011-02-01 13:10:00,364.6,1,Low
15343,364.5,1,84,2011-09-13 13:55:00,2011-09-13 13:55:00,364.5,1,Low
14528,364.21999999999997,1,278,2011-11-02 17:09:00,2011-11-02 17:09:00,364.21999999999997,1,Low
12538,363.95,1,191,2011-11-10 17:16:00,2011-11-10 17:16:00,363.95,1,Low
17330,363.9,2,120,2011-10-03 11:26:00,2011-11-17 08:56:00,181.95,45,Low
14171,363.79,1,167,2011-09-02 16:43:00,2011-09-02 16:43:00,363.79,1,Low
16509,363.7,1,64,2011-02-16 09:25:00,2011-02-16 09:25:00,363.7,1,Low
12915,363.65,2,93,2010-12-02 12:33:00,2011-07-14 11:34:00,181.825,224,Low
18056,363.65,1,211,2011-02-24 14:27:00,2011-02-24 14:27:00,363.65,1,Low
16485,363.65,1,235,2011-09-23 15:50:00,2011-09-23 15:50:00,363.65,1,Low
14932,363.53,1,80,2010-12-09 11:48:00,2010-12-09 11:48:00,363.53,1,Low
14427,363.34000000000003,2,228,2011-10-07 09:10:00,2011-10-20 14:23:00,181.67000000000002,14,Low
14594,363.33,2,183,2010-12-01 13:54:00,2011-12-02 13:28:00,181.665,366,Low
16903,363.2,1,247,2011-11-10 15:32:00,2011-11-10 15:32:00,363.2,1,Low
16378,362.95,3,267,2011-02-02 12:42:00,2011-04-06 15:07:00,120.98333333333333,64,Low
16052,362.06,1,282,2011-10-16 15:13:00,2011-10-16 15:13:00,362.06,1,Low
15025,361.96,1,184,2011-11-06 15:20:00,2011-11-06 15:20:00,361.96,1,Low
13844,361.62,1,196,2011-11-28 13:21:00,2011-11-28 13:21:00,361.62,1,Low
16769,361.54,1,80,2011-03-24 13:41:00,2011-03-24 13:41:00,361.54,1,Low
16305,361.21999999999997,1,256,2011-07-24 12:18:00,2011-07-24 12:18:00,361.21999999999997,1,Low
13291,361.11,1,233,2011-07-07 10:36:00,2011-07-07 10:36:00,361.11,1,Low
17358,360.81,2,190,2010-12-19 14:16:00,2011-02-09 16:57:00,180.405,53,Low
16595,360.16,1,335,2011-10-09 13:15:00,2011-10-09 13:15:00,360.16,1,Low
13780,360.01,2,318,2011-06-22 11:43:00,2011-12-02 13:49:00,180.005,164,Low
13298,360.0,1,96,2011-12-08 13:11:00,2011-12-08 13:11:00,360.0,1,Low
15120,358.82,1,296,2011-07-29 09:48:00,2011-07-29 09:48:00,358.82,1,Low
17948,358.56000000000006,1,144,2011-07-15 12:58:00,2011-07-15 12:58:00,358.56000000000006,1,Low
16823,358.38,1,136,2011-04-26 15:00:00,2011-04-26 15:00:00,358.38,1,Low
13228,358.0,1,200,2011-09-19 14:28:00,2011-09-19 14:28:00,358.0,1,Low
13976,357.98,1,154,2011-05-17 09:13:00,2011-05-17 09:13:00,357.98,1,Low
17025,357.77,3,235,2010-12-01 15:45:00,2011-10-10 09:06:00,119.25666666666666,313,Low
16971,357.21,1,72,2011-11-01 15:06:00,2011-11-01 15:06:00,357.21,1,Low
18040,357.20000000000005,2,148,2011-04-08 08:27:00,2011-11-20 14:20:00,178.60000000000002,227,Low
13453,356.97999999999996,2,134,2011-02-23 09:44:00,2011-06-27 09:34:00,178.48999999999998,124,Low
14500,356.85,3,117,2011-06-03 10:08:00,2011-09-12 16:45:00,118.95,102,Low
15713,356.7,2,150,2010-12-08 15:16:00,2011-07-19 13:34:00,178.35,223,Low
15247,356.0,1,160,2011-08-09 12:52:00,2011-08-09 12:52:00,356.0,1,Low
16372,355.73,2,158,2011-11-06 12:50:00,2011-11-06 13:08:00,177.865,1,Low
14537,355.56,1,120,2011-10-13 10:54:00,2011-10-13 10:54:00,355.56,1,Low
15840,355.56,2,396,2011-06-20 11:42:00,2011-10-12 09:08:00,177.78,114,Low
17742,355.11,2,89,2011-01-11 10:04:00,2011-08-18 15:28:00,177.555,220,Low
14690,355.05,2,167,2011-07-11 11:58:00,2011-10-26 15:39:00,177.525,108,Low
12888,354.12,2,76,2011-03-29 14:31:00,2011-05-09 16:02:00,177.06,42,Low
12845,354.09,4,204,2011-02-22 14:10:00,2011-03-17 13:34:00,88.5225,23,Low
13173,353.65,2,277,2010-12-07 14:30:00,2011-12-05 15:51:00,176.825,364,Low
13210,353.48,1,316,2011-09-07 08:18:00,2011-09-07 08:18:00,353.48,1,Low
13343,353.43,1,135,2011-06-15 12:24:00,2011-06-15 12:24:00,353.43,1,Low
14804,353.27,1,121,2011-12-01 11:20:00,2011-12-01 11:20:00,353.27,1,Low
12617,352.98,1,210,2011-11-10 14:39:00,2011-11-10 14:39:00,352.98,1,Low
15678,352.7,1,184,2011-10-18 09:25:00,2011-10-18 09:25:00,352.7,1,Low
18112,352.69,2,255,2011-06-26 13:56:00,2011-11-27 14:43:00,176.345,155,Low
16274,351.75,1,153,2010-12-01 15:35:00,2010-12-01 15:35:00,351.75,1,Low
15901,351.73,3,379,2011-07-08 12:18:00,2011-11-23 12:43:00,117.24333333333334,139,Low
12566,351.65,1,265,2011-09-14 14:30:00,2011-09-14 14:30:00,351.65,1,Low
15870,351.44,1,333,2011-11-07 10:58:00,2011-11-07 10:58:00,351.44,1,Low
15789,351.3,1,438,2010-12-16 14:35:00,2010-12-16 14:35:00,351.3,1,Low
13923,351.13,1,185,2011-10-17 12:33:00,2011-10-17 12:33:00,351.13,1,Low
13332,350.9,1,179,2011-11-25 13:30:00,2011-11-25 13:30:00,350.9,1,Low
15334,350.82,3,273,2011-06-19 13:51:00,2011-07-06 11:22:00,116.94,17,Low
13740,350.75,1,425,2011-04-13 10:32:00,2011-04-13 10:32:00,350.75,1,Low
13108,350.06,1,298,2010-12-02 10:35:00,2010-12-02 10:35:00,350.06,1,Low
12532,349.83000000000004,1,153,2011-11-09 13:47:00,2011-11-09 13:47:00,349.83000000000004,1,Low
13670,349.7,1,282,2011-09-25 15:25:00,2011-09-25 15:25:00,349.7,1,Low
13887,349.55,1,147,2011-05-19 17:22:00,2011-05-19 17:22:00,349.55,1,Low
18250,349.27,1,199,2011-02-02 13:16:00,2011-02-02 13:16:00,349.27,1,Low
15405,349.1,1,193,2011-06-03 14:44:00,2011-06-03 14:44:00,349.1,1,Low
13927,348.99,1,214,2011-09-26 12:00:00,2011-09-26 12:00:00,348.99,1,Low
17252,348.91,2,192,2011-06-06 16:41:00,2011-08-15 09:45:00,174.455,70,Low
13790,348.8,1,748,2011-12-05 15:48:00,2011-12-05 15:48:00,348.8,1,Low
12527,348.71000000000004,3,234,2011-01-18 12:05:00,2011-09-19 11:55:00,116.23666666666668,244,Low
16159,348.2,1,236,2011-03-03 12:27:00,2011-03-03 12:27:00,348.2,1,Low
13052,348.15000000000003,1,222,2011-05-11 14:12:00,2011-05-11 14:12:00,348.15000000000003,1,Low
14379,348.1,2,292,2011-02-17 15:03:00,2011-10-26 16:43:00,174.05,252,Low
13497,348.05,2,163,2010-12-06 11:37:00,2011-03-02 09:04:00,174.025,86,Low
17668,347.75,2,93,2011-11-01 14:45:00,2011-12-08 13:25:00,173.875,37,Low
18127,347.08,3,187,2011-07-29 10:06:00,2011-11-20 14:05:00,115.69333333333333,115,Low
13062,346.98,1,343,2011-06-01 15:12:00,2011-06-01 15:12:00,346.98,1,Low
13649,346.6,2,139,2010-12-08 14:46:00,2011-03-28 11:51:00,173.3,110,Low
16423,346.12,1,230,2011-11-15 09:21:00,2011-11-15 09:21:00,346.12,1,Low
13091,345.82,1,466,2011-11-11 15:54:00,2011-11-11 15:54:00,345.82,1,Low
15781,345.46,3,180,2011-02-07 09:15:00,2011-11-14 14:57:00,115.15333333333332,281,Low
17123,345.29999999999995,1,246,2011-07-01 10:47:00,2011-07-01 10:47:00,345.29999999999995,1,Low
13774,345.0,1,192,2011-09-19 12:06:00,2011-09-19 12:06:00,345.0,1,Low
14633,344.90000000000003,1,96,2011-03-18 17:07:00,2011-03-18 17:07:00,344.90000000000003,1,Low
16978,344.33,1,166,2011-09-23 12:50:00,2011-09-23 12:50:00,344.33,1,Low
17569,344.14,1,159,2011-01-11 14:15:00,2011-01-11 14:15:00,344.14,1,Low
13068,344.0,2,200,2011-01-24 08:20:00,2011-11-29 15:00:00,172.0,310,Low
15047,343.62,1,222,2011-03-15 10:49:00,2011-03-15 10:49:00,343.62,1,Low
15520,343.5,1,314,2011-12-08 10:58:00,2011-12-08 10:58:00,343.5,1,Low
18081,343.45,3,195,2011-07-29 11:56:00,2011-11-03 16:30:00,114.48333333333333,98,Low
12715,343.36,1,192,2011-08-25 15:22:00,2011-08-25 15:22:00,343.36,1,Low
12875,343.2300000000001,2,2019,2010-12-12 12:03:00,2011-07-19 15:30:00,171.61500000000004,220,Low
17795,342.83,2,305,2011-03-20 12:02:00,2011-06-13 12:36:00,171.415,86,Low
16851,342.45,3,271,2011-10-19 09:48:00,2011-12-05 13:32:00,114.14999999999999,48,Low
17835,342.24,3,344,2011-11-16 16:30:00,2011-12-07 11:48:00,114.08,21,Low
16826,341.7,1,158,2011-10-19 14:05:00,2011-10-19 14:05:00,341.7,1,Low
13347,341.36,1,205,2011-09-30 13:28:00,2011-09-30 13:28:00,341.36,1,Low
14491,340.93,2,139,2010-12-02 12:10:00,2011-06-17 15:22:00,170.465,198,Low
15115,340.11,1,157,2011-11-21 14:59:00,2011-11-21 14:59:00,340.11,1,Low
13737,339.59999999999997,1,125,2011-05-23 16:32:00,2011-05-23 16:32:00,339.59999999999997,1,Low
17045,339.44,3,106,2011-04-06 12:08:00,2011-08-18 17:09:00,113.14666666666666,135,Low
16545,339.3,1,78,2011-06-28 10:37:00,2011-06-28 10:37:00,339.3,1,Low
17697,338.95,1,93,2011-04-17 15:40:00,2011-04-17 15:40:00,338.95,1,Low
16183,338.71000000000004,1,113,2011-10-03 14:59:00,2011-10-03 14:59:00,338.71000000000004,1,Low
13569,338.62,2,156,2010-12-07 12:29:00,2011-11-22 13:07:00,169.31,351,Low
15652,337.74,1,208,2011-09-09 14:22:00,2011-09-09 14:22:00,337.74,1,Low
15942,337.44,1,232,2011-07-29 09:01:00,2011-07-29 09:01:00,337.44,1,Low
13930,337.34,2,274,2011-07-26 11:00:00,2011-10-13 09:45:00,168.67,79,Low
15900,337.28,1,216,2011-11-16 12:19:00,2011-11-16 12:19:00,337.28,1,Low
17973,337.04,1,176,2011-10-19 10:34:00,2011-10-19 10:34:00,337.04,1,Low
16105,336.96,1,330,2011-04-05 10:13:00,2011-04-05 10:13:00,336.96,1,Low
15619,336.40000000000003,1,136,2011-11-29 08:14:00,2011-11-29 08:14:00,336.40000000000003,1,Low
17384,336.4,2,88,2011-05-04 16:07:00,2011-11-20 15:48:00,168.2,200,Low
18078,336.13,2,145,2011-03-25 15:08:00,2011-05-06 14:32:00,168.065,42,Low
18276,335.86,1,186,2011-10-27 10:54:00,2011-10-27 10:54:00,335.86,1,Low
14196,335.52,1,142,2011-08-25 10:25:00,2011-08-25 10:25:00,335.52,1,Low
16063,335.32,1,262,2011-03-24 14:55:00,2011-03-24 14:56:00,335.32,1,Low
17917,335.03,3,184,2010-12-12 12:08:00,2011-10-25 13:20:00,111.67666666666666,318,Low
12489,334.93,1,105,2011-01-07 13:13:00,2011-01-07 13:13:00,334.93,1,Low
14988,334.54,1,141,2011-05-12 12:05:00,2011-05-12 12:05:00,334.54,1,Low
15466,334.53,1,246,2011-09-15 14:08:00,2011-09-15 14:08:00,334.53,1,Low
17221,334.48,2,287,2011-11-03 17:39:00,2011-12-02 13:35:00,167.24,29,Low
12350,334.4,1,197,2011-02-02 16:01:00,2011-02-02 16:01:00,334.4,1,Low
15918,334.23,2,153,2011-03-13 15:55:00,2011-06-02 11:42:00,167.115,81,Low
14264,333.97,2,70,2011-04-08 12:20:00,2011-07-08 10:20:00,166.985,91,Low
13216,333.74,1,297,2011-03-17 12:18:00,2011-03-17 12:18:00,333.74,1,Low
13727,333.48,2,162,2011-11-06 12:16:00,2011-11-11 09:46:00,166.74,5,Low
16625,333.08,1,164,2011-03-10 12:50:00,2011-03-10 12:50:00,333.08,1,Low
14902,332.66,1,218,2011-11-14 10:34:00,2011-11-14 10:34:00,332.66,1,Low
13904,332.64,2,332,2011-02-18 11:18:00,2011-11-02 13:41:00,166.32,258,Low
16850,332.41,1,249,2011-01-10 11:09:00,2011-01-10 11:09:00,332.41,1,Low
16803,332.3,1,245,2011-10-05 14:28:00,2011-10-05 14:28:00,332.3,1,Low
16177,331.95,1,95,2011-10-20 12:57:00,2011-10-20 12:57:00,331.95,1,Low
16030,331.24,1,283,2011-02-03 11:28:00,2011-02-03 11:28:00,331.24,1,Low
15210,331.18,1,228,2011-04-28 16:11:00,2011-04-28 16:11:00,331.18,1,Low
16478,331.0,3,224,2011-10-05 12:02:00,2011-11-14 15:51:00,110.33333333333333,41,Low
12891,331.0,3,950,2011-02-20 11:28:00,2011-06-07 12:31:00,110.33333333333333,108,Low
17862,330.9,1,100,2011-01-20 12:23:00,2011-01-20 12:23:00,330.9,1,Low
12519,330.84,1,175,2011-10-07 09:26:00,2011-10-07 09:26:00,330.84,1,Low
13706,330.79,1,189,2011-02-10 09:21:00,2011-02-10 09:21:00,330.79,1,Low
14517,330.45,2,91,2011-07-21 11:42:00,2011-11-06 14:20:00,165.225,109,Low
15130,330.11,1,197,2011-06-23 10:15:00,2011-06-23 10:15:00,330.11,1,Low
15714,330.03000000000003,2,186,2011-09-23 11:25:00,2011-11-28 11:26:00,165.01500000000001,67,Low
16593,330.03,3,116,2011-01-16 12:11:00,2011-10-20 12:41:00,110.00999999999999,278,Low
12953,329.85,1,84,2011-11-30 09:24:00,2011-11-30 09:24:00,329.85,1,Low
17866,329.65,1,174,2011-07-20 11:07:00,2011-07-20 11:07:00,329.65,1,Low
17615,329.6,3,140,2011-05-01 15:33:00,2011-08-01 14:06:00,109.86666666666667,92,Low
13239,329.56,1,327,2011-03-23 10:25:00,2011-03-23 10:25:00,329.56,1,Low
17914,329.36,1,457,2011-12-06 11:58:00,2011-12-06 11:58:00,329.36,1,Low
17154,329.34,1,490,2011-09-25 13:42:00,2011-09-25 13:42:00,329.34,1,Low
15153,329.25,1,198,2011-11-08 17:09:00,2011-11-08 17:09:00,329.25,1,Low
15880,329.03000000000003,1,202,2010-12-05 13:00:00,2010-12-05 13:00:00,329.03000000000003,1,Low
14012,328.8,1,160,2011-03-07 12:26:00,2011-03-07 12:26:00,328.8,1,Low
17222,328.65,1,122,2011-10-05 13:58:00,2011-10-05 13:58:00,328.65,1,Low
16343,328.58,2,175,2011-11-23 17:43:00,2011-11-23 17:45:00,164.29,1,Low
16855,328.4,2,164,2011-10-27 16:31:00,2011-11-16 12:03:00,164.2,20,Low
15213,328.35,2,272,2011-01-14 11:05:00,2011-01-25 12:21:00,164.175,12,Low
14747,328.2,1,84,2011-04-04 14:09:00,2011-04-04 14:09:00,328.2,1,Low
14206,328.15999999999997,1,276,2011-04-14 16:38:00,2011-04-14 16:38:00,328.15999999999997,1,Low
16318,328.15,1,199,2011-11-04 13:05:00,2011-11-04 13:05:00,328.15,1,Low
15314,327.97,1,313,2011-05-24 14:39:00,2011-05-24 14:39:00,327.97,1,Low
14024,327.7,2,150,2011-08-07 13:31:00,2011-08-10 11:30:00,163.85,3,Low
15579,327.6,2,117,2011-01-30 12:09:00,2011-10-02 12:45:00,163.8,246,Low
16366,327.3,1,256,2011-11-21 08:19:00,2011-11-21 08:19:00,327.3,1,Low
14870,327.25,1,119,2011-03-23 10:51:00,2011-03-23 10:51:00,327.25,1,Low
16322,326.75,2,231,2011-11-03 14:33:00,2011-12-08 15:41:00,163.375,36,Low
14987,326.4,2,128,2010-12-09 12:13:00,2011-11-24 09:59:00,163.2,350,Low
17715,326.4,1,384,2011-05-23 12:32:00,2011-05-23 12:32:00,326.4,1,Low
16071,326.24,1,180,2011-10-26 11:14:00,2011-10-26 11:14:00,326.24,1,Low
15363,326.0,1,144,2010-12-02 12:28:00,2010-12-02 12:28:00,326.0,1,Low
12844,325.96000000000004,2,125,2011-08-01 13:11:00,2011-11-10 13:31:00,162.98000000000002,102,Low
16830,325.91,1,264,2011-11-01 11:35:00,2011-11-01 11:35:00,325.91,1,Low
14850,325.75,1,293,2011-02-01 11:21:00,2011-02-01 11:21:00,325.75,1,Low
15944,325.1,1,50,2011-03-08 10:33:00,2011-03-08 10:33:00,325.1,1,Low
12790,324.92,1,166,2011-05-31 14:14:00,2011-05-31 14:14:00,324.92,1,Low
13801,324.8,1,168,2011-10-04 10:15:00,2011-10-04 10:15:00,324.8,1,Low
15597,324.57,1,279,2011-11-04 13:26:00,2011-11-04 13:26:00,324.57,1,Low
16685,324.24,2,396,2011-10-09 13:44:00,2011-10-09 13:58:00,162.12,1,Low
18261,324.24,2,146,2011-09-05 09:34:00,2011-10-27 15:36:00,162.12,53,Low
15675,323.69,3,527,2011-03-04 14:21:00,2011-09-19 13:48:00,107.89666666666666,199,Low
15921,323.03000000000003,1,162,2011-06-20 11:03:00,2011-06-20 11:03:00,323.03000000000003,1,Low
16739,323.0,1,172,2011-06-16 09:17:00,2011-06-16 09:17:00,323.0,1,Low
13955,322.96,2,154,2011-02-07 12:24:00,2011-07-08 17:19:00,161.48,152,Low
16627,322.8,1,162,2011-09-21 14:38:00,2011-09-21 14:38:00,322.8,1,Low
16342,322.41,4,157,2011-06-13 10:10:00,2011-09-25 14:36:00,80.6025,105,Low
14424,322.08,1,48,2011-11-22 11:48:00,2011-11-22 11:48:00,322.08,1,Low
15224,322.08,2,152,2010-12-12 12:34:00,2010-12-16 15:02:00,161.04,5,Low
14484,321.92,1,210,2011-10-20 14:11:00,2011-10-20 14:11:00,321.92,1,Low
17976,321.79,1,93,2010-12-02 13:49:00,2010-12-02 13:49:00,321.79,1,Low
14823,321.43,3,88,2011-05-29 12:48:00,2011-06-12 13:12:00,107.14333333333333,15,Low
15236,321.05,1,269,2011-02-14 10:52:00,2011-02-14 10:52:00,321.05,1,Low
16096,320.62,1,155,2011-03-20 13:38:00,2011-03-20 13:38:00,320.62,1,Low
14622,320.58000000000004,1,146,2011-06-08 12:42:00,2011-06-08 12:42:00,320.58000000000004,1,Low
13986,320.46,1,430,2011-11-22 15:00:00,2011-11-22 15:00:00,320.46,1,Low
15107,319.5,6,169,2010-12-02 13:45:00,2011-02-01 14:46:00,53.25,62,Low
16967,319.02,1,333,2011-06-03 14:24:00,2011-06-03 14:24:00,319.02,1,Low
17157,319.0,2,172,2011-06-16 15:08:00,2011-12-02 09:10:00,159.5,169,Low
17229,318.76,2,185,2011-07-20 12:38:00,2011-09-04 13:56:00,159.38,47,Low
17248,318.65,1,213,2011-08-11 13:34:00,2011-08-11 13:34:00,318.65,1,Low
14703,318.17,1,183,2011-11-25 09:23:00,2011-11-25 09:23:00,318.17,1,Low
17839,318.15,1,257,2011-10-28 17:27:00,2011-10-28 17:27:00,318.15,1,Low
12648,318.05,1,160,2011-07-08 11:55:00,2011-07-08 11:55:00,318.05,1,Low
18066,318.0,1,108,2011-09-25 15:30:00,2011-09-25 15:30:00,318.0,1,Low
17172,317.76,1,480,2011-09-22 09:36:00,2011-09-22 09:36:00,317.76,1,Low
15101,317.53,2,241,2010-12-15 12:54:00,2011-12-01 10:18:00,158.765,351,Low
17267,317.2,2,158,2011-08-04 17:19:00,2011-08-04 17:22:00,158.6,1,Low
15257,317.15,1,46,2011-03-01 12:58:00,2011-03-01 12:58:00,317.15,1,Low
15385,316.88,1,161,2011-10-30 15:11:00,2011-10-30 15:11:00,316.88,1,Low
15243,316.68,1,185,2011-09-26 14:12:00,2011-09-26 14:12:00,316.68,1,Low
16761,316.62,1,341,2011-09-04 11:15:00,2011-09-04 11:15:00,316.62,1,Low
15204,316.58,1,258,2010-12-17 13:49:00,2010-12-17 13:49:00,316.58,1,Low
17458,316.5,1,170,2011-11-24 13:01:00,2011-11-24 13:01:00,316.5,1,Low
13494,316.26000000000005,1,162,2011-02-01 11:58:00,2011-02-01 11:58:00,316.26000000000005,1,Low
15872,316.25,2,187,2011-11-25 11:54:00,2011-11-25 11:55:00,158.125,1,Low
14479,316.25,2,117,2010-12-09 12:59:00,2011-03-31 09:07:00,158.125,112,Low
16473,316.11,3,196,2011-01-07 10:55:00,2011-06-28 09:10:00,105.37,172,Low
18117,315.65,1,605,2011-11-14 12:47:00,2011-11-14 12:47:00,315.65,1,Low
12614,315.6,1,76,2011-03-07 10:22:00,2011-03-07 10:22:00,315.6,1,Low
15766,315.06,1,170,2011-10-06 17:03:00,2011-10-06 17:03:00,315.06,1,Low
16091,315.06,2,154,2011-05-25 09:18:00,2011-07-08 08:45:00,157.53,44,Low
17237,314.69,2,105,2011-11-17 12:55:00,2011-11-28 15:02:00,157.345,12,Low
16193,314.45,1,219,2011-04-17 11:45:00,2011-04-17 11:45:00,314.45,1,Low
12650,314.44,1,254,2011-12-06 16:34:00,2011-12-06 16:34:00,314.44,1,Low
16227,314.22,1,90,2011-04-28 13:33:00,2011-04-28 13:33:00,314.22,1,Low
15970,314.1,1,116,2011-02-09 12:08:00,2011-02-09 12:08:00,314.1,1,Low
13484,313.8,1,44,2011-04-12 16:30:00,2011-04-12 16:30:00,313.8,1,Low
16582,313.62,1,164,2011-08-18 17:02:00,2011-08-18 17:02:00,313.62,1,Low
14729,313.49,1,197,2010-12-01 12:43:00,2010-12-01 12:43:00,313.49,1,Low
13845,312.98,1,182,2011-10-06 08:25:00,2011-10-06 08:25:00,312.98,1,Low
15318,312.62,1,642,2011-12-06 11:30:00,2011-12-06 11:30:00,312.62,1,Low
14555,312.54,2,122,2011-02-10 17:19:00,2011-10-13 16:24:00,156.27,245,Low
12834,312.38,1,110,2011-03-02 09:49:00,2011-03-02 09:49:00,312.38,1,Low
13642,312.28,1,151,2011-05-08 12:34:00,2011-05-08 12:34:00,312.28,1,Low
17362,312.23,2,191,2011-02-03 10:26:00,2011-04-14 14:43:00,156.115,71,Low
12785,311.95,1,131,2010-12-10 13:48:00,2010-12-10 13:48:00,311.95,1,Low
16450,311.92,1,200,2011-07-13 11:47:00,2011-07-13 11:47:00,311.92,1,Low
14142,311.81,1,313,2010-12-01 16:33:00,2010-12-01 16:33:00,311.81,1,Low
15326,311.71,1,386,2011-01-10 11:38:00,2011-01-10 11:38:00,311.71,1,Low
14951,311.69,1,311,2011-09-21 15:15:00,2011-09-21 15:15:00,311.69,1,Low
14327,311.65,1,139,2011-06-29 13:58:00,2011-06-29 13:58:00,311.65,1,Low
12852,311.55,1,149,2011-02-18 08:47:00,2011-02-18 08:47:00,311.55,1,Low
13990,311.3,1,190,2011-05-10 15:19:00,2011-05-10 15:19:00,311.3,1,Low
17854,311.26,2,84,2011-04-26 16:53:00,2011-06-07 16:21:00,155.63,42,Low
16781,311.25,1,113,2010-12-02 14:26:00,2010-12-02 14:26:00,311.25,1,Low
13897,311.16,1,200,2011-10-20 14:30:00,2011-10-20 14:30:00,311.16,1,Low
15185,310.62,1,666,2011-09-30 14:06:00,2011-09-30 14:06:00,310.62,1,Low
15308,310.47,1,175,2011-03-10 13:08:00,2011-03-10 13:08:00,310.47,1,Low
14311,310.26,1,146,2011-04-11 10:14:00,2011-04-11 10:14:00,310.26,1,Low
17912,310.06,5,184,2010-12-10 11:11:00,2011-02-02 14:25:00,62.012,55,Low
14924,310.05,1,64,2011-04-08 09:25:00,2011-04-08 09:25:00,310.05,1,Low
15661,309.8,2,236,2011-01-05 12:32:00,2011-01-26 13:56:00,154.9,22,Low
15699,309.65,1,113,2011-11-22 08:26:00,2011-11-22 08:26:00,309.65,1,Low
16810,309.54,1,114,2011-05-31 15:32:00,2011-05-31 15:32:00,309.54,1,Low
14339,309.52,1,168,2011-04-11 11:06:00,2011-04-11 11:06:00,309.52,1,Low
14847,309.4,1,120,2011-07-14 10:52:00,2011-07-14 10:52:00,309.4,1,Low
17604,309.36,2,169,2011-01-31 15:09:00,2011-05-06 13:43:00,154.68,95,Low
12884,309.05,1,43,2011-09-12 13:10:00,2011-09-12 13:10:00,309.05,1,Low
13787,309.04,2,337,2010-12-10 14:45:00,2011-09-25 12:06:00,154.52,289,Low
15010,308.94,1,184,2011-11-04 12:42:00,2011-11-04 12:42:00,308.94,1,Low
16956,308.74,1,114,2011-11-22 08:56:00,2011-11-22 08:56:00,308.74,1,Low
13699,308.58000000000004,1,66,2011-07-07 16:51:00,2011-07-07 16:51:00,308.58000000000004,1,Low
17510,308.48,1,214,2011-11-15 10:00:00,2011-11-15 10:00:00,308.48,1,Low
13369,308.28000000000003,1,149,2010-12-09 11:30:00,2010-12-09 11:30:00,308.28000000000003,1,Low
13466,307.9,1,259,2011-06-08 16:39:00,2011-06-08 16:39:00,307.9,1,Low
15973,307.82000000000005,1,106,2010-12-08 11:42:00,2010-12-08 11:42:00,307.82000000000005,1,Low
16123,307.78,1,170,2011-10-19 09:18:00,2011-10-19 09:18:00,307.78,1,Low
13529,307.76,2,74,2011-05-19 11:50:00,2011-09-22 09:15:00,153.88,126,Low
13395,307.72,1,336,2011-06-07 15:04:00,2011-06-07 15:04:00,307.72,1,Low
13060,307.53,1,123,2011-03-31 11:37:00,2011-03-31 11:37:00,307.53,1,Low
14716,307.51,2,495,2011-07-14 12:42:00,2011-10-27 17:29:00,153.755,106,Low
14915,307.48,2,112,2011-03-07 09:39:00,2011-09-09 13:34:00,153.74,187,Low
17120,307.46,1,120,2011-04-20 15:21:00,2011-04-20 15:21:00,307.46,1,Low
13932,307.4,1,72,2011-02-18 12:02:00,2011-02-18 12:02:00,307.4,1,Low
13142,307.09,1,258,2011-11-20 16:07:00,2011-11-20 16:07:00,307.09,1,Low
17334,307.02,2,315,2011-02-04 09:03:00,2011-02-10 14:59:00,153.51,7,Low
15087,306.94,1,470,2011-03-03 10:34:00,2011-03-03 10:34:00,306.94,1,Low
13762,306.72,1,272,2011-05-05 09:15:00,2011-05-05 09:15:00,306.72,1,Low
16668,306.71999999999997,6,318,2011-02-28 12:46:00,2011-11-24 17:43:00,51.12,270,Low
13718,306.55,2,173,2011-02-17 11:58:00,2011-04-07 13:24:00,153.275,50,Low
18059,306.46,3,258,2011-10-03 09:30:00,2011-11-16 16:49:00,102.15333333333332,45,Low
15659,306.45,1,111,2011-10-27 09:23:00,2011-10-27 09:23:00,306.45,1,Low
17176,306.13,1,170,2011-05-22 12:41:00,2011-05-22 12:41:00,306.13,1,Low
13863,305.78,1,224,2011-04-06 10:20:00,2011-04-06 10:20:00,305.78,1,Low
15219,305.75,1,45,2011-06-16 16:57:00,2011-06-16 16:57:00,305.75,1,Low
16796,305.62,1,186,2011-09-11 14:01:00,2011-09-11 14:01:00,305.62,1,Low
16181,305.54,1,152,2011-09-27 13:38:00,2011-09-27 13:38:00,305.54,1,Low
18220,305.28000000000003,1,288,2011-04-27 09:03:00,2011-04-27 09:03:00,305.28000000000003,1,Low
13045,305.28000000000003,1,221,2011-09-01 15:04:00,2011-09-01 15:04:00,305.28000000000003,1,Low
12623,305.1,1,191,2011-03-08 13:50:00,2011-03-08 13:50:00,305.1,1,Low
17941,304.56,1,252,2011-08-01 08:30:00,2011-08-01 08:30:00,304.56,1,Low
15163,304.47,2,186,2011-05-31 15:22:00,2011-11-21 13:10:00,152.235,174,Low
18185,304.25,1,183,2011-04-04 13:42:00,2011-04-04 13:42:00,304.25,1,Low
16217,304.25,2,91,2011-03-02 15:28:00,2011-04-18 13:31:00,152.125,47,Low
17070,304.24,1,131,2011-08-17 17:01:00,2011-08-17 17:01:00,304.24,1,Low
16674,304.24,2,181,2011-09-02 13:59:00,2011-10-16 11:31:00,152.12,44,Low
17732,303.97,1,93,2010-12-02 09:29:00,2010-12-02 09:29:00,303.97,1,Low
16400,303.93,1,172,2011-09-06 12:27:00,2011-09-06 12:27:00,303.93,1,Low
13083,303.75,2,187,2011-09-25 10:46:00,2011-12-05 15:01:00,151.875,72,Low
17433,303.15999999999997,1,185,2011-09-12 14:24:00,2011-09-12 14:24:00,303.15999999999997,1,Low
16425,302.7,1,199,2011-02-10 14:30:00,2011-02-10 14:30:00,302.7,1,Low
14248,302.58,1,102,2011-01-25 14:45:00,2011-01-25 14:45:00,302.58,1,Low
16386,302.57,2,205,2011-03-31 12:19:00,2011-11-11 12:28:00,151.285,226,Low
18165,302.46000000000004,1,254,2011-06-15 13:23:00,2011-06-15 13:23:00,302.46000000000004,1,Low
16292,302.25,1,191,2011-08-10 12:24:00,2011-08-10 12:24:00,302.25,1,Low
17506,302.2,1,139,2011-09-25 11:39:00,2011-09-25 11:39:00,302.2,1,Low
15054,302.1,2,198,2011-10-30 14:33:00,2011-11-27 15:02:00,151.05,29,Low
17094,302.0,1,152,2011-01-21 13:09:00,2011-01-21 13:09:00,302.0,1,Low
16297,301.9,1,206,2011-03-16 08:29:00,2011-03-16 08:29:00,301.9,1,Low
16715,301.71999999999997,1,642,2011-09-22 18:15:00,2011-09-22 18:15:00,301.71999999999997,1,Low
15667,301.32,1,240,2011-10-31 10:56:00,2011-10-31 10:56:00,301.32,1,Low
15148,301.29,1,187,2011-11-29 08:21:00,2011-11-29 08:21:00,301.29,1,Low
15623,301.03,1,125,2011-07-21 17:26:00,2011-07-21 17:26:00,301.03,1,Low
13479,300.95,2,134,2011-04-19 11:27:00,2011-05-23 10:45:00,150.475,34,Low
17978,300.91999999999996,1,499,2010-12-09 14:05:00,2010-12-09 14:05:00,300.91999999999996,1,Low
16430,300.85,1,103,2011-10-13 14:47:00,2011-10-13 14:47:00,300.85,1,Low
16479,300.83,2,102,2011-11-29 13:04:00,2011-11-29 13:40:00,150.415,1,Low
14762,300.52,1,341,2011-03-21 08:20:00,2011-03-21 08:20:00,300.52,1,Low
13304,300.42,1,238,2010-12-23 14:35:00,2010-12-23 14:35:00,300.42,1,Low
15254,300.36,1,275,2011-08-04 15:04:00,2011-08-04 15:04:00,300.36,1,Low
17793,300.34,1,226,2011-11-14 14:24:00,2011-11-14 14:24:00,300.34,1,Low
13745,300.04,1,496,2011-06-30 16:43:00,2011-06-30 16:43:00,300.04,1,Low
18053,300.02,1,302,2011-09-30 09:05:00,2011-09-30 09:05:00,300.02,1,Low
18215,299.34000000000003,1,118,2011-09-11 16:05:00,2011-09-11 16:05:00,299.34000000000003,1,Low
13667,299.05,1,149,2011-07-13 15:42:00,2011-07-13 15:42:00,299.05,1,Low
15609,298.48,1,148,2011-06-08 13:00:00,2011-06-08 13:00:00,298.48,1,Low
17824,298.4,1,408,2011-10-19 14:14:00,2011-10-19 14:14:00,298.4,1,Low
16104,298.21,1,122,2011-10-09 10:23:00,2011-10-09 10:23:00,298.21,1,Low
17678,298.11,1,207,2011-03-21 11:52:00,2011-03-21 11:52:00,298.11,1,Low
12881,298.0,1,21,2011-03-09 11:44:00,2011-03-09 11:44:00,298.0,1,Low
15857,297.0,1,308,2011-11-21 12:18:00,2011-11-21 12:18:00,297.0,1,Low
17531,296.7,1,136,2011-06-02 19:17:00,2011-06-02 19:17:00,296.7,1,Low
13441,296.64,1,204,2011-09-09 09:38:00,2011-09-09 09:38:00,296.64,1,Low
17266,296.58,3,153,2011-07-15 11:57:00,2011-12-07 14:12:00,98.86,146,Low
13751,296.25,1,152,2011-02-24 15:56:00,2011-02-24 15:56:00,296.25,1,Low
13504,295.93,1,178,2011-10-06 13:20:00,2011-10-06 13:20:00,295.93,1,Low
16998,295.0,4,76,2011-02-08 15:42:00,2011-07-13 09:44:00,73.75,155,Low
14954,294.85,1,117,2011-11-27 14:30:00,2011-11-27 14:30:00,294.85,1,Low
15060,294.25,4,257,2011-11-30 14:03:00,2011-12-01 13:47:00,73.5625,1,Low
17124,294.24,1,129,2011-06-07 14:02:00,2011-06-07 14:02:00,294.24,1,Low
15732,294.12,2,215,2010-12-02 15:00:00,2011-05-11 14:24:00,147.06,160,Low
16402,293.45,2,146,2010-12-05 13:42:00,2011-03-20 12:25:00,146.725,105,Low
17163,293.1,2,66,2011-09-22 15:54:00,2011-11-18 08:57:00,146.55,57,Low
12829,293.0,2,376,2010-12-14 14:54:00,2011-01-07 11:13:00,146.5,24,Low
16721,292.47,1,172,2011-03-22 16:08:00,2011-03-22 16:08:00,292.47,1,Low
14985,292.01,2,256,2010-12-16 19:51:00,2011-05-25 14:29:00,146.005,160,Low
13502,292.0,3,264,2011-01-20 09:03:00,2011-11-23 10:39:00,97.33333333333333,308,Low
13449,291.88,1,222,2011-11-16 08:28:00,2011-11-16 08:28:00,291.88,1,Low
17255,291.48,2,227,2011-02-13 15:18:00,2011-10-30 12:18:00,145.74,259,Low
14656,291.05,2,120,2011-03-01 13:19:00,2011-06-23 13:51:00,145.525,115,Low
14947,290.82,2,179,2011-08-01 09:31:00,2011-09-28 15:48:00,145.41,59,Low
16648,290.65999999999997,1,281,2011-10-28 08:58:00,2011-10-28 08:58:00,290.65999999999997,1,Low
15279,290.51,1,189,2010-12-20 10:48:00,2010-12-20 10:48:00,290.51,1,Low
17691,290.40000000000003,2,134,2010-12-06 11:10:00,2010-12-16 17:20:00,145.20000000000002,11,Low
16526,290.36,1,106,2011-06-21 12:02:00,2011-06-21 12:02:00,290.36,1,Low
17551,290.34,1,142,2010-12-15 14:12:00,2010-12-15 14:12:00,290.34,1,Low
13573,290.25,2,302,2011-03-31 14:47:00,2011-10-20 14:33:00,145.125,203,Low
14784,289.99,2,237,2011-01-20 09:25:00,2011-11-13 13:30:00,144.995,298,Low
17464,289.96000000000004,1,220,2011-07-04 13:19:00,2011-07-04 13:19:00,289.96000000000004,1,Low
16897,289.78,2,73,2011-01-30 11:52:00,2011-02-13 15:02:00,144.89,15,Low
17201,289.78,1,231,2011-10-17 11:55:00,2011-10-17 11:55:00,289.78,1,Low
14162,289.36,2,142,2011-02-20 12:32:00,2011-06-19 11:36:00,144.68,119,Low
16125,289.35,1,124,2010-12-07 15:48:00,2010-12-07 15:48:00,289.35,1,Low
14549,289.24,1,136,2011-02-01 13:47:00,2011-02-01 13:47:00,289.24,1,Low
15545,288.96999999999997,2,162,2010-12-03 17:28:00,2011-10-16 13:24:00,144.48499999999999,317,Low
17081,288.91,2,77,2011-10-24 13:08:00,2011-11-14 12:56:00,144.455,21,Low
17501,288.6,2,160,2011-05-03 09:46:00,2011-05-03 09:47:00,144.3,1,Low
16808,288.42,2,196,2011-03-10 19:05:00,2011-09-01 19:34:00,144.21,176,Low
15396,288.18,1,122,2011-08-19 10:56:00,2011-08-19 10:56:00,288.18,1,Low
17977,288.14,1,342,2011-11-10 13:28:00,2011-11-10 13:28:00,288.14,1,Low
17080,287.62,2,166,2011-03-15 12:05:00,2011-11-17 12:59:00,143.81,248,Low
17760,287.59,2,239,2010-12-01 15:08:00,2011-11-18 10:56:00,143.795,352,Low
16432,287.4,1,276,2011-10-06 13:59:00,2011-10-06 13:59:00,287.4,1,Low
13760,286.79,2,197,2011-03-28 12:52:00,2011-10-16 16:13:00,143.395,203,Low
16555,285.89,2,175,2011-08-22 12:32:00,2011-11-04 14:31:00,142.945,75,Low
14660,285.74,2,228,2011-08-31 10:40:00,2011-09-14 11:34:00,142.87,15,Low
14953,285.67,1,224,2011-11-14 14:59:00,2011-11-14 14:59:00,285.67,1,Low
17636,285.56,1,182,2011-11-20 14:40:00,2011-11-20 14:40:00,285.56,1,Low
13708,285.33,1,301,2011-03-13 13:46:00,2011-03-13 13:46:00,285.33,1,Low
16429,284.55,1,9,2011-08-25 13:54:00,2011-08-25 13:54:00,284.55,1,Low
18190,284.46000000000004,2,140,2011-01-13 10:35:00,2011-05-31 14:48:00,142.23000000000002,139,Low
13121,283.73,1,252,2011-03-15 16:47:00,2011-03-15 16:47:00,283.73,1,Low
13439,283.71,1,242,2011-03-29 14:20:00,2011-03-29 14:20:00,283.71,1,Low
12703,283.55,1,164,2011-09-29 17:52:00,2011-09-29 17:52:00,283.55,1,Low
17783,283.47,2,354,2011-04-06 10:07:00,2011-09-28 16:07:00,141.735,176,Low
13259,283.18,1,126,2011-10-09 10:48:00,2011-10-09 10:48:00,283.18,1,Low
18270,283.15,2,101,2011-03-18 12:41:00,2011-11-01 13:57:00,141.575,229,Low
17694,283.12,1,184,2011-07-21 12:00:00,2011-07-21 12:00:00,283.12,1,Low
14350,282.93,1,183,2011-03-10 14:14:00,2011-03-10 14:14:00,282.93,1,Low
13754,282.59999999999997,2,214,2011-01-26 14:58:00,2011-07-11 11:51:00,141.29999999999998,166,Low
13177,282.45,1,91,2011-10-06 09:56:00,2011-10-06 09:56:00,282.45,1,Low
16557,281.85,2,111,2011-07-25 13:28:00,2011-11-15 14:04:00,140.925,114,Low
16848,281.42,1,182,2011-10-18 08:42:00,2011-10-18 08:42:00,281.42,1,Low
14242,280.55,2,123,2011-01-18 08:53:00,2011-04-19 11:46:00,140.275,92,Low
16149,280.52,2,308,2011-07-20 14:54:00,2011-12-05 11:29:00,140.26,138,Low
17247,280.09000000000003,1,105,2011-11-24 15:21:00,2011-11-24 15:21:00,280.09000000000003,1,Low
14975,279.94,1,380,2011-10-13 14:08:00,2011-10-13 14:08:00,279.94,1,Low
15556,279.77,1,236,2011-11-15 16:08:00,2011-11-15 16:08:00,279.77,1,Low
14480,279.05,1,143,2011-11-28 16:35:00,2011-11-28 16:35:00,279.05,1,Low
14764,278.3,1,190,2011-10-24 11:54:00,2011-10-24 11:54:00,278.3,1,Low
14908,277.8,1,132,2011-09-26 12:56:00,2011-09-26 12:56:00,277.8,1,Low
13803,277.07,1,121,2011-03-29 12:57:00,2011-03-29 12:57:00,277.07,1,Low
15355,277.05,2,45,2011-10-17 15:22:00,2011-11-10 13:44:00,138.525,24,Low
13606,276.75,3,276,2011-02-01 11:42:00,2011-11-10 17:46:00,92.25,283,Low
13272,276.56,2,96,2011-09-11 12:06:00,2011-11-08 14:00:00,138.28,59,Low
13544,276.06,2,112,2011-04-13 12:09:00,2011-10-31 11:57:00,138.03,201,Low
12750,275.88,1,137,2011-08-03 09:13:00,2011-08-03 09:13:00,275.88,1,Low
14512,275.28,2,122,2011-04-21 19:05:00,2011-06-05 12:39:00,137.64,45,Low
16313,274.15000000000003,2,165,2011-10-21 09:04:00,2011-12-06 13:02:00,137.07500000000002,47,Low
16883,272.48,2,103,2010-12-03 10:33:00,2011-06-05 12:51:00,136.24,185,Low
17498,272.22,1,394,2011-09-25 12:25:00,2011-09-25 12:25:00,272.22,1,Low
14819,272.07,2,109,2011-05-31 13:50:00,2011-10-06 13:41:00,136.035,128,Low
13917,272.04,2,228,2011-06-01 12:46:00,2011-10-21 09:56:00,136.02,142,Low
14816,271.85,1,5,2011-05-26 13:16:00,2011-05-26 13:16:00,271.85,1,Low
13058,271.40000000000003,3,52,2011-07-11 12:01:00,2011-11-15 12:43:00,90.46666666666668,128,Low
17767,271.2,1,128,2011-11-24 14:42:00,2011-11-24 14:42:00,271.2,1,Low
17254,271.19,2,251,2011-11-24 14:09:00,2011-12-05 12:46:00,135.595,11,Low
17496,271.05,1,79,2010-12-16 08:39:00,2010-12-16 08:39:00,271.05,1,Low
18108,271.0,1,84,2011-03-30 13:56:00,2011-03-30 13:56:00,271.0,1,Low
17011,270.9,1,186,2011-11-09 13:30:00,2011-11-09 13:30:00,270.9,1,Low
15774,270.8,1,87,2011-10-02 12:04:00,2011-10-02 12:04:00,270.8,1,Low
14520,270.6,2,146,2011-02-22 09:15:00,2011-12-08 09:46:00,135.3,290,Low
13242,270.40000000000003,3,130,2011-05-10 12:26:00,2011-08-19 12:53:00,90.13333333333334,102,Low
12558,269.96,1,196,2011-12-02 10:41:00,2011-12-02 10:41:00,269.96,1,Low
17251,269.83,1,108,2010-12-12 11:06:00,2010-12-12 11:06:00,269.83,1,Low
13533,269.09,3,202,2011-03-17 12:47:00,2011-06-10 11:54:00,89.69666666666666,85,Low
14727,268.58,1,62,2011-03-10 14:45:00,2011-03-10 14:45:00,268.58,1,Low
14508,268.05,2,129,2011-09-11 11:29:00,2011-11-17 19:48:00,134.025,68,Low
15408,267.18,1,106,2011-03-20 15:02:00,2011-03-20 15:02:00,267.18,1,Low
17550,267.16,3,86,2011-04-10 15:19:00,2011-05-26 14:09:00,89.05333333333334,46,Low
15320,267.13,1,326,2011-10-26 13:27:00,2011-10-26 13:27:00,267.13,1,Low
15517,267.03,1,293,2011-04-20 14:02:00,2011-04-20 14:02:00,267.03,1,Low
16451,266.97,1,120,2011-09-13 09:17:00,2011-09-13 09:17:00,266.97,1,Low
17786,266.85,2,195,2011-01-26 14:35:00,2011-09-15 12:51:00,133.425,232,Low
14863,266.76,1,132,2011-11-10 15:04:00,2011-11-10 15:04:00,266.76,1,Low
13837,266.59000000000003,2,182,2011-01-26 12:15:00,2011-05-12 12:10:00,133.29500000000002,106,Low
15119,266.4,1,88,2011-04-08 09:08:00,2011-04-08 09:08:00,266.4,1,Low
12962,266.39,2,129,2011-08-18 13:38:00,2011-12-02 15:55:00,133.195,107,Low
14068,265.85,1,73,2011-01-23 16:02:00,2011-01-23 16:02:00,265.85,1,Low
17430,265.76,2,190,2010-12-09 13:05:00,2011-11-07 09:24:00,132.88,333,Low
14423,265.2,1,120,2011-05-05 15:12:00,2011-05-05 15:12:00,265.2,1,Low
17968,265.1,1,151,2010-12-01 12:23:00,2010-12-01 12:23:00,265.1,1,Low
13973,264.7,1,109,2011-02-25 15:21:00,2011-02-25 15:21:00,264.7,1,Low
15912,264.62,2,185,2011-04-20 17:10:00,2011-06-14 14:29:00,132.31,55,Low
17403,263.92,1,111,2011-11-03 15:18:00,2011-11-03 15:18:00,263.92,1,Low
17708,263.33,2,90,2011-01-19 10:09:00,2011-06-05 10:12:00,131.665,138,Low
12492,263.21000000000004,2,192,2011-08-26 14:51:00,2011-10-07 15:15:00,131.60500000000002,43,Low
17194,262.62,2,119,2010-12-14 12:06:00,2011-03-11 12:05:00,131.31,87,Low
16413,262.2,1,148,2011-10-14 12:08:00,2011-10-14 12:08:00,262.2,1,Low
16936,261.9,1,171,2011-11-14 11:04:00,2011-11-14 11:04:00,261.9,1,Low
13189,260.68,2,842,2011-08-16 13:12:00,2011-11-21 10:39:00,130.34,97,Low
14053,260.25,2,215,2011-07-03 12:21:00,2011-08-07 14:27:00,130.125,36,Low
15143,259.45,1,150,2011-04-28 12:03:00,2011-04-28 12:03:00,259.45,1,Low
13127,259.17,1,127,2011-09-23 10:26:00,2011-09-23 10:26:00,259.17,1,Low
14452,259.05,2,116,2011-09-07 11:32:00,2011-11-29 12:06:00,129.525,84,Low
15577,258.88,3,89,2011-02-07 13:32:00,2011-07-11 17:03:00,86.29333333333334,155,Low
13277,258.4,4,176,2011-07-29 10:06:00,2011-11-24 09:21:00,64.6,118,Low
15894,258.25,2,164,2010-12-05 14:06:00,2011-03-31 13:50:00,129.125,116,Low
13227,257.7,1,99,2011-05-22 11:47:00,2011-05-22 11:47:00,257.7,1,Low
15014,257.67,2,149,2011-06-16 19:40:00,2011-10-27 20:07:00,128.835,134,Low
13626,257.23,1,209,2011-04-01 10:05:00,2011-04-01 10:05:00,257.23,1,Low
16048,256.44,2,144,2010-12-01 15:27:00,2010-12-01 15:28:00,128.22,1,Low
12430,256.4,1,117,2011-10-27 15:09:00,2011-10-27 15:09:00,256.4,1,Low
13806,256.38,1,56,2011-10-07 11:43:00,2011-10-07 11:43:00,256.38,1,Low
16727,256.32,1,167,2010-12-10 13:48:00,2010-12-10 13:48:00,256.32,1,Low
17896,256.32,1,288,2011-11-16 13:59:00,2011-11-16 13:59:00,256.32,1,Low
17385,256.11,1,197,2011-11-25 11:02:00,2011-11-25 11:02:00,256.11,1,Low
16447,255.91,1,221,2011-07-27 12:45:00,2011-07-27 12:45:00,255.91,1,Low
14761,255.9,2,118,2011-01-09 12:03:00,2011-10-12 12:10:00,127.95,277,Low
15277,255.89999999999998,1,205,2011-10-24 10:08:00,2011-10-24 10:08:00,255.89999999999998,1,Low
14881,255.4,1,316,2011-11-20 11:06:00,2011-11-20 11:06:00,255.4,1,Low
16226,255.12,3,192,2011-04-18 12:58:00,2011-05-20 14:41:00,85.04,33,Low
15261,254.82,1,270,2011-07-27 15:20:00,2011-07-27 15:20:00,254.82,1,Low
15154,254.28,1,89,2011-09-25 16:05:00,2011-09-25 16:05:00,254.28,1,Low
12604,254.18,2,201,2011-03-23 12:06:00,2011-09-21 14:08:00,127.09,183,Low
14765,254.11,3,135,2011-06-16 19:49:00,2011-11-10 19:53:00,84.70333333333333,148,Low
15689,254.1,2,84,2010-12-13 09:57:00,2011-08-12 09:37:00,127.05,242,Low
12797,254.03,1,118,2010-12-09 10:55:00,2010-12-09 10:55:00,254.03,1,Low
15759,253.04,3,60,2010-12-16 15:29:00,2011-05-05 15:13:00,84.34666666666666,140,Low
15019,252.81,1,150,2011-03-18 12:35:00,2011-03-18 12:35:00,252.81,1,Low
15035,252.73000000000002,1,245,2011-09-11 11:08:00,2011-09-11 11:08:00,252.73000000000002,1,Low
13404,252.49,2,111,2011-05-11 11:57:00,2011-12-08 15:37:00,126.245,212,Low
15346,252.42000000000002,1,144,2011-01-11 11:18:00,2011-01-11 11:18:00,252.42000000000002,1,Low
13645,252.1,1,158,2011-08-11 16:11:00,2011-08-11 16:11:00,252.1,1,Low
13711,252.06,2,140,2011-05-05 10:29:00,2011-05-05 10:31:00,126.03,1,Low
16330,251.91,3,147,2011-08-19 17:08:00,2011-11-22 12:24:00,83.97,95,Low
16836,251.87,2,165,2011-08-15 12:38:00,2011-10-31 10:05:00,125.935,77,Low
17155,251.70000000000002,2,242,2011-06-15 10:22:00,2011-11-22 12:38:00,125.85000000000001,161,Low
16976,251.51999999999998,1,88,2011-03-17 16:33:00,2011-03-17 16:33:00,251.51999999999998,1,Low
13512,251.21,1,143,2011-03-24 10:03:00,2011-03-24 10:03:00,251.21,1,Low
14501,251.21,2,161,2011-01-24 10:43:00,2011-06-09 12:02:00,125.605,137,Low
16024,251.03,1,397,2011-11-27 13:26:00,2011-11-27 13:26:00,251.03,1,Low
13207,250.26000000000002,2,130,2011-07-12 11:35:00,2011-11-24 14:52:00,125.13000000000001,136,Low
16596,250.15,2,97,2010-12-08 16:18:00,2011-11-24 10:02:00,125.075,351,Low
17303,250.04,1,144,2010-12-13 13:32:00,2010-12-13 13:32:00,250.04,1,Low
15510,250.0,1,2,2011-01-13 12:10:00,2011-01-13 12:10:00,250.0,1,Low
17456,249.86,1,222,2010-12-09 15:23:00,2010-12-09 15:23:00,249.86,1,Low
16124,249.0,1,48,2011-01-26 14:45:00,2011-01-26 14:45:00,249.0,1,Low
13061,248.61,1,107,2011-09-28 16:04:00,2011-09-28 16:04:00,248.61,1,Low
16510,248.1,1,92,2010-12-02 13:39:00,2010-12-02 13:39:00,248.1,1,Low
15097,248.08,1,170,2011-12-05 14:03:00,2011-12-05 14:03:00,248.08,1,Low
13592,247.95999999999998,4,84,2011-03-20 14:01:00,2011-11-04 09:49:00,61.989999999999995,229,Low
18072,247.44,1,288,2011-06-07 10:44:00,2011-06-07 10:44:00,247.44,1,Low
18009,247.39,1,125,2011-04-18 13:36:00,2011-04-18 13:36:00,247.39,1,Low
13349,247.32,1,225,2011-11-29 08:07:00,2011-11-29 08:07:00,247.32,1,Low
14658,247.15,2,47,2011-08-14 15:42:00,2011-12-04 15:35:00,123.575,112,Low
15783,246.3,1,212,2011-11-29 09:50:00,2011-11-29 09:50:00,246.3,1,Low
17278,246.04,1,179,2011-04-12 13:10:00,2011-04-12 13:10:00,246.04,1,Low
16778,245.94,2,194,2011-03-10 15:21:00,2011-09-26 13:48:00,122.97,200,Low
17771,245.81,2,287,2011-01-20 14:13:00,2011-10-14 11:43:00,122.905,267,Low
12660,245.1,1,127,2011-11-28 13:26:00,2011-11-28 13:26:00,245.1,1,Low
15118,244.8,1,1440,2011-07-28 14:54:00,2011-07-28 14:54:00,244.8,1,Low
16528,244.41,1,171,2011-12-06 12:45:00,2011-12-06 12:45:00,244.41,1,Low
17892,244.1,3,109,2011-07-07 12:56:00,2011-10-14 16:49:00,81.36666666666666,100,Low
17925,244.08,1,72,2010-12-02 10:10:00,2010-12-02 10:10:00,244.08,1,Low
13103,243.94,1,82,2011-10-31 09:38:00,2011-10-31 09:38:00,243.94,1,Low
16793,243.84,1,146,2011-10-13 15:08:00,2011-10-13 15:08:00,243.84,1,Low
18193,243.76,1,124,2011-06-27 13:58:00,2011-06-27 13:58:00,243.76,1,Low
13886,243.56,1,126,2011-09-29 13:17:00,2011-09-29 13:17:00,243.56,1,Low
15634,243.55,1,99,2011-11-22 16:28:00,2011-11-22 16:28:00,243.55,1,Low
17339,243.36,2,152,2010-12-09 14:44:00,2011-09-06 13:29:00,121.68,271,Low
16601,242.7,1,133,2011-10-30 11:09:00,2011-10-30 11:09:00,242.7,1,Low
16215,242.35,1,104,2011-09-20 10:18:00,2011-09-20 10:18:00,242.35,1,Low
15776,241.62,1,138,2011-07-29 13:46:00,2011-07-29 13:46:00,241.62,1,Low
14523,241.09,1,251,2011-08-23 13:13:00,2011-08-23 13:13:00,241.09,1,Low
16427,241.06,2,156,2011-02-28 15:18:00,2011-03-21 17:10:00,120.53,22,Low
17051,240.89000000000001,1,179,2011-05-29 14:13:00,2011-05-29 14:13:00,240.89000000000001,1,Low
15598,240.68,1,160,2011-10-17 16:04:00,2011-10-17 16:04:00,240.68,1,Low
15286,240.55,1,55,2011-10-21 11:08:00,2011-10-21 11:08:00,240.55,1,Low
13565,240.22,2,172,2011-01-09 14:28:00,2011-11-20 14:33:00,120.11,316,Low
17256,240.0,2,141,2011-01-31 14:53:00,2011-08-24 13:30:00,120.0,205,Low
17181,239.92000000000002,2,241,2010-12-01 12:38:00,2011-10-13 14:48:00,119.96000000000001,317,Low
15690,239.76,2,408,2011-08-31 11:40:00,2011-12-05 15:59:00,119.88,97,Low
13570,239.49,1,161,2011-04-10 13:36:00,2011-04-10 13:36:00,239.49,1,Low
17684,239.41,1,145,2011-10-27 11:10:00,2011-10-27 11:10:00,239.41,1,Low
16756,239.4,1,106,2011-05-09 09:33:00,2011-05-09 09:33:00,239.4,1,Low
12561,238.85,1,177,2011-02-10 11:39:00,2011-02-10 11:39:00,238.85,1,Low
12718,238.25,1,203,2011-09-29 16:38:00,2011-09-29 16:38:00,238.25,1,Low
17877,237.61,1,98,2011-06-22 13:00:00,2011-06-22 13:00:00,237.61,1,Low
14586,237.36,1,444,2011-03-08 10:04:00,2011-03-08 10:04:00,237.36,1,Low
15457,237.07,1,132,2011-03-22 15:31:00,2011-03-22 15:31:00,237.07,1,Low
12732,236.26000000000002,1,111,2011-06-13 11:33:00,2011-06-13 11:33:00,236.26000000000002,1,Low
16026,236.09,1,243,2011-10-27 13:53:00,2011-10-27 13:53:00,236.09,1,Low
14647,236.04000000000002,1,91,2011-05-22 13:40:00,2011-05-22 13:40:00,236.04000000000002,1,Low
13187,236.02,1,95,2011-01-06 18:57:00,2011-01-06 18:57:00,236.02,1,Low
14375,235.56,1,184,2011-06-07 13:44:00,2011-06-07 13:44:00,235.56,1,Low
15850,234.88,2,298,2011-06-24 14:16:00,2011-11-20 14:14:00,117.44,149,Low
15462,234.6,3,172,2011-06-05 15:36:00,2011-09-06 13:11:00,78.2,93,Low
14473,234.34000000000003,2,88,2011-03-02 13:56:00,2011-09-26 15:10:00,117.17000000000002,209,Low
17060,234.24,1,216,2011-03-18 13:27:00,2011-03-18 13:27:00,234.24,1,Low
16961,234.17,1,125,2011-08-15 13:46:00,2011-08-15 13:46:00,234.17,1,Low
12736,234.0,1,173,2011-01-11 07:57:00,2011-01-11 07:57:00,234.0,1,Low
13348,233.76,1,136,2011-10-06 17:28:00,2011-10-06 17:28:00,233.76,1,Low
16583,233.45,1,111,2010-12-01 12:03:00,2010-12-01 12:03:00,233.45,1,Low
16302,233.22,1,158,2011-08-05 09:44:00,2011-08-05 09:44:00,233.22,1,Low
13678,232.6,1,924,2011-07-11 10:14:00,2011-07-11 10:14:00,232.6,1,Low
18213,232.48000000000002,1,232,2011-04-17 10:21:00,2011-04-17 10:21:00,232.48000000000002,1,Low
16117,232.21,1,130,2011-06-03 11:42:00,2011-06-03 11:42:00,232.21,1,Low
17908,232.03,1,169,2010-12-01 11:45:00,2010-12-01 11:45:00,232.03,1,Low
14995,231.98000000000002,2,102,2011-03-04 13:14:00,2011-11-01 11:39:00,115.99000000000001,242,Low
15393,231.86,2,150,2011-03-03 16:58:00,2011-11-23 16:48:00,115.93,265,Low
17111,231.61,1,282,2011-10-23 15:59:00,2011-10-23 15:59:00,231.61,1,Low
16641,231.10000000000002,1,256,2011-08-26 12:49:00,2011-08-26 12:49:00,231.10000000000002,1,Low
18030,230.64999999999998,2,67,2011-10-28 13:55:00,2011-12-05 16:37:00,115.32499999999999,39,Low
16445,230.51,1,111,2011-11-06 12:32:00,2011-11-06 12:32:00,230.51,1,Low
17125,230.5,1,281,2011-10-20 14:41:00,2011-10-20 14:41:00,230.5,1,Low
13786,230.39999999999998,1,136,2010-12-07 13:53:00,2010-12-07 13:53:00,230.39999999999998,1,Low
16926,230.25,1,35,2010-12-03 13:42:00,2010-12-03 13:42:00,230.25,1,Low
13960,230.22,2,142,2011-09-29 12:39:00,2011-11-18 15:27:00,115.11,51,Low
12812,229.64000000000001,1,164,2011-10-26 09:54:00,2011-10-26 09:54:00,229.64000000000001,1,Low
13008,229.46999999999997,1,175,2011-01-20 14:24:00,2011-01-20 14:24:00,229.46999999999997,1,Low
15528,229.33,1,123,2011-03-30 16:14:00,2011-03-30 16:14:00,229.33,1,Low
14793,228.99,1,91,2011-11-18 14:50:00,2011-11-18 14:50:00,228.99,1,Low
17347,228.96,1,216,2011-09-14 13:12:00,2011-09-14 13:12:00,228.96,1,Low
13146,228.91,1,154,2011-11-13 15:29:00,2011-11-13 15:29:00,228.91,1,Low
13712,228.84,1,352,2011-04-07 12:33:00,2011-04-07 12:33:00,228.84,1,Low
13070,228.8,1,110,2011-05-31 13:45:00,2011-05-31 13:45:00,228.8,1,Low
17969,228.2,2,152,2010-12-13 15:34:00,2011-06-26 13:00:00,114.1,195,Low
16527,228.06,1,106,2011-09-19 16:21:00,2011-09-19 16:21:00,228.06,1,Low
14569,227.39,1,79,2011-12-08 14:58:00,2011-12-08 14:58:00,227.39,1,Low
17212,226.85,1,147,2011-03-31 19:42:00,2011-03-31 19:42:00,226.85,1,Low
13474,226.84,1,129,2011-04-17 13:53:00,2011-04-17 13:53:00,226.84,1,Low
17572,226.75000000000003,4,95,2010-12-01 12:51:00,2011-09-29 17:53:00,56.68750000000001,303,Low
18005,226.47,2,86,2011-10-23 14:40:00,2011-12-06 11:51:00,113.235,44,Low
17860,226.45000000000002,1,93,2010-12-06 12:41:00,2010-12-06 12:41:00,226.45000000000002,1,Low
16315,226.37,1,75,2011-01-13 11:57:00,2011-01-13 11:57:00,226.37,1,Low
16619,226.21,1,133,2011-03-21 08:18:00,2011-03-21 08:18:00,226.21,1,Low
17789,225.9,1,74,2011-03-03 13:14:00,2011-03-03 13:14:00,225.9,1,Low
12672,225.89999999999998,1,78,2011-01-14 09:20:00,2011-01-14 09:20:00,225.89999999999998,1,Low
14624,225.85,2,162,2011-10-11 14:39:00,2011-10-13 13:44:00,112.925,2,Low
12402,225.6,1,94,2011-01-20 13:49:00,2011-01-20 13:49:00,225.6,1,Low
16690,225.57999999999998,2,138,2011-05-22 10:53:00,2011-09-28 15:02:00,112.78999999999999,130,Low
14052,225.36,1,89,2011-11-20 12:30:00,2011-11-20 12:30:00,225.36,1,Low
15483,225.26,4,291,2011-03-18 12:26:00,2011-07-01 13:07:00,56.315,106,Low
16587,225.15,1,71,2011-04-21 15:51:00,2011-04-21 15:51:00,225.15,1,Low
14357,225.12,1,147,2011-10-27 16:23:00,2011-10-27 16:23:00,225.12,1,Low
17171,224.91,1,185,2011-02-23 16:37:00,2011-02-23 16:37:00,224.91,1,Low
15175,224.14,1,454,2011-09-29 11:31:00,2011-09-29 11:31:00,224.14,1,Low
16471,223.95000000000002,1,141,2011-03-10 09:41:00,2011-03-10 09:41:00,223.95000000000002,1,Low
16753,223.92000000000002,1,189,2011-10-12 13:14:00,2011-10-12 13:14:00,223.92000000000002,1,Low
14929,223.88,1,136,2011-11-07 17:21:00,2011-11-07 17:21:00,223.88,1,Low
13926,223.85000000000002,1,104,2011-11-16 13:16:00,2011-11-16 13:16:00,223.85000000000002,1,Low
17534,223.36,1,103,2011-10-17 12:47:00,2011-10-17 12:47:00,223.36,1,Low
15637,223.36,1,128,2011-10-18 08:28:00,2011-10-18 08:28:00,223.36,1,Low
13382,222.99,1,131,2011-03-04 10:03:00,2011-03-04 10:03:00,222.99,1,Low
16777,222.62,2,62,2011-03-27 14:34:00,2011-09-20 13:41:00,111.31,177,Low
18101,222.4,2,87,2011-07-19 13:05:00,2011-11-28 13:37:00,111.2,133,Low
14598,221.97,1,189,2011-10-26 13:19:00,2011-10-26 13:19:00,221.97,1,Low
14960,221.27,2,221,2011-06-21 13:38:00,2011-12-01 12:54:00,110.635,163,Low
13419,221.06,1,275,2011-10-07 12:49:00,2011-10-07 12:49:00,221.06,1,Low
16482,220.62,1,346,2011-11-24 12:33:00,2011-11-24 12:33:00,220.62,1,Low
13079,220.10000000000002,5,62,2011-07-22 14:41:00,2011-12-05 16:53:00,44.02,137,Low
18114,220.1,1,55,2011-02-22 13:20:00,2011-02-22 13:20:00,220.1,1,Low
13600,219.52,1,324,2011-01-31 15:27:00,2011-01-31 15:27:00,219.52,1,Low
15096,219.39000000000001,1,120,2011-10-28 10:27:00,2011-10-28 10:27:00,219.39000000000001,1,Low
12702,219.0,1,53,2011-11-20 10:36:00,2011-11-20 10:36:00,219.0,1,Low
15790,218.75,1,113,2011-11-29 14:53:00,2011-11-29 14:53:00,218.75,1,Low
13669,218.55,2,237,2011-07-13 11:44:00,2011-10-20 09:32:00,109.275,99,Low
12574,218.45,1,61,2011-01-28 09:20:00,2011-01-28 09:20:00,218.45,1,Low
15724,218.25,2,73,2011-02-28 10:40:00,2011-05-22 14:40:00,109.125,84,Low
14570,218.06,2,95,2011-03-04 10:39:00,2011-03-04 10:58:00,109.03,1,Low
16634,217.9,2,82,2010-12-02 17:41:00,2011-05-01 12:09:00,108.95,150,Low
16392,217.89,1,201,2011-03-15 12:11:00,2011-03-15 12:11:00,217.89,1,Low
15554,217.2,1,74,2011-03-07 09:00:00,2011-03-07 09:00:00,217.2,1,Low
16080,217.16,2,128,2011-03-10 14:44:00,2011-09-19 10:42:00,108.58,193,Low
13739,216.9,1,54,2011-11-21 13:35:00,2011-11-21 13:35:00,216.9,1,Low
13503,216.85,1,248,2011-09-29 13:23:00,2011-09-29 13:23:00,216.85,1,Low
12897,216.5,2,110,2011-02-11 11:40:00,2011-05-19 12:13:00,108.25,98,Low
15604,216.39,1,159,2011-10-18 14:47:00,2011-10-18 14:47:00,216.39,1,Low
17436,216.29999999999998,2,90,2011-04-27 11:33:00,2011-12-08 12:30:00,108.14999999999999,226,Low
14104,216.20999999999998,2,72,2011-06-27 12:49:00,2011-07-08 12:50:00,108.10499999999999,12,Low
13858,216.17,1,75,2011-10-13 16:17:00,2011-10-13 16:17:00,216.17,1,Low
18212,216.07,1,92,2011-01-17 16:14:00,2011-01-17 16:14:00,216.07,1,Low
16179,215.83,1,99,2011-10-10 09:41:00,2011-10-10 09:41:00,215.83,1,Low
17580,215.72,3,88,2010-12-16 15:27:00,2011-04-01 12:41:00,71.90666666666667,106,Low
16189,215.48,2,134,2011-09-15 15:21:00,2011-11-24 11:47:00,107.74,70,Low
16190,215.08,1,88,2011-10-30 15:59:00,2011-10-30 15:59:00,215.08,1,Low
16519,215.07999999999998,2,54,2010-12-09 14:08:00,2011-11-14 15:41:00,107.53999999999999,341,Low
12831,215.05,1,135,2011-03-22 13:02:00,2011-03-22 13:02:00,215.05,1,Low
12588,214.89999999999998,1,53,2011-10-31 15:01:00,2011-10-31 15:01:00,214.89999999999998,1,Low
16338,214.79999999999998,1,94,2011-07-05 13:56:00,2011-07-05 13:56:00,214.79999999999998,1,Low
17619,214.37,1,124,2011-01-31 14:18:00,2011-01-31 14:18:00,214.37,1,Low
16846,214.32,1,135,2011-10-20 13:55:00,2011-10-20 13:55:00,214.32,1,Low
15460,214.26,1,107,2010-12-20 16:08:00,2010-12-20 16:08:00,214.26,1,Low
16647,214.06,2,146,2011-05-19 09:31:00,2011-06-23 11:47:00,107.03,36,Low
14601,213.96,1,168,2011-11-29 09:48:00,2011-11-29 09:48:00,213.96,1,Low
13621,213.85,1,343,2011-08-15 08:26:00,2011-08-15 08:26:00,213.85,1,Low
17153,213.78,1,104,2011-11-15 13:42:00,2011-11-15 13:42:00,213.78,1,Low
14241,213.70000000000002,1,146,2011-06-09 11:46:00,2011-06-09 11:46:00,213.70000000000002,1,Low
13411,213.55,1,72,2011-08-24 13:57:00,2011-08-24 13:57:00,213.55,1,Low
16591,213.5,1,41,2011-10-02 10:43:00,2011-10-02 10:43:00,213.5,1,Low
15540,213.3,1,200,2011-11-28 13:51:00,2011-11-28 13:51:00,213.3,1,Low
17928,212.54,2,140,2011-04-07 18:03:00,2011-10-25 13:52:00,106.27,201,Low
15866,211.89,1,124,2011-08-30 14:09:00,2011-08-30 14:09:00,211.89,1,Low
16017,211.88,1,102,2011-10-23 12:56:00,2011-10-23 12:56:00,211.88,1,Low
16356,211.77,3,93,2011-03-07 12:31:00,2011-05-26 11:51:00,70.59,80,Low
16411,211.7,2,131,2010-12-05 13:26:00,2011-11-20 13:23:00,105.85,350,Low
15703,211.5,1,66,2011-03-20 10:51:00,2011-03-20 10:51:00,211.5,1,Low
13271,211.49,1,240,2011-11-02 14:31:00,2011-11-02 14:31:00,211.49,1,Low
12995,211.32,1,108,2011-09-15 15:44:00,2011-09-15 15:44:00,211.32,1,Low
13532,210.31,1,129,2011-11-06 12:25:00,2011-11-06 12:25:00,210.31,1,Low
13828,209.49,1,311,2011-11-17 16:02:00,2011-11-17 16:02:00,209.49,1,Low
17855,208.97,1,197,2010-12-02 09:44:00,2010-12-02 09:44:00,208.97,1,Low
15327,208.75,1,116,2011-10-18 11:55:00,2011-10-18 11:55:00,208.75,1,Low
17514,208.65,1,135,2011-08-03 15:45:00,2011-08-03 15:45:00,208.65,1,Low
15897,208.59,2,223,2011-05-29 13:32:00,2011-05-29 13:50:00,104.295,1,Low
16457,208.36,1,140,2011-05-05 13:19:00,2011-05-05 13:19:00,208.36,1,Low
12547,207.79999999999998,2,134,2011-03-04 12:46:00,2011-05-26 12:38:00,103.89999999999999,83,Low
18191,207.79999999999998,1,140,2011-03-23 12:08:00,2011-03-23 12:08:00,207.79999999999998,1,Low
16866,207.73999999999998,3,60,2011-07-01 12:34:00,2011-07-22 10:06:00,69.24666666666666,21,Low
15052,207.73000000000002,1,79,2011-01-24 15:52:00,2011-01-24 15:52:00,207.73000000000002,1,Low
16323,207.50000000000003,1,50,2011-05-27 14:48:00,2011-05-27 14:48:00,207.50000000000003,1,Low
17923,207.50000000000003,1,50,2011-03-02 15:15:00,2011-03-02 15:15:00,207.50000000000003,1,Low
16752,207.5,1,54,2010-12-02 12:18:00,2010-12-02 12:18:00,207.5,1,Low
13099,207.35999999999999,1,288,2011-09-01 17:40:00,2011-09-01 17:40:00,207.35999999999999,1,Low
15925,207.15,1,93,2011-05-29 15:35:00,2011-05-29 15:35:00,207.15,1,Low
15820,206.98,1,128,2011-01-24 12:00:00,2011-01-24 12:00:00,206.98,1,Low
17166,206.34,2,78,2011-05-20 08:18:00,2011-11-01 09:46:00,103.17,166,Low
14964,206.21,1,143,2011-04-06 14:13:00,2011-04-06 14:13:00,206.21,1,Low
13065,205.86,1,74,2010-12-01 16:52:00,2010-12-01 16:52:00,205.86,1,Low
17670,205.7,1,110,2011-04-26 09:12:00,2011-04-26 09:12:00,205.7,1,Low
17843,205.48,1,113,2011-02-09 15:33:00,2011-02-09 15:33:00,205.48,1,Low
15307,205.3,1,37,2011-09-05 11:38:00,2011-09-05 11:38:00,205.3,1,Low
15758,205.25,1,47,2011-11-15 10:48:00,2011-11-15 10:48:00,205.25,1,Low
13513,205.1,1,109,2011-08-05 11:50:00,2011-08-05 11:50:00,205.1,1,Low
15319,204.5,1,175,2011-03-01 12:48:00,2011-03-01 12:48:00,204.5,1,Low
17206,204.24,1,76,2011-10-17 13:25:00,2011-10-17 13:25:00,204.24,1,Low
18273,204.0,3,80,2011-03-27 11:22:00,2011-12-07 13:16:00,68.0,256,Low
13017,204.0,1,48,2011-12-02 15:53:00,2011-12-02 15:53:00,204.0,1,Low
17187,203.95,1,144,2011-04-27 12:39:00,2011-04-27 12:39:00,203.95,1,Low
17394,203.86999999999998,1,241,2011-05-04 13:22:00,2011-05-04 13:22:00,203.86999999999998,1,Low
17891,203.85999999999999,1,393,2011-06-30 20:08:00,2011-06-30 20:08:00,203.85999999999999,1,Low
17376,203.2,2,86,2011-02-01 14:12:00,2011-09-30 12:36:00,101.6,241,Low
14381,202.68,1,146,2011-10-18 17:10:00,2011-10-18 17:10:00,202.68,1,Low
18169,202.65,1,61,2011-10-10 12:18:00,2011-10-10 12:18:00,202.65,1,Low
14984,202.37,2,58,2011-06-12 11:04:00,2011-11-20 14:28:00,101.185,162,Low
16895,202.27,1,91,2011-10-06 12:15:00,2011-10-06 12:15:00,202.27,1,Low
14385,202.11,3,159,2011-11-16 11:55:00,2011-11-30 15:36:00,67.37,15,Low
13428,201.78,1,151,2011-11-29 14:20:00,2011-11-29 14:20:00,201.78,1,Low
15347,201.60000000000002,1,130,2010-12-08 15:25:00,2010-12-08 15:25:00,201.60000000000002,1,Low
17889,201.37,2,77,2011-01-21 17:14:00,2011-05-11 16:26:00,100.685,110,Low
13295,201.20000000000002,1,82,2010-12-15 11:21:00,2010-12-15 11:21:00,201.20000000000002,1,Low
13284,201.19,1,91,2011-01-13 09:23:00,2011-01-13 09:23:00,201.19,1,Low
16965,201.19,1,291,2011-04-27 12:08:00,2011-04-27 12:08:00,201.19,1,Low
13859,201.16,1,129,2011-01-17 16:14:00,2011-01-17 16:14:00,201.16,1,Low
17988,201.12,7,43,2011-01-17 11:59:00,2011-11-28 11:00:00,28.731428571428573,315,Low
18126,200.92000000000002,1,135,2011-10-10 12:19:00,2011-10-10 12:19:00,200.92000000000002,1,Low
17693,200.47,1,231,2011-07-25 15:48:00,2011-07-25 15:48:00,200.47,1,Low
13262,200.29,1,125,2011-03-21 15:06:00,2011-03-21 15:06:00,200.29,1,Low
16415,200.27,1,178,2011-10-26 13:35:00,2011-10-26 13:35:00,200.27,1,Low
15437,200.16,1,79,2011-03-22 13:11:00,2011-03-22 13:11:00,200.16,1,Low
13980,200.14,1,172,2011-10-10 13:34:00,2011-10-10 13:34:00,200.14,1,Low
14782,200.10000000000002,1,114,2011-01-24 11:12:00,2011-01-24 11:12:00,200.10000000000002,1,Low
13723,199.85000000000002,1,43,2011-05-06 17:04:00,2011-05-06 17:04:00,199.85000000000002,1,Low
15593,199.8,1,60,2011-09-30 11:46:00,2011-09-30 11:46:00,199.8,1,Low
13322,199.48000000000002,1,117,2011-11-22 14:21:00,2011-11-22 14:21:00,199.48000000000002,1,Low
16832,199.15,3,33,2011-05-06 14:12:00,2011-06-08 15:36:00,66.38333333333334,34,Low
18110,198.8,1,72,2011-11-20 12:34:00,2011-11-20 12:34:00,198.8,1,Low
17987,198.57,1,261,2011-06-07 14:22:00,2011-06-07 14:22:00,198.57,1,Low
16178,197.9,1,94,2011-07-24 16:05:00,2011-07-24 16:05:00,197.9,1,Low
12450,197.88,2,128,2011-06-19 14:36:00,2011-07-06 14:41:00,98.94,18,Low
12581,197.71,1,161,2011-10-31 08:56:00,2011-10-31 08:56:00,197.71,1,Low
14185,197.65,1,6,2011-01-12 13:52:00,2011-01-12 13:52:00,197.65,1,Low
14789,197.64,1,116,2011-11-11 08:59:00,2011-11-11 08:59:00,197.64,1,Low
16829,197.22,1,99,2011-07-06 10:48:00,2011-07-06 10:48:00,197.22,1,Low
15234,197.0,1,196,2011-03-08 08:53:00,2011-03-08 08:53:00,197.0,1,Low
12586,196.94000000000003,1,79,2011-11-22 16:24:00,2011-11-22 16:24:00,196.94000000000003,1,Low
13436,196.89,1,76,2011-12-08 10:33:00,2011-12-08 10:33:00,196.89,1,Low
15746,196.88,1,178,2011-07-28 15:21:00,2011-07-28 15:21:00,196.88,1,Low
13978,196.79000000000002,2,315,2011-10-25 15:04:00,2011-11-25 11:36:00,98.39500000000001,31,Low
16112,195.73999999999998,4,574,2011-01-05 11:47:00,2011-07-19 14:28:00,48.934999999999995,196,Low
13792,195.55,2,92,2011-02-25 14:03:00,2011-10-04 14:31:00,97.775,222,Low
17010,195.36,1,118,2011-11-21 14:49:00,2011-11-21 14:49:00,195.36,1,Low
14666,195.25,1,161,2011-11-15 12:57:00,2011-11-15 12:57:00,195.25,1,Low
15612,195.15,2,52,2011-10-09 12:49:00,2011-11-03 14:52:00,97.575,26,Low
17475,194.37,1,178,2011-09-21 14:55:00,2011-09-21 14:55:00,194.37,1,Low
15683,193.75,1,131,2011-08-14 12:56:00,2011-08-14 12:56:00,193.75,1,Low
17343,193.64,1,56,2010-12-19 15:07:00,2010-12-19 15:07:00,193.64,1,Low
15198,193.64,2,120,2011-08-07 15:16:00,2011-09-08 14:42:00,96.82,32,Low
16847,193.44,1,78,2011-10-27 13:29:00,2011-10-27 13:29:00,193.44,1,Low
14806,193.39000000000001,1,330,2011-09-25 15:32:00,2011-09-25 15:32:00,193.39000000000001,1,Low
17383,193.39000000000001,1,148,2011-12-05 17:36:00,2011-12-05 17:36:00,193.39000000000001,1,Low
14476,193.0,1,110,2011-03-27 15:39:00,2011-03-27 15:39:00,193.0,1,Low
12522,192.72,2,194,2011-10-19 14:41:00,2011-10-31 15:30:00,96.36,13,Low
14768,192.60000000000002,2,52,2011-08-04 13:25:00,2011-11-22 12:54:00,96.30000000000001,110,Low
12791,192.60000000000002,1,97,2010-12-01 11:27:00,2010-12-01 11:27:00,192.60000000000002,1,Low
16887,192.32999999999998,1,156,2011-11-04 14:07:00,2011-11-04 14:07:00,192.32999999999998,1,Low
17608,191.99,2,229,2011-11-06 13:00:00,2011-11-06 13:06:00,95.995,1,Low
14100,191.95000000000002,1,63,2011-07-25 11:01:00,2011-07-25 11:01:00,191.95000000000002,1,Low
15909,191.94,1,98,2011-06-19 10:38:00,2011-06-19 10:38:00,191.94,1,Low
14087,191.47,1,250,2011-12-07 12:41:00,2011-12-07 12:41:00,191.47,1,Low
15692,191.04,1,138,2011-11-11 14:12:00,2011-11-11 14:12:00,191.04,1,Low
17233,190.88,1,131,2011-11-04 14:06:00,2011-11-04 14:06:00,190.88,1,Low
15723,190.7,1,73,2010-12-10 11:12:00,2010-12-10 11:12:00,190.7,1,Low
13033,190.55,1,83,2010-12-17 14:23:00,2010-12-17 14:23:00,190.55,1,Low
15412,190.53,1,108,2011-06-21 15:24:00,2011-06-21 15:24:00,190.53,1,Low
13972,190.25,2,187,2011-05-22 11:34:00,2011-09-30 11:54:00,95.125,132,Low
12361,189.9,1,91,2011-02-25 13:51:00,2011-02-25 13:51:00,189.9,1,Low
13826,189.5,1,82,2011-06-16 13:48:00,2011-06-16 13:48:00,189.5,1,Low
13663,189.47,1,91,2011-06-13 15:44:00,2011-06-13 15:44:00,189.47,1,Low
14801,189.34,1,173,2011-10-09 15:24:00,2011-10-09 15:24:00,189.34,1,Low
14830,188.88,1,164,2011-10-17 14:29:00,2011-10-17 14:29:00,188.88,1,Low
14697,188.60999999999999,2,181,2011-05-05 15:29:00,2011-05-05 15:39:00,94.30499999999999,1,Low
17781,188.02,2,34,2011-03-31 19:54:00,2011-07-03 16:00:00,94.01,94,Low
17279,187.82999999999998,1,48,2011-10-13 11:58:00,2011-10-13 11:58:00,187.82999999999998,1,Low
18013,187.29,2,285,2011-07-07 14:08:00,2011-07-07 14:11:00,93.645,1,Low
13568,187.05,1,66,2011-06-19 14:42:00,2011-06-19 14:42:00,187.05,1,Low
17440,186.42000000000002,3,246,2011-04-06 12:05:00,2011-07-06 11:54:00,62.14000000000001,91,Low
13672,186.39000000000001,2,57,2011-01-11 13:54:00,2011-02-11 13:53:00,93.19500000000001,31,Low
14551,186.23,2,106,2011-05-19 18:21:00,2011-11-21 13:36:00,93.115,186,Low
15567,186.01,1,223,2011-11-21 10:48:00,2011-11-21 10:48:00,186.01,1,Low
12641,185.9,1,72,2011-08-16 13:26:00,2011-08-16 13:26:00,185.9,1,Low
17574,185.65,1,77,2011-04-11 09:47:00,2011-04-11 09:47:00,185.65,1,Low
14199,185.39999999999998,1,28,2011-05-05 13:44:00,2011-05-05 13:44:00,185.39999999999998,1,Low
16097,185.04999999999998,1,87,2011-04-13 13:47:00,2011-04-13 13:47:00,185.04999999999998,1,Low
13482,184.64,1,116,2011-04-21 17:03:00,2011-04-21 17:03:00,184.64,1,Low
17680,184.4,1,96,2011-11-16 12:42:00,2011-11-16 12:42:00,184.4,1,Low
16433,184.26,1,106,2011-11-11 14:09:00,2011-11-11 14:09:00,184.26,1,Low
15124,184.19,2,233,2011-06-01 09:06:00,2011-11-17 10:09:00,92.095,170,Low
14326,183.85,1,103,2011-04-11 15:04:00,2011-04-11 15:04:00,183.85,1,Low
16914,183.76,1,112,2011-11-03 15:27:00,2011-11-03 15:27:00,183.76,1,Low
16680,183.7,1,94,2011-10-27 17:35:00,2011-10-27 17:35:00,183.7,1,Low
14059,183.6,1,128,2011-03-18 10:06:00,2011-03-18 10:06:00,183.6,1,Low
13460,183.44,2,286,2011-10-21 09:50:00,2011-11-10 17:17:00,91.72,21,Low
13059,183.4,1,35,2011-04-04 10:40:00,2011-04-04 10:40:00,183.4,1,Low
14966,183.02,1,179,2011-11-25 12:20:00,2011-11-25 12:20:00,183.02,1,Low
16448,182.99,1,76,2011-05-25 16:28:00,2011-05-25 16:28:00,182.99,1,Low
14082,182.25,1,110,2010-12-10 11:02:00,2010-12-10 11:02:00,182.25,1,Low
15886,181.09,1,147,2011-10-10 14:25:00,2011-10-10 14:25:00,181.09,1,Low
16594,181.09,1,64,2011-09-25 14:08:00,2011-09-25 14:08:00,181.09,1,Low
17904,181.07,1,59,2011-11-18 12:57:00,2011-11-18 12:57:00,181.07,1,Low
15945,181.0,1,52,2010-12-09 13:14:00,2010-12-09 13:14:00,181.0,1,Low
16835,180.85,2,61,2010-12-01 17:15:00,2011-08-03 13:50:00,90.425,245,Low
18119,180.7,1,124,2010-12-07 11:59:00,2010-12-07 11:59:00,180.7,1,Low
18280,180.60000000000002,1,45,2011-03-07 09:52:00,2011-03-07 09:52:00,180.60000000000002,1,Low
13710,180.48,1,176,2011-11-08 08:16:00,2011-11-08 08:16:00,180.48,1,Low
14722,180.42000000000002,1,118,2011-07-15 14:58:00,2011-07-15 14:58:00,180.42000000000002,1,Low
12622,180.1,1,69,2011-04-21 16:39:00,2011-04-21 16:39:00,180.1,1,Low
15041,179.93,1,103,2011-06-22 16:16:00,2011-06-22 16:16:00,179.93,1,Low
18147,179.33999999999997,2,203,2011-08-23 12:22:00,2011-10-25 11:46:00,89.66999999999999,63,Low
15895,179.17,1,94,2011-07-13 10:27:00,2011-07-13 10:27:00,179.17,1,Low
15454,179.1,1,86,2010-12-12 14:21:00,2010-12-12 14:21:00,179.1,1,Low
16990,179.0,1,100,2011-05-05 08:30:00,2011-05-05 08:30:00,179.0,1,Low
14705,179.0,1,100,2011-05-25 12:39:00,2011-05-25 12:39:00,179.0,1,Low
16620,178.96,2,88,2011-03-24 10:37:00,2011-12-06 12:19:00,89.48,258,Low
15139,178.96,2,208,2011-01-07 12:44:00,2011-04-14 11:39:00,89.48,97,Low
15262,178.95000000000002,1,73,2011-01-20 12:16:00,2011-01-20 12:16:00,178.95000000000002,1,Low
17660,178.75,1,121,2011-07-21 13:37:00,2011-07-21 13:37:00,178.75,1,Low
13778,178.7,1,70,2011-08-28 15:25:00,2011-08-28 15:25:00,178.7,1,Low
17879,178.51999999999998,1,45,2011-06-19 12:36:00,2011-06-19 12:36:00,178.51999999999998,1,Low
15292,178.39,1,55,2011-05-22 15:00:00,2011-05-22 15:00:00,178.39,1,Low
18045,178.34,1,138,2011-10-25 13:07:00,2011-10-25 13:07:00,178.34,1,Low
17253,178.26,1,43,2011-11-21 12:59:00,2011-11-21 12:59:00,178.26,1,Low
17356,178.22,1,166,2011-02-01 11:07:00,2011-02-01 11:07:00,178.22,1,Low
18282,178.05,2,103,2011-08-05 13:35:00,2011-12-02 11:43:00,89.025,119,Low
16403,177.5,1,114,2011-01-31 13:39:00,2011-01-31 13:39:00,177.5,1,Low
13618,177.34,1,246,2011-06-19 11:09:00,2011-06-19 11:09:00,177.34,1,Low
12618,177.31,1,96,2011-11-18 11:10:00,2011-11-18 11:10:00,177.31,1,Low
13072,177.15,1,69,2011-03-18 08:12:00,2011-03-18 08:12:00,177.15,1,Low
17947,176.68,1,168,2011-11-02 13:05:00,2011-11-02 13:05:00,176.68,1,Low
14287,176.63,3,261,2011-05-25 11:41:00,2011-12-01 13:25:00,58.876666666666665,191,Low
12893,176.55,1,90,2011-11-09 12:34:00,2011-11-09 12:34:00,176.55,1,Low
12509,176.5,1,55,2011-02-28 14:45:00,2011-02-28 14:45:00,176.5,1,Low
18274,175.92,1,88,2011-11-09 17:03:00,2011-11-09 17:03:00,175.92,1,Low
17582,175.27,1,123,2011-04-17 13:18:00,2011-04-17 13:18:00,175.27,1,Low
17331,175.2,1,16,2011-08-08 11:55:00,2011-08-08 11:55:00,175.2,1,Low
16144,175.2,1,16,2011-04-07 10:09:00,2011-04-07 10:09:00,175.2,1,Low
18010,174.8,1,60,2011-03-28 12:27:00,2011-03-28 12:27:00,174.8,1,Low
14355,174.4,1,92,2010-12-09 12:16:00,2010-12-09 12:16:00,174.4,1,Low
14518,174.37,1,278,2011-10-06 14:43:00,2011-10-06 14:43:00,174.37,1,Low
18278,173.9,1,66,2011-09-27 11:58:00,2011-09-27 11:58:00,173.9,1,Low
16861,173.76,2,140,2011-07-04 15:38:00,2011-10-11 09:05:00,86.88,99,Low
14798,173.74,3,150,2011-02-02 15:26:00,2011-10-18 10:58:00,57.913333333333334,258,Low
16565,173.7,1,46,2010-12-10 15:21:00,2010-12-10 15:21:00,173.7,1,Low
12441,173.55,1,121,2010-12-08 10:45:00,2010-12-08 10:45:00,173.55,1,Low
17772,173.45,2,55,2011-11-29 10:57:00,2011-11-29 11:05:00,86.725,1,Low
15565,173.16,2,60,2011-09-30 10:44:00,2011-10-20 14:33:00,86.58,21,Low
15670,173.05,1,91,2011-02-16 10:50:00,2011-02-16 10:50:00,173.05,1,Low
14693,172.9,1,34,2011-03-20 12:50:00,2011-03-20 12:50:00,172.9,1,Low
12923,172.82,1,68,2011-10-06 16:20:00,2011-10-06 16:20:00,172.82,1,Low
18048,172.29000000000002,2,127,2011-05-20 14:54:00,2011-05-20 14:58:00,86.14500000000001,1,Low
13922,172.25,1,93,2010-12-23 10:38:00,2010-12-23 10:38:00,172.25,1,Low
13690,172.25,1,67,2011-10-11 15:03:00,2011-10-11 15:03:00,172.25,1,Low
12442,172.06,1,182,2011-12-06 14:22:00,2011-12-06 14:22:00,172.06,1,Low
16773,171.59,1,171,2011-10-13 14:37:00,2011-10-13 14:37:00,171.59,1,Low
17245,171.45,1,75,2011-05-19 10:43:00,2011-05-19 10:43:00,171.45,1,Low
13560,171.42000000000002,1,63,2011-12-02 13:11:00,2011-12-02 13:11:00,171.42000000000002,1,Low
15432,171.19,1,65,2011-11-16 16:30:00,2011-11-16 16:30:00,171.19,1,Low
14536,170.95,1,39,2011-03-25 12:21:00,2011-03-25 12:21:00,170.95,1,Low
17542,170.75,1,134,2011-03-15 11:45:00,2011-03-15 11:45:00,170.75,1,Low
14860,170.32,1,232,2011-11-20 14:17:00,2011-11-20 14:17:00,170.32,1,Low
15335,170.22,1,79,2011-10-17 12:50:00,2011-10-17 12:50:00,170.22,1,Low
18058,170.16,1,88,2011-11-30 08:38:00,2011-11-30 08:38:00,170.16,1,Low
15016,170.04,1,76,2011-06-20 12:06:00,2011-06-20 12:06:00,170.04,1,Low
13962,169.55,2,87,2011-04-08 11:21:00,2011-11-18 08:47:00,84.775,224,Low
14218,169.48000000000002,1,160,2011-10-28 10:00:00,2011-10-28 10:00:00,169.48000000000002,1,Low
12367,168.9,1,173,2011-12-05 16:48:00,2011-12-05 16:48:00,168.9,1,Low
14578,168.63,1,240,2011-12-06 17:18:00,2011-12-06 17:18:00,168.63,1,Low
18269,168.6,1,76,2010-12-08 13:53:00,2010-12-08 13:53:00,168.6,1,Low
18099,168.31,1,149,2011-08-04 15:52:00,2011-08-04 15:52:00,168.31,1,Low
15888,168.31,1,76,2011-09-20 12:30:00,2011-09-20 12:30:00,168.31,1,Low
16282,168.3,1,114,2011-01-04 11:42:00,2011-01-04 11:42:00,168.3,1,Low
17737,168.24,2,108,2011-10-12 14:42:00,2011-11-30 15:16:00,84.12,50,Low
15986,168.12,1,268,2011-11-09 15:17:00,2011-11-09 15:17:00,168.12,1,Low
15374,168.0,1,126,2011-08-03 09:59:00,2011-08-03 09:59:00,168.0,1,Low
12551,168.0,1,100,2010-12-17 11:23:00,2010-12-17 11:23:00,168.0,1,Low
16952,167.61,2,92,2011-08-22 12:58:00,2011-08-22 13:03:00,83.805,1,Low
17367,167.55,1,149,2011-04-15 14:21:00,2011-04-15 14:21:00,167.55,1,Low
15920,167.5,4,99,2011-07-08 15:16:00,2011-07-08 15:31:00,41.875,1,Low
16405,167.25,2,187,2011-02-02 17:08:00,2011-02-10 15:24:00,83.625,8,Low
14295,166.20000000000002,1,84,2011-10-30 15:50:00,2011-10-30 15:50:00,166.20000000000002,1,Low
17650,166.08,1,150,2011-11-18 14:52:00,2011-11-18 14:52:00,166.08,1,Low
12817,166.04,1,53,2011-03-03 16:28:00,2011-03-03 16:28:00,166.04,1,Low
18088,166.03,1,107,2011-10-09 13:41:00,2011-10-09 13:41:00,166.03,1,Low
17561,165.12,1,144,2011-11-20 12:53:00,2011-11-20 12:53:00,165.12,1,Low
18042,165.04999999999998,1,33,2011-10-17 11:49:00,2011-10-17 11:49:00,165.04999999999998,1,Low
15316,165.0,1,100,2011-01-17 11:34:00,2011-01-17 11:34:00,165.0,1,Low
13470,165.0,2,100,2011-08-16 17:06:00,2011-09-01 14:57:00,82.5,16,Low
15904,164.68,1,84,2011-12-01 14:50:00,2011-12-01 14:50:00,164.68,1,Low
17535,164.4,1,136,2011-03-04 15:20:00,2011-03-04 15:20:00,164.4,1,Low
13603,164.34,1,164,2011-11-13 15:57:00,2011-11-13 15:57:00,164.34,1,Low
14552,164.22,1,90,2011-07-11 12:49:00,2011-07-11 12:49:00,164.22,1,Low
14354,163.62,2,210,2011-11-09 15:36:00,2011-12-04 11:32:00,81.81,25,Low
17110,163.29999999999998,1,50,2011-06-27 12:58:00,2011-06-27 12:58:00,163.29999999999998,1,Low
17301,163.24,1,137,2011-11-18 13:43:00,2011-11-18 13:43:00,163.24,1,Low
13223,163.20000000000002,2,88,2011-04-21 15:16:00,2011-05-23 13:03:00,81.60000000000001,32,Low
14485,162.8,1,70,2011-11-01 12:25:00,2011-11-01 12:25:00,162.8,1,Low
12920,162.78,1,128,2011-11-22 15:05:00,2011-11-22 15:05:00,162.78,1,Low
16517,162.7,1,96,2011-03-07 13:50:00,2011-03-07 13:50:00,162.7,1,Low
15733,162.3,1,62,2011-03-02 09:05:00,2011-03-02 09:05:00,162.3,1,Low
18014,162.22,1,66,2011-11-11 15:28:00,2011-11-11 15:28:00,162.22,1,Low
15325,161.74,1,231,2011-08-28 11:55:00,2011-08-28 11:55:00,161.74,1,Low
17600,161.67000000000002,1,144,2011-11-22 09:43:00,2011-11-22 09:43:00,161.67000000000002,1,Low
15458,161.64,1,156,2011-11-14 13:08:00,2011-11-14 13:08:00,161.64,1,Low
16113,161.38,1,176,2011-06-09 16:16:00,2011-06-09 16:16:00,161.38,1,Low
14237,161.0,1,38,2010-12-01 13:20:00,2010-12-01 13:20:00,161.0,1,Low
13229,160.95,1,63,2011-04-28 12:07:00,2011-04-28 12:07:00,160.95,1,Low
15852,160.71,2,48,2011-05-26 13:26:00,2011-06-06 11:22:00,80.355,11,Low
12573,160.54000000000002,1,84,2011-04-26 15:52:00,2011-04-26 15:52:00,160.54000000000002,1,Low
18203,160.42000000000002,1,43,2011-07-05 13:07:00,2011-07-05 13:07:00,160.42000000000002,1,Low
18146,160.35000000000002,2,153,2011-05-03 16:35:00,2011-07-22 12:08:00,80.17500000000001,80,Low
14714,160.19,1,229,2011-11-15 13:07:00,2011-11-15 13:07:00,160.19,1,Low
12966,160.18,1,75,2011-11-30 12:38:00,2011-11-30 12:38:00,160.18,1,Low
13598,160.04,1,52,2011-10-23 14:28:00,2011-10-23 14:28:00,160.04,1,Low
13420,159.85,2,101,2011-06-22 11:35:00,2011-07-13 08:48:00,79.925,21,Low
16213,159.0,1,48,2011-09-22 10:03:00,2011-09-22 10:03:00,159.0,1,Low
18224,158.95000000000002,1,69,2011-03-21 10:30:00,2011-03-21 10:30:00,158.95000000000002,1,Low
13937,158.85,1,123,2011-06-23 16:35:00,2011-06-23 16:35:00,158.85,1,Low
15167,158.8,1,65,2011-01-23 12:41:00,2011-01-23 12:41:00,158.8,1,Low
14089,158.75,1,133,2011-10-14 10:38:00,2011-10-14 10:38:00,158.75,1,Low
17165,158.68,1,100,2011-02-28 16:39:00,2011-02-28 16:39:00,158.68,1,Low
15160,158.16,1,84,2010-12-17 14:15:00,2010-12-17 14:15:00,158.16,1,Low
15348,158.04,1,84,2011-09-28 13:17:00,2011-09-28 13:17:00,158.04,1,Low
18004,157.92,1,75,2010-12-12 13:47:00,2010-12-12 13:47:00,157.92,1,Low
17556,157.9,1,101,2011-05-18 10:48:00,2011-05-18 10:48:00,157.9,1,Low
14799,157.7,1,146,2011-10-19 16:16:00,2011-10-19 16:16:00,157.7,1,Low
17344,157.62,1,65,2011-10-24 12:56:00,2011-10-24 12:56:00,157.62,1,Low
14148,157.2,1,16,2011-04-20 12:02:00,2011-04-20 12:02:00,157.2,1,Low
17128,157.09,1,76,2011-01-09 12:02:00,2011-01-09 12:02:00,157.09,1,Low
14585,157.05,1,91,2011-10-20 14:33:00,2011-10-20 14:33:00,157.05,1,Low
17118,157.02,1,154,2011-01-26 12:19:00,2011-01-26 12:19:00,157.02,1,Low
15007,156.91,1,69,2011-07-03 16:00:00,2011-07-03 16:00:00,156.91,1,Low
15988,156.78,1,180,2011-11-20 13:23:00,2011-11-20 13:23:00,156.78,1,Low
14406,156.75,1,77,2011-08-12 16:54:00,2011-08-12 16:54:00,156.75,1,Low
15438,156.57999999999998,1,59,2011-07-31 14:19:00,2011-07-31 14:19:00,156.57999999999998,1,Low
15263,156.51,1,89,2011-08-25 10:26:00,2011-08-25 10:26:00,156.51,1,Low
17885,156.34,1,110,2011-11-27 14:40:00,2011-11-27 14:40:00,156.34,1,Low
13898,155.93,1,133,2011-01-18 10:28:00,2011-01-18 10:28:00,155.93,1,Low
17871,155.9,1,182,2011-05-19 11:32:00,2011-05-19 11:32:00,155.9,1,Low
17832,155.37,1,208,2011-10-21 11:43:00,2011-10-21 11:43:00,155.37,1,Low
12738,155.35,1,148,2010-12-02 18:27:00,2010-12-02 18:27:00,155.35,1,Low
15447,155.17,1,85,2011-01-13 11:26:00,2011-01-13 11:26:00,155.17,1,Low
13809,155.05,1,29,2011-02-07 13:15:00,2011-02-07 13:15:00,155.05,1,Low
14368,155.0,1,36,2011-01-24 09:52:00,2011-01-24 09:52:00,155.0,1,Low
14046,154.99,1,460,2011-02-28 14:48:00,2011-02-28 14:48:00,154.99,1,Low
17698,154.95,1,93,2011-03-24 11:34:00,2011-03-24 11:34:00,154.95,1,Low
15740,154.88,1,152,2011-10-21 14:29:00,2011-10-21 14:29:00,154.88,1,Low
17026,154.82999999999998,2,97,2010-12-05 12:47:00,2011-06-07 14:28:00,77.41499999999999,185,Low
17899,154.55,1,170,2011-07-03 14:58:00,2011-07-03 14:58:00,154.55,1,Low
15226,154.41,1,71,2011-02-02 11:41:00,2011-02-02 11:41:00,154.41,1,Low
16406,154.35,1,116,2011-11-21 11:57:00,2011-11-21 11:57:00,154.35,1,Low
16921,154.18,1,154,2011-10-09 16:22:00,2011-10-09 16:22:00,154.18,1,Low
17517,153.94,1,102,2011-02-04 11:48:00,2011-02-04 11:48:00,153.94,1,Low
16351,153.9,1,90,2011-01-11 10:26:00,2011-01-11 10:26:00,153.9,1,Low
12602,153.12,1,162,2011-10-12 11:22:00,2011-10-12 11:22:00,153.12,1,Low
17714,153.0,1,92,2011-01-23 10:32:00,2011-01-23 10:32:00,153.0,1,Low
16720,152.95,1,180,2011-11-13 16:22:00,2011-11-13 16:22:00,152.95,1,Low
16248,152.94,1,78,2011-10-09 11:32:00,2011-10-09 11:32:00,152.94,1,Low
14813,152.88,2,66,2010-12-05 11:54:00,2010-12-05 11:57:00,76.44,1,Low
17984,152.68,1,98,2011-07-17 15:59:00,2011-07-17 15:59:00,152.68,1,Low
18138,152.65,1,38,2011-02-17 14:51:00,2011-02-17 14:51:00,152.65,1,Low
14066,152.55,1,45,2011-03-18 12:21:00,2011-03-18 12:21:00,152.55,1,Low
17707,152.4,2,144,2011-01-07 13:30:00,2011-06-07 15:03:00,76.2,152,Low
13514,152.20000000000002,1,40,2011-09-27 09:39:00,2011-09-27 09:39:00,152.20000000000002,1,Low
14039,152.2,1,92,2011-11-06 13:48:00,2011-11-06 13:48:00,152.2,1,Low
17898,152.06,2,190,2011-05-16 17:13:00,2011-09-15 14:56:00,76.03,122,Low
16617,151.85,1,91,2011-04-18 10:35:00,2011-04-18 10:35:00,151.85,1,Low
14208,151.74,1,114,2011-09-06 12:48:00,2011-09-06 12:48:00,151.74,1,Low
13462,151.5,1,62,2011-04-01 11:20:00,2011-04-01 11:20:00,151.5,1,Low
14362,151.5,1,96,2011-11-17 15:08:00,2011-11-17 15:08:00,151.5,1,Low
17286,151.37,1,117,2011-11-18 12:47:00,2011-11-18 12:47:00,151.37,1,Low
13697,151.29999999999998,1,177,2011-11-01 09:14:00,2011-11-01 09:14:00,151.29999999999998,1,Low
16337,151.05,1,87,2011-11-03 10:03:00,2011-11-03 10:03:00,151.05,1,Low
14073,151.04,1,130,2011-11-07 15:49:00,2011-11-07 15:49:00,151.04,1,Low
14204,150.61,1,72,2011-12-07 13:38:00,2011-12-07 13:38:00,150.61,1,Low
18200,150.35,1,104,2011-08-25 18:45:00,2011-08-25 18:45:00,150.35,1,Low
15717,150.3,1,70,2011-04-19 13:21:00,2011-04-19 13:21:00,150.3,1,Low
16932,150.23000000000002,1,82,2011-10-17 14:12:00,2011-10-17 14:12:00,150.23000000000002,1,Low
17234,149.89000000000001,1,55,2011-06-10 11:20:00,2011-06-10 11:20:00,149.89000000000001,1,Low
15869,149.64,2,175,2011-03-07 17:19:00,2011-03-07 17:23:00,74.82,1,Low
17946,149.57999999999998,2,75,2011-03-25 14:34:00,2011-04-20 17:00:00,74.78999999999999,27,Low
18262,149.48,1,182,2011-07-22 16:04:00,2011-07-22 16:04:00,149.48,1,Low
15435,149.29,1,54,2011-11-17 16:39:00,2011-11-17 16:39:00,149.29,1,Low
13003,149.05,3,103,2011-05-09 08:23:00,2011-08-26 10:50:00,49.68333333333334,110,Low
17549,148.86,2,210,2011-10-19 10:05:00,2011-11-16 09:59:00,74.43,28,Low
15526,148.44,2,24,2011-11-06 15:01:00,2011-11-06 15:04:00,74.22,1,Low
14968,147.59,1,127,2011-11-09 13:58:00,2011-11-09 13:58:00,147.59,1,Low
14098,147.35,1,104,2011-11-03 10:13:00,2011-11-03 10:13:00,147.35,1,Low
14037,147.20000000000002,2,46,2010-12-10 11:39:00,2011-06-16 13:57:00,73.60000000000001,189,Low
12864,147.12,1,216,2011-07-24 13:03:00,2011-07-24 13:03:00,147.12,1,Low
17030,146.87,1,146,2011-10-07 08:49:00,2011-10-07 08:49:00,146.87,1,Low
14238,146.85,1,111,2011-01-17 14:40:00,2011-01-17 14:40:00,146.85,1,Low
16893,145.93,1,62,2010-12-08 12:06:00,2010-12-08 12:06:00,145.93,1,Low
12565,145.92,1,80,2011-02-24 10:34:00,2011-02-24 10:34:00,145.92,1,Low
17935,145.79,2,82,2011-07-21 11:23:00,2011-07-24 13:18:00,72.895,4,Low
13866,145.67000000000002,1,57,2011-09-26 14:54:00,2011-09-26 14:54:00,145.67000000000002,1,Low
15937,145.35,1,73,2011-10-06 15:48:00,2011-10-06 15:48:00,145.35,1,Low
16598,145.04999999999998,1,73,2011-02-27 11:42:00,2011-02-27 11:42:00,145.04999999999998,1,Low
17524,145.0,1,90,2010-12-13 14:32:00,2010-12-13 14:32:00,145.0,1,Low
16852,144.91000000000003,2,56,2011-06-16 15:49:00,2011-11-29 13:22:00,72.45500000000001,166,Low
12974,144.8,1,24,2011-05-26 09:33:00,2011-05-26 09:33:00,144.8,1,Low
15748,144.36,1,50,2011-10-30 12:51:00,2011-10-30 12:51:00,144.36,1,Low
14109,144.2,1,88,2011-09-28 10:18:00,2011-09-28 10:18:00,144.2,1,Low
17186,144.0,2,200,2011-10-10 12:52:00,2011-10-24 10:20:00,72.0,14,Low
12587,144.0,1,51,2011-12-02 12:47:00,2011-12-02 12:47:00,144.0,1,Low
17578,143.45999999999998,1,138,2011-05-05 18:38:00,2011-05-05 18:38:00,143.45999999999998,1,Low
15705,143.1,1,62,2011-05-22 15:37:00,2011-05-22 15:37:00,143.1,1,Low
16461,142.92,1,48,2011-06-15 12:07:00,2011-06-15 12:07:00,142.92,1,Low
13299,142.5,1,30,2011-03-16 12:55:00,2011-03-16 12:55:00,142.5,1,Low
16287,142.5,1,298,2011-06-23 09:08:00,2011-06-23 09:08:00,142.5,1,Low
13584,142.4,1,37,2011-02-06 12:49:00,2011-02-06 12:49:00,142.4,1,Low
14386,142.4,1,54,2011-02-16 09:45:00,2011-02-16 09:45:00,142.4,1,Low
17859,141.92000000000002,1,102,2011-02-08 10:32:00,2011-02-08 10:32:00,141.92000000000002,1,Low
13561,141.85999999999999,1,83,2011-05-08 12:39:00,2011-05-08 12:39:00,141.85999999999999,1,Low
14041,141.41,1,94,2011-03-18 13:25:00,2011-03-18 13:25:00,141.41,1,Low
15503,141.04,1,70,2010-12-12 10:57:00,2010-12-12 10:57:00,141.04,1,Low
15388,140.54,1,88,2011-03-14 13:53:00,2011-03-14 13:53:00,140.54,1,Low
13483,140.34,1,160,2011-10-05 11:53:00,2011-10-05 11:53:00,140.34,1,Low
14494,139.56,1,92,2011-11-14 09:21:00,2011-11-14 09:21:00,139.56,1,Low
17718,139.35,1,83,2011-04-21 13:39:00,2011-04-21 13:39:00,139.35,1,Low
16483,139.35,1,44,2011-05-31 13:08:00,2011-05-31 13:08:00,139.35,1,Low
14772,139.26,1,82,2011-08-19 15:04:00,2011-08-19 15:04:00,139.26,1,Low
18209,139.10000000000002,1,58,2011-11-11 12:07:00,2011-11-11 12:07:00,139.10000000000002,1,Low
15135,139.05,1,43,2011-04-14 19:16:00,2011-04-14 19:16:00,139.05,1,Low
13273,138.98,1,153,2011-08-18 14:02:00,2011-08-18 14:02:00,138.98,1,Low
12902,138.68,1,66,2011-03-20 12:06:00,2011-03-20 12:06:00,138.68,1,Low
14581,138.6,1,217,2011-11-23 12:39:00,2011-11-23 12:39:00,138.6,1,Low
17122,138.32,1,80,2011-08-12 14:33:00,2011-08-12 14:33:00,138.32,1,Low
13716,138.28,1,138,2011-03-15 13:49:00,2011-03-15 13:49:00,138.28,1,Low
15663,138.14,1,106,2011-08-25 15:50:00,2011-08-25 15:50:00,138.14,1,Low
16050,137.9,1,278,2011-06-19 11:44:00,2011-06-19 11:44:00,137.9,1,Low
13279,137.75,1,73,2011-09-22 17:24:00,2011-09-22 17:24:00,137.75,1,Low
17709,137.45,1,17,2011-06-23 11:55:00,2011-06-23 11:55:00,137.45,1,Low
15836,137.37,1,26,2011-10-20 17:13:00,2011-10-20 17:13:00,137.37,1,Low
14483,137.1,1,97,2011-03-03 10:26:00,2011-03-03 10:26:00,137.1,1,Low
17468,137.0,2,116,2011-11-25 12:52:00,2011-11-29 15:33:00,68.5,5,Low
15691,136.8,1,72,2011-04-01 15:13:00,2011-04-01 15:13:00,136.8,1,Low
14247,136.76999999999998,1,47,2011-03-06 15:21:00,2011-03-06 15:21:00,136.76999999999998,1,Low
16462,136.0,3,16,2011-03-01 08:58:00,2011-09-27 10:24:00,45.333333333333336,211,Low
16412,135.99,1,63,2011-10-17 12:35:00,2011-10-17 12:35:00,135.99,1,Low
12968,135.95,1,73,2011-08-19 15:44:00,2011-08-19 15:44:00,135.95,1,Low
15042,135.93,1,30,2011-05-24 16:25:00,2011-05-24 16:25:00,135.93,1,Low
14889,135.9,1,90,2011-01-07 15:19:00,2011-01-07 15:19:00,135.9,1,Low
15419,135.86,1,230,2011-11-15 09:23:00,2011-11-15 09:23:00,135.86,1,Low
16114,135.75000000000003,1,43,2011-06-22 10:13:00,2011-06-22 10:13:00,135.75000000000003,1,Low
15174,135.75,1,145,2011-01-21 09:06:00,2011-01-21 09:06:00,135.75,1,Low
16665,135.39999999999998,1,59,2010-12-12 14:03:00,2010-12-12 14:03:00,135.39999999999998,1,Low
17972,135.19,1,36,2011-04-12 12:16:00,2011-04-12 12:16:00,135.19,1,Low
13364,134.95999999999998,1,71,2011-09-29 18:13:00,2011-09-29 18:13:00,134.95999999999998,1,Low
16055,134.8,1,22,2011-05-03 09:26:00,2011-05-03 09:26:00,134.8,1,Low
14340,134.7,1,58,2011-05-05 09:44:00,2011-05-05 09:44:00,134.7,1,Low
15562,134.55,1,39,2010-12-23 09:55:00,2010-12-23 09:55:00,134.55,1,Low
14174,134.46,1,94,2011-11-06 13:17:00,2011-11-06 13:17:00,134.46,1,Low
12837,134.1,1,24,2011-06-19 16:07:00,2011-06-19 16:07:00,134.1,1,Low
14280,134.04,1,52,2011-05-27 10:37:00,2011-05-27 10:37:00,134.04,1,Low
16424,133.56,1,88,2011-06-01 13:40:00,2011-06-01 13:40:00,133.56,1,Low
14349,133.5,1,86,2011-11-29 15:39:00,2011-11-29 15:39:00,133.5,1,Low
12445,133.4,1,62,2011-11-17 18:43:00,2011-11-17 18:43:00,133.4,1,Low
17881,133.35000000000002,1,32,2011-02-08 17:16:00,2011-02-08 17:16:00,133.35000000000002,1,Low
15709,133.25,1,121,2011-03-01 10:38:00,2011-03-01 10:38:00,133.25,1,Low
17647,133.06,1,30,2011-10-05 15:38:00,2011-10-05 15:38:00,133.06,1,Low
12512,132.18,2,96,2011-10-04 14:53:00,2011-10-04 14:55:00,66.09,1,Low
17785,131.94,1,67,2011-10-17 13:43:00,2011-10-17 13:43:00,131.94,1,Low
14438,131.9,1,82,2011-02-06 14:56:00,2011-02-06 14:56:00,131.9,1,Low
12851,131.81,1,106,2011-09-04 12:41:00,2011-09-04 12:41:00,131.81,1,Low
17455,131.7,1,66,2011-05-20 12:31:00,2011-05-20 12:31:00,131.7,1,Low
14795,131.45000000000002,1,17,2011-06-26 13:04:00,2011-06-26 13:04:00,131.45000000000002,1,Low
15844,130.73999999999998,1,134,2011-10-24 15:19:00,2011-10-24 15:19:00,130.73999999999998,1,Low
16679,129.75,1,29,2010-12-08 13:51:00,2010-12-08 13:51:00,129.75,1,Low
16611,129.49,1,47,2011-06-06 15:46:00,2011-06-06 15:46:00,129.49,1,Low
16623,129.45,1,39,2011-04-08 10:09:00,2011-04-08 10:09:00,129.45,1,Low
15276,128.63,1,61,2011-10-04 16:39:00,2011-10-04 16:39:00,128.63,1,Low
16828,128.5,2,59,2011-08-19 13:24:00,2011-09-07 15:10:00,64.25,20,Low
17297,128.18,1,65,2011-11-22 14:43:00,2011-11-22 14:43:00,128.18,1,Low
17359,127.86,1,161,2011-11-28 14:37:00,2011-11-28 14:37:00,127.86,1,Low
15543,127.86,1,86,2011-02-24 15:26:00,2011-02-24 15:26:00,127.86,1,Low
13781,127.84,1,30,2011-04-03 12:08:00,2011-04-03 12:08:00,127.84,1,Low
15578,127.1,1,52,2011-06-30 13:03:00,2011-06-30 13:03:00,127.1,1,Low
15923,127.08,1,122,2010-12-02 12:16:00,2010-12-02 12:16:00,127.08,1,Low
14962,126.7,1,44,2011-03-14 09:42:00,2011-03-14 09:42:00,126.7,1,Low
16414,126.25,2,27,2011-03-04 13:27:00,2011-11-18 09:42:00,63.125,259,Low
15463,126.14,1,106,2011-11-10 12:57:00,2011-11-10 12:57:00,126.14,1,Low
16988,126.12,1,43,2011-12-04 16:02:00,2011-12-04 16:02:00,126.12,1,Low
12814,125.92,1,49,2011-08-30 12:11:00,2011-08-30 12:11:00,125.92,1,Low
13522,125.80000000000001,1,44,2011-11-09 15:11:00,2011-11-09 15:11:00,125.80000000000001,1,Low
14861,125.79,1,117,2011-10-18 12:54:00,2011-10-18 12:54:00,125.79,1,Low
14890,125.65,1,51,2011-03-31 11:57:00,2011-03-31 11:57:00,125.65,1,Low
15017,125.58,1,63,2011-11-06 10:33:00,2011-11-06 10:33:00,125.58,1,Low
12531,125.22,1,45,2011-11-25 11:12:00,2011-11-25 11:12:00,125.22,1,Low
17148,124.88,1,82,2011-10-19 09:59:00,2011-10-19 09:59:00,124.88,1,Low
16849,124.57,1,33,2011-06-06 09:16:00,2011-06-06 09:16:00,124.57,1,Low
16569,124.2,1,93,2011-12-06 15:32:00,2011-12-06 15:32:00,124.2,1,Low
14495,123.8,2,62,2011-08-10 14:13:00,2011-10-20 12:28:00,61.9,71,Low
16658,123.24,1,40,2010-12-06 13:47:00,2010-12-06 13:47:00,123.24,1,Low
15917,123.1,1,42,2011-04-06 10:40:00,2011-04-06 10:40:00,123.1,1,Low
13519,122.75,1,23,2011-09-22 18:24:00,2011-09-22 18:24:00,122.75,1,Low
13876,122.7,1,36,2011-10-07 10:22:00,2011-10-07 10:22:00,122.7,1,Low
13638,122.64,1,93,2011-11-24 10:38:00,2011-11-24 10:38:00,122.64,1,Low
16073,122.39999999999999,1,48,2011-02-15 15:41:00,2011-02-15 15:41:00,122.39999999999999,1,Low
18018,122.14,2,55,2011-05-24 13:22:00,2011-08-23 17:37:00,61.07,92,Low
13244,121.74000000000001,1,38,2011-09-08 11:46:00,2011-09-08 11:46:00,121.74000000000001,1,Low
13182,121.18,1,201,2011-10-25 13:46:00,2011-10-25 13:46:00,121.18,1,Low
15049,121.17000000000002,1,63,2011-03-11 12:13:00,2011-03-11 12:13:00,121.17000000000002,1,Low
14413,121.05,1,67,2010-12-12 13:37:00,2010-12-12 13:37:00,121.05,1,Low
15512,121.0,2,68,2010-12-15 12:01:00,2011-07-07 10:20:00,60.5,204,Low
13002,120.94999999999999,1,73,2011-01-25 15:18:00,2011-01-25 15:18:00,120.94999999999999,1,Low
17446,120.9,2,198,2011-02-02 14:40:00,2011-06-16 10:42:00,60.45,134,Low
14165,120.44,1,53,2011-03-09 12:39:00,2011-03-09 12:39:00,120.44,1,Low
18015,120.03,1,157,2011-12-05 14:49:00,2011-12-05 14:49:00,120.03,1,Low
14259,120.0,1,68,2011-07-21 10:44:00,2011-07-21 10:44:00,120.0,1,Low
14314,120.0,1,296,2011-08-25 10:39:00,2011-08-25 10:39:00,120.0,1,Low
14453,119.93,1,49,2011-06-02 14:15:00,2011-06-02 14:15:00,119.93,1,Low
16542,119.62,1,46,2011-10-17 10:47:00,2011-10-17 10:47:00,119.62,1,Low
15266,119.3,1,18,2011-01-05 13:40:00,2011-01-05 13:40:00,119.3,1,Low
16666,118.98,1,233,2011-11-20 14:01:00,2011-11-20 14:01:00,118.98,1,Low
15843,118.95000000000002,1,27,2011-02-09 10:19:00,2011-02-09 10:19:00,118.95000000000002,1,Low
17079,118.80000000000001,1,24,2011-09-22 15:34:00,2011-09-22 15:34:00,118.80000000000001,1,Low
14155,118.75,1,25,2011-03-18 14:13:00,2011-03-18 14:13:00,118.75,1,Low
14076,118.67,1,79,2011-08-02 15:19:00,2011-08-02 15:19:00,118.67,1,Low
13581,118.0,1,30,2011-02-03 14:41:00,2011-02-03 14:41:00,118.0,1,Low
12929,117.85,1,37,2011-02-01 12:08:00,2011-02-01 12:08:00,117.85,1,Low
17654,117.55,1,41,2011-03-07 13:17:00,2011-03-07 13:17:00,117.55,1,Low
16959,117.35000000000001,1,49,2011-09-13 15:03:00,2011-09-13 15:03:00,117.35000000000001,1,Low
13877,117.24,1,108,2011-09-14 15:49:00,2011-09-14 15:49:00,117.24,1,Low
17117,116.19999999999999,1,68,2011-02-24 13:54:00,2011-02-24 13:54:00,116.19999999999999,1,Low
17601,116.00999999999999,1,103,2011-04-14 18:02:00,2011-04-14 18:02:00,116.00999999999999,1,Low
14143,115.8,1,30,2011-07-29 09:48:00,2011-07-29 09:48:00,115.8,1,Low
15350,115.65,1,51,2010-12-01 13:33:00,2010-12-01 13:33:00,115.65,1,Low
13067,115.46000000000001,1,32,2011-09-18 13:38:00,2011-09-18 13:38:00,115.46000000000001,1,Low
18027,115.31,1,78,2011-09-02 10:38:00,2011-09-02 10:38:00,115.31,1,Low
14972,114.77,1,28,2011-08-03 14:54:00,2011-08-03 14:54:00,114.77,1,Low
13188,114.60000000000001,1,25,2011-11-28 15:28:00,2011-11-28 15:28:00,114.60000000000001,1,Low
14632,114.56,1,96,2011-03-22 08:49:00,2011-03-22 08:49:00,114.56,1,Low
16247,114.56,1,182,2011-06-22 14:23:00,2011-06-22 14:23:00,114.56,1,Low
17852,114.34,2,53,2011-11-28 12:31:00,2011-11-28 12:36:00,57.17,1,Low
17219,114.23,1,89,2011-11-08 11:25:00,2011-11-08 11:25:00,114.23,1,Low
14652,114.18,1,53,2011-09-23 14:21:00,2011-09-23 14:21:00,114.18,1,Low
12938,114.14,1,140,2011-11-14 11:21:00,2011-11-14 11:21:00,114.14,1,Low
14582,114.11,1,73,2011-10-30 11:56:00,2011-10-30 11:56:00,114.11,1,Low
12651,114.0,1,78,2011-01-09 12:46:00,2011-01-09 12:46:00,114.0,1,Low
14457,113.64,1,88,2011-02-02 09:39:00,2011-02-02 09:39:00,113.64,1,Low
15445,113.5,1,58,2011-03-20 15:06:00,2011-03-20 15:06:00,113.5,1,Low
17217,113.5,1,24,2011-04-19 17:19:00,2011-04-19 17:19:00,113.5,1,Low
18105,113.48000000000002,1,46,2011-11-02 12:04:00,2011-11-02 12:04:00,113.48000000000002,1,Low
16913,113.44,1,82,2011-02-22 12:56:00,2011-02-22 12:56:00,113.44,1,Low
15280,113.12,1,154,2011-06-20 17:14:00,2011-06-20 17:14:00,113.12,1,Low
14689,112.8,1,76,2011-05-15 11:22:00,2011-05-15 11:22:00,112.8,1,Low
13161,112.75,1,29,2011-01-30 14:03:00,2011-01-30 14:03:00,112.75,1,Low
16697,112.75,1,27,2011-04-12 17:12:00,2011-04-12 17:12:00,112.75,1,Low
13807,112.6,1,36,2010-12-07 15:48:00,2010-12-07 15:48:00,112.6,1,Low
18129,112.55000000000001,1,48,2011-04-10 14:16:00,2011-04-10 14:16:00,112.55000000000001,1,Low
15610,112.46000000000001,1,66,2011-10-19 10:36:00,2011-10-19 10:36:00,112.46000000000001,1,Low
17038,112.4,1,28,2011-11-09 13:50:00,2011-11-09 13:50:00,112.4,1,Low
14271,112.32,1,88,2011-04-28 12:47:00,2011-04-28 12:47:00,112.32,1,Low
17967,112.27,1,73,2010-12-03 11:19:00,2010-12-03 11:19:00,112.27,1,Low
17900,112.19999999999999,2,73,2011-06-02 14:28:00,2011-06-02 14:38:00,56.099999999999994,1,Low
13193,112.08,1,46,2011-10-09 14:30:00,2011-10-09 14:30:00,112.08,1,Low
12756,112.07999999999998,1,144,2011-09-14 09:31:00,2011-09-14 09:31:00,112.07999999999998,1,Low
17957,111.68,1,287,2011-10-04 14:58:00,2011-10-04 14:58:00,111.68,1,Low
17887,111.35,1,30,2011-08-02 17:29:00,2011-08-02 17:29:00,111.35,1,Low
18120,111.15,1,31,2011-05-09 13:45:00,2011-05-09 13:45:00,111.15,1,Low
13508,110.97,1,24,2011-04-10 11:58:00,2011-04-10 11:58:00,110.97,1,Low
13144,110.95,1,21,2011-01-11 11:15:00,2011-01-11 11:15:00,110.95,1,Low
15537,110.92,1,29,2011-06-29 13:10:00,2011-06-29 13:10:00,110.92,1,Low
15853,110.8,1,135,2011-10-19 10:38:00,2011-10-19 10:38:00,110.8,1,Low
16963,110.55000000000001,1,35,2011-06-05 13:48:00,2011-06-05 13:48:00,110.55000000000001,1,Low
14641,110.46,1,90,2011-11-18 10:42:00,2011-11-18 10:42:00,110.46,1,Low
12734,110.39999999999999,1,88,2010-12-22 12:47:00,2010-12-22 12:47:00,110.39999999999999,1,Low
16792,110.38000000000001,2,44,2011-03-02 14:39:00,2011-03-02 14:41:00,55.190000000000005,1,Low
17901,110.38,1,24,2011-11-10 17:29:00,2011-11-10 17:29:00,110.38,1,Low
18277,110.38,1,68,2011-10-12 15:22:00,2011-10-12 15:22:00,110.38,1,Low
17746,110.25,1,29,2011-04-13 14:31:00,2011-04-13 14:31:00,110.25,1,Low
17836,110.21000000000001,1,88,2011-10-23 16:13:00,2011-10-23 16:13:00,110.21000000000001,1,Low
13133,109.8,2,32,2011-02-08 15:48:00,2011-03-11 10:31:00,54.9,31,Low
16363,109.36000000000001,1,52,2011-10-17 14:14:00,2011-10-17 14:14:00,109.36000000000001,1,Low
14699,109.13000000000001,1,77,2011-05-09 14:54:00,2011-05-09 14:54:00,109.13000000000001,1,Low
14345,108.97999999999999,1,50,2011-11-01 09:51:00,2011-11-01 09:51:00,108.97999999999999,1,Low
13170,108.81,1,141,2011-11-13 12:19:00,2011-11-13 12:19:00,108.81,1,Low
17639,108.5,1,49,2011-03-08 15:22:00,2011-03-08 15:22:00,108.5,1,Low
16106,108.38,1,74,2011-10-05 10:37:00,2011-10-05 10:37:00,108.38,1,Low
13226,108.21000000000001,1,80,2011-03-11 14:35:00,2011-03-11 14:35:00,108.21000000000001,1,Low
12956,108.07,1,34,2011-02-06 16:08:00,2011-02-06 16:08:00,108.07,1,Low
14661,107.95,1,35,2011-11-13 11:51:00,2011-11-13 11:51:00,107.95,1,Low
17274,107.82,1,77,2011-11-04 13:16:00,2011-11-04 13:16:00,107.82,1,Low
16784,107.6,1,24,2011-11-20 12:20:00,2011-11-20 12:20:00,107.6,1,Low
15395,107.45,1,17,2011-01-18 12:40:00,2011-01-18 12:40:00,107.45,1,Low
17893,107.21,1,149,2011-04-28 13:50:00,2011-04-28 13:50:00,107.21,1,Low
16757,106.83000000000001,1,81,2011-01-25 11:59:00,2011-01-25 11:59:00,106.83000000000001,1,Low
15168,106.56,1,52,2011-11-14 11:26:00,2011-11-14 11:26:00,106.56,1,Low
15070,106.2,1,36,2010-12-02 11:23:00,2010-12-02 11:23:00,106.2,1,Low
17791,106.1,1,46,2011-11-10 12:09:00,2011-11-10 12:09:00,106.1,1,Low
16581,105.84,1,134,2011-06-10 10:05:00,2011-06-10 10:05:00,105.84,1,Low
15775,104.9,1,68,2011-04-08 12:56:00,2011-04-08 12:56:00,104.9,1,Low
14027,104.82,1,62,2011-10-10 09:01:00,2011-10-10 09:01:00,104.82,1,Low
15607,104.76,1,202,2011-01-07 12:44:00,2011-01-07 12:44:00,104.76,1,Low
15958,104.35,1,33,2011-09-26 13:41:00,2011-09-26 13:41:00,104.35,1,Low
18174,104.0,1,50,2011-12-02 16:56:00,2011-12-02 16:56:00,104.0,1,Low
17548,103.3,1,58,2011-04-20 12:01:00,2011-04-20 12:01:00,103.3,1,Low
18255,103.3,1,74,2011-09-11 13:16:00,2011-09-11 13:16:00,103.3,1,Low
14542,103.25,1,19,2011-06-07 08:19:00,2011-06-07 08:19:00,103.25,1,Low
18011,102.78999999999999,1,71,2010-12-01 17:35:00,2010-12-01 17:35:00,102.78999999999999,1,Low
14836,102.44999999999999,3,45,2011-11-09 13:26:00,2011-11-29 16:45:00,34.15,21,Low
17962,102.41,1,127,2011-07-20 14:16:00,2011-07-20 14:16:00,102.41,1,Low
14981,102.12,1,97,2011-04-07 13:45:00,2011-04-07 13:45:00,102.12,1,Low
13948,102.0,1,40,2010-12-14 10:18:00,2010-12-14 10:18:00,102.0,1,Low
15212,101.8,1,36,2011-04-12 13:45:00,2011-04-12 13:45:00,101.8,1,Low
16516,101.69999999999999,1,58,2011-11-09 14:59:00,2011-11-09 14:59:00,101.69999999999999,1,Low
18068,101.69999999999999,1,6,2011-02-23 14:50:00,2011-02-23 14:50:00,101.69999999999999,1,Low
17643,101.55,1,71,2010-12-01 14:38:00,2010-12-01 14:38:00,101.55,1,Low
16006,101.4,1,84,2011-05-12 13:12:00,2011-05-12 13:12:00,101.4,1,Low
18086,101.34,1,106,2011-03-10 13:34:00,2011-03-10 13:34:00,101.34,1,Low
13101,101.19,1,113,2011-04-19 14:37:00,2011-04-19 14:37:00,101.19,1,Low
16344,101.10000000000001,1,18,2011-07-04 15:50:00,2011-07-04 15:50:00,101.10000000000001,1,Low
16498,100.97,2,45,2011-06-30 19:52:00,2011-07-01 15:07:00,50.485,1,Low
14946,100.9,1,22,2011-11-25 13:33:00,2011-11-25 13:33:00,100.9,1,Low
17427,100.8,1,34,2011-09-29 11:29:00,2011-09-29 11:29:00,100.8,1,Low
14371,100.5,1,34,2011-02-17 16:35:00,2011-02-17 16:35:00,100.5,1,Low
13703,99.5,1,10,2011-01-25 13:10:00,2011-01-25 13:10:00,99.5,1,Low
17939,99.14,1,40,2011-07-03 12:27:00,2011-07-03 12:27:00,99.14,1,Low
15256,98.45,1,55,2011-07-14 11:47:00,2011-07-14 11:47:00,98.45,1,Low
17538,98.42,1,134,2011-11-14 12:12:00,2011-11-14 12:12:00,98.42,1,Low
17349,98.25,1,102,2011-06-13 14:29:00,2011-06-13 14:29:00,98.25,1,Low
15422,97.7,2,38,2011-01-20 14:17:00,2011-01-20 16:17:00,48.85,1,Low
12984,97.5,1,26,2011-11-21 12:37:00,2011-11-21 12:37:00,97.5,1,Low
17325,96.8,1,60,2011-03-04 13:09:00,2011-03-04 13:09:00,96.8,1,Low
15216,96.6,1,28,2011-09-13 11:41:00,2011-09-13 11:41:00,96.6,1,Low
14642,96.12,1,76,2011-10-12 11:08:00,2011-10-12 11:08:00,96.12,1,Low
17024,95.85,3,69,2011-07-05 09:31:00,2011-10-25 13:47:00,31.95,113,Low
17895,95.45,1,127,2011-10-26 17:00:00,2011-10-26 17:00:00,95.45,1,Low
18249,95.34,1,128,2011-11-22 15:07:00,2011-11-22 15:07:00,95.34,1,Low
12548,95.19999999999999,1,49,2011-06-26 15:35:00,2011-06-26 15:35:00,95.19999999999999,1,Low
16387,94.36,1,44,2011-01-21 11:34:00,2011-01-21 11:34:00,94.36,1,Low
13651,94.2,2,33,2011-10-31 12:11:00,2011-11-04 14:59:00,47.1,5,Low
16339,94.05,1,21,2011-02-28 13:41:00,2011-02-28 13:41:00,94.05,1,Low
15397,94.0,1,20,2011-02-23 09:25:00,2011-02-23 09:25:00,94.0,1,Low
18033,93.82000000000001,1,252,2011-10-05 17:28:00,2011-10-05 17:28:00,93.82000000000001,1,Low
15428,93.78,1,102,2011-11-24 16:54:00,2011-11-24 16:54:00,93.78,1,Low
18227,93.75,1,21,2011-05-06 12:23:00,2011-05-06 12:23:00,93.75,1,Low
13283,93.66,2,90,2011-06-07 12:39:00,2011-10-11 09:50:00,46.83,126,Low
17991,93.35,2,25,2011-04-27 16:39:00,2011-04-28 15:58:00,46.675,1,Low
12821,92.72,1,70,2011-05-09 15:51:00,2011-05-09 15:51:00,92.72,1,Low
14054,92.46,1,62,2011-10-05 15:49:00,2011-10-05 15:49:00,92.46,1,Low
12789,91.85,1,4,2011-10-05 13:34:00,2011-10-05 13:34:00,91.85,1,Low
13551,91.80000000000001,1,12,2011-01-24 14:46:00,2011-01-24 14:46:00,91.80000000000001,1,Low
13160,91.8,1,56,2011-11-17 13:07:00,2011-11-17 13:07:00,91.8,1,Low
12659,91.68,1,105,2011-11-10 11:53:00,2011-11-10 11:53:00,91.68,1,Low
15488,91.32000000000001,1,73,2011-09-08 10:11:00,2011-09-08 10:11:00,91.32000000000001,1,Low
14353,90.6,1,64,2011-05-08 16:06:00,2011-05-08 16:06:00,90.6,1,Low
13947,90.6,1,44,2011-10-05 14:42:00,2011-10-05 14:42:00,90.6,1,Low
18084,90.47999999999999,1,312,2011-11-23 13:57:00,2011-11-23 13:57:00,90.47999999999999,1,Low
16506,90.30000000000001,2,42,2011-10-30 15:50:00,2011-11-20 12:17:00,45.150000000000006,21,Low
15552,90.12,1,60,2011-05-06 14:47:00,2011-05-06 14:47:00,90.12,1,Low
16597,90.04,1,184,2011-12-05 15:44:00,2011-12-05 15:44:00,90.04,1,Low
14117,90.0,1,72,2011-07-19 09:49:00,2011-07-19 09:49:00,90.0,1,Low
14974,89.94,1,37,2011-11-02 13:01:00,2011-11-02 13:01:00,89.94,1,Low
14219,89.94,1,78,2011-12-05 16:23:00,2011-12-05 16:23:00,89.94,1,Low
14760,89.2,1,40,2011-02-15 16:27:00,2011-02-15 16:27:00,89.2,1,Low
12686,89.14,1,107,2010-12-03 09:51:00,2010-12-03 09:51:00,89.14,1,Low
14436,89.06,1,129,2011-09-02 10:13:00,2011-09-02 10:13:00,89.06,1,Low
12353,89.0,1,20,2011-05-19 17:47:00,2011-05-19 17:47:00,89.0,1,Low
15083,88.2,1,38,2011-03-28 12:18:00,2011-03-28 12:18:00,88.2,1,Low
15180,87.5,1,36,2010-12-07 14:57:00,2010-12-07 14:57:00,87.5,1,Low
13296,87.4,1,78,2011-07-25 13:46:00,2011-07-25 13:46:00,87.4,1,Low
15541,85.13000000000001,1,49,2011-08-17 14:58:00,2011-08-17 14:58:00,85.13000000000001,1,Low
13841,85.0,1,100,2011-04-01 12:10:00,2011-04-01 12:10:00,85.0,1,Low
15729,85.0,1,28,2011-05-11 12:36:00,2011-05-11 12:36:00,85.0,1,Low
13666,84.65,3,41,2011-02-25 13:05:00,2011-10-10 15:39:00,28.21666666666667,228,Low
12401,84.3,1,11,2011-02-09 13:50:00,2011-02-09 13:50:00,84.3,1,Low
17309,82.75,1,41,2011-09-05 15:20:00,2011-09-05 15:20:00,82.75,1,Low
13006,81.57,1,55,2011-10-14 13:49:00,2011-10-14 13:49:00,81.57,1,Low
17620,81.44,1,60,2011-10-11 12:08:00,2011-10-11 12:08:00,81.44,1,Low
18281,80.82,1,54,2011-06-12 10:53:00,2011-06-12 10:53:00,80.82,1,Low
16789,80.8,1,32,2011-12-01 15:12:00,2011-12-01 15:12:00,80.8,1,Low
13967,80.7,1,42,2011-07-17 12:02:00,2011-07-17 12:02:00,80.7,1,Low
17752,80.64,1,192,2010-12-15 16:19:00,2010-12-15 16:19:00,80.64,1,Low
13747,79.6,1,8,2010-12-01 10:37:00,2010-12-01 10:37:00,79.6,1,Low
15753,79.2,1,144,2011-02-08 12:41:00,2011-02-08 12:41:00,79.2,1,Low
16078,79.2,1,16,2011-03-01 09:47:00,2011-03-01 09:47:00,79.2,1,Low
17942,77.50000000000001,1,38,2011-12-02 10:45:00,2011-12-02 10:45:00,77.50000000000001,1,Low
14785,77.4,2,84,2011-11-24 13:40:00,2011-11-29 13:21:00,38.7,5,Low
13132,77.3,1,20,2011-03-23 12:44:00,2011-03-23 12:44:00,77.3,1,Low
13992,76.8,1,64,2011-11-09 15:23:00,2011-11-09 15:23:00,76.8,1,Low
14373,76.55,1,17,2010-12-16 15:40:00,2010-12-16 15:40:00,76.55,1,Low
13106,76.5,1,18,2011-07-29 15:12:00,2011-07-29 15:12:00,76.5,1,Low
17536,76.5,1,6,2011-06-15 13:23:00,2011-06-15 13:23:00,76.5,1,Low
15668,76.32000000000001,1,72,2011-05-06 10:39:00,2011-05-06 10:39:00,76.32000000000001,1,Low
18113,76.32000000000001,1,72,2010-12-06 12:31:00,2010-12-06 12:31:00,76.32000000000001,1,Low
16148,76.32000000000001,1,72,2011-02-16 14:01:00,2011-02-16 14:01:00,76.32000000000001,1,Low
14090,76.32000000000001,1,72,2011-01-19 10:51:00,2011-01-19 10:51:00,76.32000000000001,1,Low
17995,76.1,1,133,2011-03-03 12:30:00,2011-03-03 12:30:00,76.1,1,Low
17628,75.75,1,79,2011-09-19 15:21:00,2011-09-19 15:21:00,75.75,1,Low
16610,75.66,1,66,2011-05-04 13:13:00,2011-05-04 13:13:00,75.66,1,Low
13403,75.0,1,44,2011-11-22 08:28:00,2011-11-22 08:28:00,75.0,1,Low
16468,74.9,1,31,2011-09-26 14:13:00,2011-09-26 14:13:00,74.9,1,Low
18050,74.4,1,40,2010-12-15 14:25:00,2010-12-15 14:25:00,74.4,1,Low
13095,74.39999999999999,1,144,2011-09-30 12:03:00,2011-09-30 12:03:00,74.39999999999999,1,Low
17960,73.78,1,41,2011-06-21 14:15:00,2011-06-21 14:15:00,73.78,1,Low
12506,73.5,1,23,2011-04-21 08:54:00,2011-04-21 08:54:00,73.5,1,Low
18032,73.5,1,42,2011-01-09 15:32:00,2011-01-09 15:32:00,73.5,1,Low
16171,73.2,1,24,2011-10-11 14:51:00,2011-10-11 14:51:00,73.2,1,Low
17906,72.9,1,26,2011-04-06 17:25:00,2011-04-06 17:25:00,72.9,1,Low
13686,72.0,1,70,2011-06-10 09:10:00,2011-06-10 09:10:00,72.0,1,Low
13938,71.66,1,70,2011-11-04 14:37:00,2011-11-04 14:37:00,71.66,1,Low
17747,71.4,1,12,2011-08-19 08:13:00,2011-08-19 08:13:00,71.4,1,Low
13185,71.4,1,12,2011-03-17 11:56:00,2011-03-17 11:56:00,71.4,1,Low
17022,71.0,1,108,2011-11-08 17:09:00,2011-11-08 17:09:00,71.0,1,Low
18037,70.02,6,20,2010-12-12 16:20:00,2011-07-08 13:39:00,11.67,208,Low
15863,68.84,2,19,2011-05-31 11:36:00,2011-11-14 12:49:00,34.42,168,Low
14393,67.95,1,13,2011-05-05 18:16:00,2011-05-05 18:16:00,67.95,1,Low
17382,65.4,1,25,2011-10-05 13:05:00,2011-10-05 13:05:00,65.4,1,Low
13684,65.13,1,38,2011-02-27 10:13:00,2011-02-27 10:13:00,65.13,1,Low
13130,64.0,1,32,2011-09-06 15:30:00,2011-09-06 15:30:00,64.0,1,Low
13302,63.75,1,5,2011-07-07 17:56:00,2011-07-07 17:56:00,63.75,1,Low
17263,63.440000000000005,1,36,2011-05-15 14:32:00,2011-05-15 14:32:00,63.440000000000005,1,Low
14437,63.0,1,60,2010-12-09 09:27:00,2010-12-09 09:27:00,63.0,1,Low
12665,63.0,1,37,2011-01-19 08:34:00,2011-01-19 08:34:00,63.0,1,Low
14840,62.85,1,31,2011-03-17 12:00:00,2011-03-17 12:00:00,62.85,1,Low
13218,62.63999999999999,1,88,2011-08-04 16:59:00,2011-08-04 16:59:00,62.63999999999999,1,Low
15516,62.43,3,27,2011-10-24 11:33:00,2011-10-26 10:51:00,20.81,2,Low
13194,60.7,1,26,2011-07-27 09:01:00,2011-07-27 09:01:00,60.7,1,Low
17174,59.9,1,41,2011-05-06 11:47:00,2011-05-06 11:47:00,59.9,1,Low
13391,59.8,1,4,2011-05-20 10:50:00,2011-05-20 10:50:00,59.8,1,Low
13682,59.5,1,10,2011-06-05 14:06:00,2011-06-05 14:06:00,59.5,1,Low
14957,58.49,1,34,2011-03-31 17:59:00,2011-03-31 17:59:00,58.49,1,Low
13080,58.08,1,120,2011-06-13 14:59:00,2011-06-13 14:59:00,58.08,1,Low
17775,56.4,1,72,2011-03-30 10:50:00,2011-03-30 10:50:00,56.4,1,Low
15899,56.25,1,39,2010-12-06 10:36:00,2010-12-06 10:36:00,56.25,1,Low
13366,56.160000000000004,1,144,2011-10-20 13:37:00,2011-10-20 13:37:00,56.160000000000004,1,Low
16349,53.5,1,9,2011-02-22 12:40:00,2011-02-22 12:40:00,53.5,1,Low
15504,52.83,1,33,2011-09-19 13:45:00,2011-09-19 13:45:00,52.83,1,Low
14865,52.2,2,108,2010-12-02 18:23:00,2011-12-02 16:25:00,26.1,365,Low
13832,52.199999999999996,1,28,2011-11-20 15:36:00,2011-11-20 15:36:00,52.199999999999996,1,Low
15313,52.0,1,25,2011-08-21 16:02:00,2011-08-21 16:02:00,52.0,1,Low
14682,52.0,2,80,2011-05-22 12:51:00,2011-06-05 12:12:00,26.0,14,Low
17844,51.559999999999995,1,52,2011-08-25 11:27:00,2011-08-25 11:27:00,51.559999999999995,1,Low
14351,51.0,1,12,2011-06-28 11:56:00,2011-06-28 11:56:00,51.0,1,Low
13011,50.550000000000004,1,13,2010-12-02 17:22:00,2010-12-02 17:22:00,50.550000000000004,1,Low
18184,49.8,1,60,2011-11-24 15:28:00,2011-11-24 15:28:00,49.8,1,Low
14821,48.800000000000004,1,20,2010-12-08 08:43:00,2010-12-08 08:43:00,48.800000000000004,1,Low
15603,48.480000000000004,1,96,2011-09-22 10:04:00,2011-09-22 10:04:00,48.480000000000004,1,Low
16257,46.95,1,2,2011-06-16 10:11:00,2011-06-16 10:11:00,46.95,1,Low
14080,45.599999999999994,1,48,2011-11-07 11:09:00,2011-11-07 11:09:00,45.599999999999994,1,Low
15423,43.5,1,101,2011-11-01 14:01:00,2011-11-01 14:01:00,43.5,1,Low
14300,43.2,1,32,2011-11-21 08:57:00,2011-11-21 08:57:00,43.2,1,Low
15992,41.989999999999995,1,17,2011-12-06 11:00:00,2011-12-06 11:00:00,41.989999999999995,1,Low
15178,40.5,1,30,2011-03-24 15:12:00,2011-03-24 15:12:00,40.5,1,Low
14589,39.75,1,5,2010-12-03 11:42:00,2010-12-03 11:42:00,39.75,1,Low
12977,39.239999999999995,1,12,2011-07-06 16:40:00,2011-07-06 16:40:00,39.239999999999995,1,Low
16659,39.12,1,72,2011-06-03 15:03:00,2011-06-03 15:03:00,39.12,1,Low
18019,38.45,1,7,2011-10-19 12:10:00,2011-10-19 12:10:00,38.45,1,Low
12855,38.1,1,30,2010-12-02 09:37:00,2010-12-02 09:37:00,38.1,1,Low
16162,37.4,1,4,2011-04-01 15:03:00,2011-04-01 15:03:00,37.4,1,Low
17816,36.56,4,30,2010-12-09 14:10:00,2011-11-03 11:34:00,9.14,329,Low
15940,35.8,1,4,2011-02-01 16:18:00,2011-02-01 16:18:00,35.8,1,Low
17831,35.400000000000006,1,12,2011-11-06 15:09:00,2011-11-06 15:09:00,35.400000000000006,1,Low
16856,35.400000000000006,1,12,2011-11-25 08:59:00,2011-11-25 08:59:00,35.400000000000006,1,Low
14576,35.400000000000006,1,12,2010-12-02 17:51:00,2010-12-02 17:51:00,35.400000000000006,1,Low
15744,34.8,1,120,2011-09-23 09:52:00,2011-09-23 09:52:00,34.8,1,Low
16765,34.0,1,4,2011-02-18 15:41:00,2011-02-18 15:41:00,34.0,1,Low
17408,32.65,1,3,2011-06-29 12:53:00,2011-06-29 12:53:00,32.65,1,Low
13120,30.599999999999998,1,12,2011-04-15 10:19:00,2011-04-15 10:19:00,30.599999999999998,1,Low
15657,30.0,1,24,2011-11-17 12:19:00,2011-11-17 12:19:00,30.0,1,Low
18268,25.5,1,2,2011-07-28 19:13:00,2011-07-28 19:13:00,25.5,1,Low
17102,25.5,1,2,2011-03-23 10:08:00,2011-03-23 10:08:00,25.5,1,Low
16953,20.8,1,10,2011-11-09 15:54:00,2011-11-09 15:54:00,20.8,1,Low
17986,20.8,1,10,2011-10-14 14:22:00,2011-10-14 14:22:00,20.8,1,Low
16093,17.0,1,20,2011-08-25 11:09:00,2011-08-25 11:09:00,17.0,1,Low
13307,15.0,1,4,2011-08-11 17:14:00,2011-08-11 17:14:00,15.0,1,Low
15823,15.0,1,1,2010-12-02 15:08:00,2010-12-02 15:08:00,15.0,1,Low
17763,15.0,1,12,2011-03-21 14:25:00,2011-03-21 14:25:00,15.0,1,Low
16878,13.3,1,12,2011-09-16 17:39:00,2011-09-16 17:39:00,13.3,1,Low
17956,12.75,1,1,2011-04-04 13:47:00,2011-04-04 13:47:00,12.75,1,Low
16454,6.9,2,3,2011-10-06 16:57:00,2011-10-26 11:40:00,3.45,20,Low
14792,6.2,1,2,2011-10-07 09:19:00,2011-10-07 09:19:00,6.2,1,Low
16738,3.75,1,3,2011-02-15 09:46:00,2011-02-15 09:46:00,3.75,1,Low
