invoice_no,invoice_date,invoice_month,country,market_group,day_type,invoice_total,total_units,distinct_items,customer_id,invoice_value_zscore,is_high_value_outlier_iqr,is_high_value_outlier_zscore
581483,2011-12-09 09:15:00,2011-12,United Kingdom,United Kingdom,Weekday,168469.6,80995,1,16446,94.3268232157603,True,True
541431,2011-01-18 10:01:00,2011-01,United Kingdom,United Kingdom,Weekday,77183.6,74215,1,12346,43.05314495147982,True,True
574941,2011-11-07 17:42:00,2011-11,United Kingdom,United Kingdom,Weekday,52940.94,14149,101,,29.436485780190225,True,True
576365,2011-11-14 17:55:00,2011-11,United Kingdom,United Kingdom,Weekday,50653.91,13956,99,,28.151902816748326,True,True
556444,2011-06-10 15:28:00,2011-06,United Kingdom,United Kingdom,Weekday,38970.0,60,1,15098,21.589264052766886,True,True
567423,2011-09-20 11:05:00,2011-09,United Kingdom,United Kingdom,Weekday,31698.159999999996,12572,12,17450,17.504804392475876,True,True
556917,2011-06-15 13:37:00,2011-06,Australia,International,Weekday,22775.93,15049,138,12415,12.493350824350301,True,True
572209,2011-10-21 12:08:00,2011-10,United Kingdom,United Kingdom,Weekday,22206.0,1920,7,18102,12.173231556848588,True,True
567381,2011-09-20 10:12:00,2011-09,United Kingdom,United Kingdom,Weekday,22104.8,6760,12,17450,12.116389365928347,True,True
563614,2011-08-18 08:51:00,2011-08,Australia,International,Weekday,21880.44,12196,97,12415,11.990370453330861,True,True
548203,2011-03-29 16:40:00,2011-03,United Kingdom,United Kingdom,Weekday,21627.72,5964,139,,11.848422246914227,True,True
550461,2011-04-18 13:20:00,2011-04,United Kingdom,United Kingdom,Weekday,21535.9,9014,5,15749,11.796848630606949,True,True
572035,2011-10-20 12:03:00,2011-10,Netherlands,International,Weekday,20277.92,13392,125,14646,11.090264249837722,True,True
563076,2011-08-11 16:12:00,2011-08,Netherlands,International,Weekday,19150.66,14730,119,14646,10.457102904612903,True,True
562439,2011-08-04 18:06:00,2011-08,United Kingdom,United Kingdom,Weekday,18841.48,11848,22,12931,10.283442147807367,True,True
539750,2010-12-21 15:40:00,2010-12,United Kingdom,United Kingdom,Weekday,18745.86,2853,153,,10.229734140931937,True,True
573585,2011-10-31 14:41:00,2011-10,United Kingdom,United Kingdom,Weekday,16874.579999999998,5198,1110,,9.178670356097648,True,True
541220,2011-01-14 14:11:00,2011-01,EIRE,International,Weekday,16774.72,6198,41,14156,9.122580818693544,True,True
545475,2011-03-03 10:59:00,2011-03,Australia,International,Weekday,16726.84,10272,82,12415,9.095687497534836,True,True
562955,2011-08-11 10:14:00,2011-08,United Kingdom,United Kingdom,Weekday,16677.260000000002,2501,353,,9.067839317437747,True,True
556255,2011-06-09 17:27:00,2011-06,United Kingdom,United Kingdom,Weekday,16488.0,3600,12,18102,8.961535433509239,True,True
537659,2010-12-07 16:43:00,2010-12,United Kingdom,United Kingdom,Weekday,15885.49,3689,9,18102,8.62311657529427,True,True
548011,2011-03-29 11:14:00,2011-03,Netherlands,International,Weekday,15719.56,11116,89,14646,8.529916726090754,True,True
569650,2011-10-05 12:44:00,2011-10,Australia,International,Weekday,15643.77,6895,81,12415,8.487346867890704,True,True
540815,2011-01-11 12:55:00,2011-01,United Kingdom,United Kingdom,Weekday,15160.900000000001,7044,3,15749,8.216127611668798,True,True
552883,2011-05-12 10:13:00,2011-05,Netherlands,International,Weekday,14415.74,12266,92,14646,7.797584854888882,True,True
543989,2011-02-15 09:52:00,2011-02,Australia,International,Weekday,14022.92,8384,69,12415,7.576945038314877,True,True
569570,2011-10-05 10:06:00,2011-10,United Kingdom,United Kingdom,Weekday,13760.02,7020,25,16684,7.42927891190251,True,True
537632,2010-12-07 15:08:00,2010-12,United Kingdom,United Kingdom,Weekday,13541.33,1,1,,7.306444734705398,True,True
561901,2011-07-31 15:42:00,2011-07,EIRE,International,Weekend,13464.26,5246,19,14156,7.263155923892918,True,True
558526,2011-06-30 11:01:00,2011-06,United Kingdom,United Kingdom,Weekday,13355.4,4332,8,17949,7.2020112509326655,True,True
566934,2011-09-15 15:34:00,2011-09,United Kingdom,United Kingdom,Weekday,13249.94,2893,8,18102,7.142776295849181,True,True
563590,2011-08-17 20:02:00,2011-08,United Kingdom,United Kingdom,Weekday,13031.5,4878,18,17450,7.020082539084185,True,True
540689,2011-01-11 08:43:00,2011-01,United Kingdom,United Kingdom,Weekday,12797.52,4510,4,17450,6.8886602482589065,True,True
538877,2010-12-14 15:29:00,2010-12,United Kingdom,United Kingdom,Weekday,12681.58,2150,148,,6.823538868661151,True,True
538351,2010-12-10 15:17:00,2010-12,United Kingdom,United Kingdom,Weekday,12633.67,2229,140,,6.79662869705059,True,True
562789,2011-08-09 13:50:00,2011-08,Netherlands,International,Weekday,12341.21,7807,96,14646,6.632359258744919,True,True
544479,2011-02-21 10:28:00,2011-02,Netherlands,International,Weekday,11956.1,8174,76,14646,6.416050008297347,True,True
553546,2011-05-17 15:42:00,2011-05,Australia,International,Weekday,11924.800000000001,8268,73,12415,6.398469370196522,True,True
537640,2010-12-07 15:31:00,2010-12,United Kingdom,United Kingdom,Weekday,11540.34,2200,148,,6.182525212872449,True,True
547708,2011-03-24 18:34:00,2011-03,United Kingdom,United Kingdom,Weekday,11343.199999999999,4168,13,17450,6.07179527692367,True,True
560445,2011-07-19 09:08:00,2011-07,EIRE,International,Weekday,11134.34,5726,60,14156,5.954482431117329,True,True
A563185,2011-08-12 14:50:00,2011-08,United Kingdom,United Kingdom,Weekday,11062.06,1,1,,5.913884075784176,True,True
555920,2011-06-07 16:35:00,2011-06,United Kingdom,United Kingdom,Weekday,10999.52,2274,12,18102,5.878756500486233,True,True
569815,2011-10-06 11:53:00,2011-10,United Kingdom,United Kingdom,Weekday,10992.96,6016,21,15838,5.875071868347528,True,True
581175,2011-12-07 15:16:00,2011-12,Netherlands,International,Weekday,10901.539999999999,7366,77,14646,5.823722924731634,True,True
536982,2010-12-03 14:27:00,2010-12,United Kingdom,United Kingdom,Weekday,10661.69,1834,145,,5.689003562160291,True,True
578305,2011-11-23 15:44:00,2011-11,United Kingdom,United Kingdom,Weekday,10584.77,2111,132,14088,5.64579900360708,True,True
541206,2011-01-14 12:24:00,2011-01,Netherlands,International,Weekday,10389.06,8210,79,14646,5.535872272529999,True,True
581457,2011-12-08 18:43:00,2011-12,United Kingdom,United Kingdom,Weekday,10363.82,2414,11,18102,5.521695425703647,True,True
561633,2011-07-28 14:33:00,2011-07,United Kingdom,United Kingdom,Weekday,10303.95,2565,8,17949,5.488067540620694,True,True
567280,2011-09-19 11:46:00,2011-09,Netherlands,International,Weekday,10267.88,6932,66,14646,5.467807680675109,True,True
558262,2011-06-28 08:45:00,2011-06,Netherlands,International,Weekday,10174.94,8998,72,14646,5.415604980831955,True,True
546789,2011-03-17 10:17:00,2011-03,United Kingdom,United Kingdom,Weekday,10065.0,6100,9,15769,5.353853691604964,True,True
537657,2010-12-07 16:42:00,2010-12,United Kingdom,United Kingdom,Weekday,9639.12,2790,5,18102,5.114644677088043,True,True
554366,2011-05-24 10:24:00,2011-05,United Kingdom,United Kingdom,Weekday,9468.48,3084,4,17450,5.018799306943476,True,True
563074,2011-08-11 15:58:00,2011-08,United Kingdom,United Kingdom,Weekday,9349.72,6098,22,12931,4.952093984871461,True,True
552978,2011-05-12 14:46:00,2011-05,Germany,International,Weekday,9341.26,4282,67,12590,4.947342157448682,True,True
580729,2011-12-05 17:24:00,2011-12,United Kingdom,United Kingdom,Weekday,9020.83,2456,721,,4.767362481197961,True,True
554827,2011-05-26 15:19:00,2011-05,Netherlands,International,Weekday,8980.88,4664,50,14646,4.744923296145948,True,True
580727,2011-12-05 17:17:00,2011-12,United Kingdom,United Kingdom,Weekday,8935.98,2193,525,14096,4.719703786538054,True,True
556726,2011-06-14 11:31:00,2011-06,United Kingdom,United Kingdom,Weekday,8915.52,2096,9,18102,4.708211778373745,True,True
573153,2011-10-28 07:39:00,2011-10,France,International,Weekday,8895.76,5205,61,12678,4.697112947419358,True,True
553368,2011-05-16 14:24:00,2011-05,United Kingdom,United Kingdom,Weekday,8895.66,1787,17,18102,4.697056779246512,True,True
560580,2011-07-19 15:23:00,2011-07,United Kingdom,United Kingdom,Weekday,8801.51,2565,84,14088,4.644174444511919,True,True
558475,2011-06-29 15:58:00,2011-06,United Kingdom,United Kingdom,Weekday,8705.89,4137,704,,4.590466437636489,True,True
539731,2010-12-21 15:05:00,2010-12,Netherlands,International,Weekday,8520.92,6668,54,14646,4.486572168323079,True,True
576339,2011-11-14 15:27:00,2011-11,United Kingdom,United Kingdom,Weekday,8425.539999999999,2175,541,14096,4.432998965062479,True,True
581105,2011-12-07 12:14:00,2011-12,United Kingdom,United Kingdom,Weekday,8345.2,4340,7,16000,4.387873454997933,True,True
566557,2011-09-13 11:47:00,2011-09,Netherlands,International,Weekday,8281.12,4951,57,14646,4.351880889838159,True,True
537434,2010-12-06 16:57:00,2010-12,United Kingdom,United Kingdom,Weekday,8223.4,1869,674,,4.319460620471396,True,True
581219,2011-12-08 09:28:00,2011-12,United Kingdom,United Kingdom,Weekday,8159.03,2151,749,,4.283305167610369,True,True
551697,2011-05-03 13:46:00,2011-05,United Kingdom,United Kingdom,Weekday,8142.75,1,1,16029,4.274160989071026,True,True
571281,2011-10-16 13:23:00,2011-10,United Kingdom,United Kingdom,Weekend,8132.31,1624,96,14088,4.268297031825894,True,True
578149,2011-11-23 11:11:00,2011-11,United Kingdom,United Kingdom,Weekday,8124.25,1008,282,,4.263769877094499,True,True
575508,2011-11-10 10:32:00,2011-11,Netherlands,International,Weekday,8111.2,6712,53,14646,4.256439930538084,True,True
579196,2011-11-28 15:54:00,2011-11,United Kingdom,United Kingdom,Weekday,8107.72,2106,529,14096,4.254485278123041,True,True
541711,2011-01-21 11:18:00,2011-01,Netherlands,International,Weekday,8060.3,5730,106,14646,4.227850330559426,True,True
578140,2011-11-23 10:58:00,2011-11,Netherlands,International,Weekday,7952.68,5760,42,14646,4.167402142942465,True,True
540818,2011-01-11 12:57:00,2011-01,United Kingdom,United Kingdom,Weekday,7837.5,1970,2,15749,4.10270764145834,True,True
570557,2011-10-11 11:15:00,2011-10,United Kingdom,United Kingdom,Weekday,7810.5599999999995,4176,8,16029,4.087575935693604,True,True
558775,2011-07-04 10:20:00,2011-07,United Kingdom,United Kingdom,Weekday,7786.0,1700,6,18102,4.0737810324426045,True,True
541570,2011-01-19 12:34:00,2011-01,Netherlands,International,Weekday,7722.04,6072,33,14646,4.037855869090246,True,True
581492,2011-12-09 10:03:00,2011-12,United Kingdom,United Kingdom,Weekday,7689.23,2011,731,,4.019427091579444,True,True
537240,2010-12-06 10:08:00,2010-12,United Kingdom,United Kingdom,Weekday,7660.4800000000005,1811,568,,4.003278741886194,True,True
570097,2011-10-07 12:05:00,2011-10,United Kingdom,United Kingdom,Weekday,7630.5599999999995,4176,8,16029,3.986473224570644,True,True
580610,2011-12-05 11:48:00,2011-12,United Kingdom,United Kingdom,Weekday,7574.48,948,271,,3.9549741132385576,True,True
541789,2011-01-21 13:07:00,2011-01,United Kingdom,United Kingdom,Weekday,7544.91,1927,93,14088,3.9383651845279695,True,True
578833,2011-11-25 15:23:00,2011-11,United Kingdom,United Kingdom,Weekday,7483.83,913,247,,3.9040576645535783,True,True
574295,2011-11-03 15:47:00,2011-11,United Kingdom,United Kingdom,Weekday,7427.32,1952,21,17389,3.8723170300782535,True,True
572196,2011-10-21 11:54:00,2011-10,United Kingdom,United Kingdom,Weekday,7398.54,2782,16,18102,3.8561518299331494,True,True
537237,2010-12-06 09:58:00,2010-12,United Kingdom,United Kingdom,Weekday,7335.45,1608,595,,3.820715329684552,True,True
565475,2011-09-05 10:47:00,2011-09,EIRE,International,Weekday,7335.0599999999995,4934,50,14156,3.820496273810452,True,True
569343,2011-10-03 14:34:00,2011-10,United Kingdom,United Kingdom,Weekday,7298.76,1764,13,18102,3.8001072270673224,True,True
574328,2011-11-04 09:05:00,2011-11,United Kingdom,United Kingdom,Weekday,7271.34,4981,208,13081,3.7847059140729247,True,True
538071,2010-12-09 14:09:00,2010-12,United Kingdom,United Kingdom,Weekday,7268.65,1642,648,,3.7831949902233646,True,True
536876,2010-12-03 11:36:00,2010-12,United Kingdom,United Kingdom,Weekday,7257.08,1641,586,,3.776696332625072,True,True
580115,2011-12-01 16:22:00,2011-12,United Kingdom,United Kingdom,Weekday,7225.78,1988,645,,3.7591156945242465,True,True
561051,2011-07-24 13:11:00,2011-07,United Kingdom,United Kingdom,Weekend,7138.12,3312,28,16684,3.7098786742073653,True,True
575219,2011-11-09 11:17:00,2011-11,United Kingdom,United Kingdom,Weekday,7059.54,4675,66,17511,3.665741723984909,True,True
577150,2011-11-18 09:48:00,2011-11,United Kingdom,United Kingdom,Weekday,7043.69,1457,86,,3.6568390685888037,True,True
540267,2011-01-06 11:12:00,2011-01,Australia,International,Weekday,7011.38,4662,46,12415,3.638691131942233,True,True
580612,2011-12-05 11:58:00,2011-12,United Kingdom,United Kingdom,Weekday,7000.88,852,253,,3.6327934737933933,True,True
581217,2011-12-08 09:20:00,2011-12,United Kingdom,United Kingdom,Weekday,6947.75,1853,676,,3.6029513235602666,True,True
578270,2011-11-23 13:39:00,2011-11,United Kingdom,United Kingdom,Weekday,6936.5199999999995,1801,439,14096,3.5966436377496502,True,True
539101,2010-12-16 10:35:00,2010-12,United Kingdom,United Kingdom,Weekday,6930.0,4800,11,16029,3.5929814728800857,True,True
536592,2010-12-01 17:06:00,2010-12,United Kingdom,United Kingdom,Weekday,6915.65,1478,590,,3.5849213400766717,True,True
580730,2011-12-05 17:28:00,2011-12,United Kingdom,United Kingdom,Weekday,6870.2,1858,661,,3.5593929055181244,True,True
566935,2011-09-15 15:35:00,2011-09,United Kingdom,United Kingdom,Weekday,6870.0,1500,5,18102,3.5592805691724325,True,True
580367,2011-12-02 16:39:00,2011-12,United Kingdom,United Kingdom,Weekday,6821.21,1872,650,,3.531876117640826,True,True
578746,2011-11-25 11:36:00,2011-11,United Kingdom,United Kingdom,Weekday,6778.7300000000005,1402,74,,3.5080158778158075,True,True
579777,2011-11-30 15:13:00,2011-11,United Kingdom,United Kingdom,Weekday,6769.0599999999995,1763,687,,3.50258441550159,True,True
581439,2011-12-08 16:30:00,2011-12,United Kingdom,United Kingdom,Weekday,6637.59,1748,635,,3.428740118660838,True,True
538349,2010-12-10 14:59:00,2010-12,United Kingdom,United Kingdom,Weekday,6602.3099999999995,1504,607,,3.4089239872807373,True,True
561655,2011-07-28 16:00:00,2011-07,United Kingdom,United Kingdom,Weekday,6591.6,1828,7,18102,3.402908375968922,True,True
563563,2011-08-17 14:03:00,2011-08,United Kingdom,United Kingdom,Weekday,6578.08,2864,8,16029,3.3953144390001304,True,True
543099,2011-02-03 12:00:00,2011-02,United Kingdom,United Kingdom,Weekday,6549.12,5880,34,16684,3.3790481361439033,True,True
564650,2011-08-26 14:17:00,2011-08,Netherlands,International,Weekday,6429.639999999999,4628,41,14646,3.311938403227396,True,True
544480,2011-02-21 10:32:00,2011-02,Netherlands,International,Weekday,6323.38,4034,43,14646,3.252254102761143,True,True
537638,2010-12-07 15:28:00,2010-12,United Kingdom,United Kingdom,Weekday,6293.86,1448,601,,3.2356732581369774,True,True
538177,2010-12-10 09:51:00,2010-12,United Kingdom,United Kingdom,Weekday,6272.01,1306,531,,3.223400512370107,True,True
576374,2011-11-15 08:50:00,2011-11,United Kingdom,United Kingdom,Weekday,6260.900000000001,3154,19,13777,3.217160228366907,True,True
578344,2011-11-24 09:21:00,2011-11,United Kingdom,United Kingdom,Weekday,6215.59,1603,622,,3.1917104292503438,True,True
574740,2011-11-06 16:07:00,2011-11,Switzerland,International,Weekend,6207.67,2708,131,12357,3.1872619099609336,True,True
556415,2011-06-10 12:19:00,2011-06,Switzerland,International,Weekday,6207.08,3142,64,12409,3.1869305177411418,True,True
577844,2011-11-22 10:41:00,2011-11,United Kingdom,United Kingdom,Weekday,6167.53,1242,78,,3.1647160053805132,True,True
574293,2011-11-03 15:32:00,2011-11,United Kingdom,United Kingdom,Weekday,6162.620000000001,2290,9,17450,3.161958148093771,True,True
543379,2011-02-07 15:37:00,2011-02,United Kingdom,United Kingdom,Weekday,6155.719999999999,1420,4,18102,3.15808254416739,True,True
580983,2011-12-06 16:26:00,2011-12,United Kingdom,United Kingdom,Weekday,6114.03,1651,629,,3.134666032907856,True,True
576837,2011-11-16 15:16:00,2011-11,United Kingdom,United Kingdom,Weekday,6081.09,1688,585,,3.1161642367723545,True,True
537823,2010-12-08 14:25:00,2010-12,United Kingdom,United Kingdom,Weekday,6073.71,1484,589,,3.112019025616313,True,True
571751,2011-10-19 11:18:00,2011-10,Singapore,International,Weekday,6068.0599999999995,2,1,12744,3.108845523850509,True,True
581023,2011-12-07 10:35:00,2011-12,United Kingdom,United Kingdom,Weekday,6061.34,766,215,,3.105071022635252,True,True
577358,2011-11-18 15:59:00,2011-11,United Kingdom,United Kingdom,Weekday,5957.66,1621,561,,3.0468358610284274,True,True
539437,2010-12-17 14:54:00,2010-12,United Kingdom,United Kingdom,Weekday,5946.49,1310,516,,3.040561876121519,True,True
555400,2011-06-02 17:50:00,2011-06,United Kingdom,United Kingdom,Weekday,5913.9,1330,68,14088,3.0222566685909786,True,True
569010,2011-09-30 07:36:00,2011-09,EIRE,International,Weekday,5867.08,2720,27,14156,2.9959587300644404,True,False
579508,2011-11-29 16:33:00,2011-11,United Kingdom,United Kingdom,Weekday,5805.01,1517,578,,2.961095145178873,True,False
543518,2011-02-09 11:21:00,2011-02,Japan,International,Weekday,5735.24,2962,48,12753,2.921906610984157,True,False
574294,2011-11-03 15:47:00,2011-11,United Kingdom,United Kingdom,Weekday,5727.0,3840,3,16333,2.917278353541639,True,False
566931,2011-09-15 15:27:00,2011-09,United Kingdom,United Kingdom,Weekday,5725.0,1250,3,18102,2.9161549900847175,True,False
557263,2011-06-19 11:08:00,2011-06,Netherlands,International,Weekend,5683.0599999999995,4718,52,14646,2.8925980583930677,True,False
581498,2011-12-09 10:26:00,2011-12,United Kingdom,United Kingdom,Weekday,5664.889999999999,732,218,,2.8823923013869335,True,False
567385,2011-09-20 10:27:00,2011-09,United Kingdom,United Kingdom,Weekday,5639.52,2472,22,14866,2.8681424359358814,True,False
565150,2011-09-01 14:26:00,2011-09,United Kingdom,United Kingdom,Weekday,5590.67,4871,179,14298,2.8407042835005667,True,False
565847,2011-09-07 12:44:00,2011-09,United Kingdom,United Kingdom,Weekday,5557.66,758,180,,2.8221631696440728,True,False
578347,2011-11-24 09:26:00,2011-11,United Kingdom,United Kingdom,Weekday,5526.53,1514,599,,2.804678017437085,True,False
536544,2010-12-01 14:32:00,2010-12,United Kingdom,United Kingdom,Weekday,5521.14,1208,523,,2.801650552920681,True,False
554845,2011-05-26 19:49:00,2011-05,United Kingdom,United Kingdom,Weekday,5518.68,2140,8,17450,2.8002688158686677,True,False
547812,2011-03-25 14:06:00,2011-03,United Kingdom,United Kingdom,Weekday,5513.32,1336,4,18102,2.7972582018041168,True,False
576644,2011-11-16 10:01:00,2011-11,United Kingdom,United Kingdom,Weekday,5508.5199999999995,684,232,,2.7945621295075047,True,False
574092,2011-11-03 09:28:00,2011-11,United Kingdom,United Kingdom,Weekday,5500.38,4074,21,16684,2.789990040237833,True,False
558776,2011-07-04 10:20:00,2011-07,United Kingdom,United Kingdom,Weekday,5496.0,1200,6,18102,2.7875298742671744,True,False
577747,2011-11-21 14:21:00,2011-11,United Kingdom,United Kingdom,Weekday,5490.24,1182,14,17450,2.7842945875112397,True,False
560729,2011-07-20 14:39:00,2011-07,United Kingdom,United Kingdom,Weekday,5433.57,3237,50,17511,2.752464083959361,True,False
549027,2011-04-05 17:02:00,2011-04,United Kingdom,United Kingdom,Weekday,5424.0,1600,4,17857,2.7470887898179908,True,False
553470,2011-05-17 11:27:00,2011-05,United Kingdom,United Kingdom,Weekday,5410.0599999999995,1325,11,18102,2.7392589465232455,True,False
557125,2011-06-16 18:40:00,2011-06,United Kingdom,United Kingdom,Weekday,5405.48,3104,11,17450,2.736686444206895,True,False
579297,2011-11-29 11:23:00,2011-11,United Kingdom,United Kingdom,Weekday,5402.23,662,238,,2.734860978589397,True,False
580665,2011-12-05 14:06:00,2011-12,United Kingdom,United Kingdom,Weekday,5401.98,4732,29,16684,2.7347205581572815,True,False
538191,2010-12-10 10:49:00,2010-12,United Kingdom,United Kingdom,Weekday,5375.28,1559,16,15061,2.719723656007376,True,False
581238,2011-12-08 10:53:00,2011-12,United Kingdom,United Kingdom,Weekday,5370.55,692,204,,2.7170669014317563,True,False
576840,2011-11-16 15:23:00,2011-11,United Kingdom,United Kingdom,Weekday,5368.13,1332,543,,2.715707631648881,True,False
571653,2011-10-18 12:17:00,2011-10,United Kingdom,United Kingdom,Weekday,5355.68,5918,202,14298,2.7087146941295432,True,False
567290,2011-09-19 11:54:00,2011-09,Netherlands,International,Weekday,5350.4,3717,38,14646,2.705749014603269,True,False
538524,2010-12-13 09:35:00,2010-12,United Kingdom,United Kingdom,Weekday,5344.98,1303,488,,2.702704699635011,True,False
579187,2011-11-28 15:31:00,2011-11,United Kingdom,United Kingdom,Weekday,5333.5199999999995,1402,539,,2.6962678270268494,True,False
545713,2011-03-07 10:11:00,2011-03,United Kingdom,United Kingdom,Weekday,5307.65,1365,119,,2.681737120711566,True,False
571318,2011-10-17 10:50:00,2011-10,Sweden,International,Weekday,5296.96,5952,30,17404,2.67573274303432,True,False
574352,2011-11-04 10:38:00,2011-11,United Kingdom,United Kingdom,Weekday,5292.72,1776,14,18102,2.673351212505646,True,False
575138,2011-11-08 15:24:00,2011-11,United Kingdom,United Kingdom,Weekday,5269.78,698,225,,2.6604662336547524,True,False
539958,2010-12-23 13:26:00,2010-12,United Kingdom,United Kingdom,Weekday,5262.0599999999995,2320,509,,2.6561300507110346,True,False
564230,2011-08-24 10:22:00,2011-08,United Kingdom,United Kingdom,Weekday,5234.73,1191,82,,2.6407792890721984,True,False
577078,2011-11-17 15:17:00,2011-11,United Kingdom,United Kingdom,Weekday,5217.83,1361,572,,2.63128686786121,True,False
553607,2011-05-18 10:47:00,2011-05,United Kingdom,United Kingdom,Weekday,5176.12,4084,25,16684,2.607859122967106,True,False
569255,2011-10-03 11:01:00,2011-10,United Kingdom,United Kingdom,Weekday,5164.66,1934,18,18102,2.601422250358944,True,False
562348,2011-08-04 12:36:00,2011-08,United Kingdom,United Kingdom,Weekday,5162.74,3005,57,17511,2.6003438214402994,True,False
558777,2011-07-04 10:23:00,2011-07,United Kingdom,United Kingdom,Weekday,5078.83,828,332,,2.5532131076051465,True,False
578827,2011-11-25 14:25:00,2011-11,United Kingdom,United Kingdom,Weekday,5078.0199999999995,1256,520,,2.5527581454050927,True,False
564221,2011-08-24 09:36:00,2011-08,United Kingdom,United Kingdom,Weekday,5064.8,799,194,,2.54533271295484,True,False
537666,2010-12-07 18:36:00,2010-12,United Kingdom,United Kingdom,Weekday,5058.04,1144,536,,2.5415357444704445,True,False
576617,2011-11-15 16:57:00,2011-11,United Kingdom,United Kingdom,Weekday,5046.62,1544,593,,2.5351213391314213,True,False
540832,2011-01-11 14:42:00,2011-01,United Kingdom,United Kingdom,Weekday,5032.29,1258,126,,2.5270724399625766,True,False
574363,2011-11-04 10:57:00,2011-11,United Kingdom,United Kingdom,Weekday,5028.76,1418,13,18102,2.52508970346111,True,False
539453,2010-12-17 17:08:00,2010-12,United Kingdom,United Kingdom,Weekday,5022.16,1121,455,,2.521382604053268,True,False
580146,2011-12-02 10:07:00,2011-12,United Kingdom,United Kingdom,Weekday,4992.68,1086,68,,2.5048242266982412,True,False
573003,2011-10-27 12:11:00,2011-10,Netherlands,International,Weekday,4992.0,2400,1,14646,2.504442283122888,True,False
575335,2011-11-09 13:56:00,2011-11,United Kingdom,United Kingdom,Weekday,4961.2,3684,7,12931,2.4871424858862925,True,False
581020,2011-12-07 10:12:00,2011-12,United Kingdom,United Kingdom,Weekday,4949.24,3295,40,17511,2.4804247724139,True,False
573576,2011-10-31 14:09:00,2011-10,United Kingdom,United Kingdom,Weekday,4941.71,1265,434,14096,2.4761953089985895,True,False
567656,2011-09-21 14:40:00,2011-09,United Kingdom,United Kingdom,Weekday,4936.65,1211,419,14096,2.4733531994525775,True,False
576394,2011-11-15 10:32:00,2011-11,Australia,International,Weekday,4925.8,2890,26,12415,2.467258952698777,True,False
565291,2011-09-02 11:53:00,2011-09,United Kingdom,United Kingdom,Weekday,4913.52,1680,5,18102,2.460361501073278,True,False
538566,2010-12-13 11:21:00,2010-12,United Kingdom,United Kingdom,Weekday,4909.89,1034,471,,2.4583225963989643,True,False
554956,2011-05-27 15:17:00,2011-05,United Kingdom,United Kingdom,Weekday,4898.5599999999995,1036,101,,2.4519587424155023,True,False
563613,2011-08-18 08:49:00,2011-08,Israel,International,Weekday,4873.8099999999995,3028,171,12688,2.4380571196360954,True,False
576618,2011-11-15 17:00:00,2011-11,United Kingdom,United Kingdom,Weekday,4872.67,1306,552,,2.43741680246565,True,False
567721,2011-09-22 10:38:00,2011-09,Switzerland,International,Weekday,4860.64,2408,44,12409,2.430659771272266,True,False
569263,2011-10-03 11:37:00,2011-10,United Kingdom,United Kingdom,Weekday,4849.1,1702,13,18102,2.4241779641258274,True,False
581256,2011-12-08 11:21:00,2011-12,United Kingdom,United Kingdom,Weekday,4839.42,1074,55,,2.4187408849943255,True,False
576923,2011-11-17 10:52:00,2011-11,Japan,International,Weekday,4808.48,2210,31,12753,2.4013624523157455,True,False
556080,2011-06-08 15:21:00,2011-06,United Kingdom,United Kingdom,Weekday,4801.22,1014,93,,2.39728464296712,True,False
579512,2011-11-29 16:47:00,2011-11,United Kingdom,United Kingdom,Weekday,4789.02,1345,503,,2.3904321258798973,True,False
577531,2011-11-20 13:58:00,2011-11,United Kingdom,United Kingdom,Weekend,4785.89,608,197,,2.3886740620698146,True,False
540551,2011-01-10 09:43:00,2011-01,United Kingdom,United Kingdom,Weekday,4731.639999999999,1797,502,,2.358202828300811,True,False
569414,2011-10-04 10:11:00,2011-10,United Kingdom,United Kingdom,Weekday,4701.22,1064,81,,2.3411164701210314,True,False
539434,2010-12-17 14:41:00,2010-12,United Kingdom,United Kingdom,Weekday,4700.4,1043,460,,2.340655891103693,True,False
575875,2011-11-11 13:06:00,2011-11,United Kingdom,United Kingdom,Weekday,4688.65,1359,503,,2.3340561307942775,True,False
578844,2011-11-25 16:14:00,2011-11,United Kingdom,United Kingdom,Weekday,4688.19,1184,527,,2.3337977571991857,True,False
546992,2011-03-18 13:18:00,2011-03,United Kingdom,United Kingdom,Weekday,4666.4400000000005,3004,16,16684,2.321581179605162,True,False
576329,2011-11-14 15:22:00,2011-11,United Kingdom,United Kingdom,Weekday,4662.17,1229,517,,2.3191827986246336,True,False
552039,2011-05-06 08:10:00,2011-05,United Kingdom,United Kingdom,Weekday,4655.85,3253,176,13081,2.315632970100761,True,False
575477,2011-11-09 16:14:00,2011-11,United Kingdom,United Kingdom,Weekday,4638.39,1251,515,,2.305826007121834,True,False
579291,2011-11-29 11:21:00,2011-11,United Kingdom,United Kingdom,Weekday,4584.66,955,62,,2.2756468478516303,True,False
567458,2011-09-20 12:21:00,2011-09,United Kingdom,United Kingdom,Weekday,4563.84,2016,7,17450,2.2639526342650744,True,False
574341,2011-11-04 10:09:00,2011-11,United Kingdom,United Kingdom,Weekday,4557.6,4752,11,18102,2.2604477402794787,True,False
539451,2010-12-17 16:59:00,2010-12,United Kingdom,United Kingdom,Weekday,4537.15,834,439,,2.248961348932453,True,False
573002,2011-10-27 12:09:00,2011-10,Netherlands,International,Weekday,4534.22,3069,25,14646,2.247315621468063,True,False
575930,2011-11-11 17:58:00,2011-11,United Kingdom,United Kingdom,Weekday,4526.33,1226,526,,2.2428839526305064,True,False
567610,2011-09-21 11:30:00,2011-09,United Kingdom,United Kingdom,Weekday,4463.08,2612,42,17511,2.2073575833053556,True,False
542789,2011-02-01 10:38:00,2011-02,United Kingdom,United Kingdom,Weekday,4446.88,2945,58,17511,2.198258339304289,True,False
577768,2011-11-21 15:18:00,2011-11,United Kingdom,United Kingdom,Weekday,4444.83,1198,525,,2.1971068917609444,True,False
580754,2011-12-06 10:05:00,2011-12,United Kingdom,United Kingdom,Weekday,4429.46,979,67,,2.1884738435945006,True,False
567384,2011-09-20 10:23:00,2011-09,United Kingdom,United Kingdom,Weekday,4418.0,1876,16,17450,2.182036970986339,True,False
556845,2011-06-15 11:30:00,2011-06,United Kingdom,United Kingdom,Weekday,4415.4400000000005,3007,55,17511,2.1805990657614793,True,False
580985,2011-12-06 16:33:00,2011-12,United Kingdom,United Kingdom,Weekday,4414.88,1160,17,17389,2.180284523993541,True,False
560504,2011-07-19 11:47:00,2011-07,United Kingdom,United Kingdom,Weekday,4406.61,3089,178,13081,2.175639416099169,True,False
546530,2011-03-14 13:25:00,2011-03,Sweden,International,Weekday,4400.28,5156,27,17404,2.172083970758012,True,False
576653,2011-11-16 10:45:00,2011-11,EIRE,International,Weekday,4391.16,2900,26,14156,2.1669614333944485,True,False
551351,2011-04-28 10:20:00,2011-04,United Kingdom,United Kingdom,Weekday,4390.56,4476,128,14298,2.1666244243573725,True,False
539436,2010-12-17 14:49:00,2010-12,United Kingdom,United Kingdom,Weekday,4390.32,833,434,,2.1664896207425413,True,False
578065,2011-11-22 15:41:00,2011-11,United Kingdom,United Kingdom,Weekday,4381.48,1378,494,,2.161524354262947,True,False
543378,2011-02-07 15:34:00,2011-02,United Kingdom,United Kingdom,Weekday,4379.76,1008,2,18102,2.1605582616899945,True,False
567306,2011-09-19 13:32:00,2011-09,Norway,International,Weekday,4366.78,2262,53,12752,2.153267632854572,True,False
575748,2011-11-11 10:21:00,2011-11,United Kingdom,United Kingdom,Weekday,4365.75,923,79,,2.1526891006742574,True,False
575176,2011-11-08 18:29:00,2011-11,United Kingdom,United Kingdom,Weekday,4363.88,1403,518,,2.151638755842036,True,False
575607,2011-11-10 12:37:00,2011-11,United Kingdom,United Kingdom,Weekday,4358.0,1014,375,14096,2.1483360672786858,True,False
575947,2011-11-13 11:50:00,2011-11,United Kingdom,United Kingdom,Weekend,4357.43,574,203,,2.148015908693463,True,False
566936,2011-09-15 15:35:00,2011-09,United Kingdom,United Kingdom,Weekday,4351.0,950,7,18102,2.1444042951794593,True,False
562374,2011-08-04 14:40:00,2011-08,EIRE,International,Weekday,4345.1,2270,31,14911,2.1410903729815405,True,False
561645,2011-07-28 15:16:00,2011-07,EIRE,International,Weekday,4345.1,2270,31,14911,2.1410903729815405,True,False
562846,2011-08-10 09:29:00,2011-08,United Kingdom,United Kingdom,Weekday,4318.93,1046,85,,2.126391162147719,True,False
566595,2011-09-13 15:03:00,2011-09,United Kingdom,United Kingdom,Weekday,4314.72,7824,16,18251,2.1240264820708985,True,False
540698,2011-01-11 09:24:00,2011-01,United Kingdom,United Kingdom,Weekday,4314.0199999999995,858,23,17450,2.1236333048609755,True,False
575739,2011-11-11 09:05:00,2011-11,United Kingdom,United Kingdom,Weekday,4312.6,1287,482,,2.1228357168065615,True,False
572051,2011-10-20 12:24:00,2011-10,Netherlands,International,Weekday,4311.48,3020,20,14646,2.122206633270685,True,False
560373,2011-07-18 12:30:00,2011-07,United Kingdom,United Kingdom,Weekday,4287.63,1,1,,2.108810524046893,True,False
570672,2011-10-11 14:52:00,2011-10,France,International,Weekday,4279.71,2801,259,12536,2.104362004757483,True,False
564856,2011-08-31 09:11:00,2011-08,Germany,International,Weekday,4257.0599999999995,1151,90,12477,2.0916399136078434,True,False
548162,2011-03-29 13:42:00,2011-03,United Kingdom,United Kingdom,Weekday,4225.29,989,90,,2.0737952850946413,True,False
570094,2011-10-07 11:56:00,2011-10,United Kingdom,United Kingdom,Weekday,4186.08,2304,4,16029,2.05177174452169,True,False
559052,2011-07-05 16:53:00,2011-07,United Kingdom,United Kingdom,Weekday,4178.58,1562,463,,2.0475591315582333,True,False
580519,2011-12-04 14:51:00,2011-12,United Kingdom,United Kingdom,Weekend,4171.41,938,60,,2.043531873565169,True,False
573077,2011-10-27 14:13:00,2011-10,France,International,Weekday,4161.06,1,1,12536,2.037718467675599,True,False
573080,2011-10-27 14:20:00,2011-10,France,International,Weekday,4161.06,1,1,12536,2.037718467675599,True,False
558871,2011-07-04 13:19:00,2011-07,Spain,International,Weekday,4146.34,1506,15,12557,2.0294505126326547,True,False
567852,2011-09-22 13:21:00,2011-09,United Kingdom,United Kingdom,Weekday,4117.400000000001,784,13,18102,2.013195443410997,True,False
566494,2011-09-13 11:12:00,2011-09,Sweden,International,Weekday,4114.08,4072,17,17404,2.011330660072506,True,False
563549,2011-08-17 12:34:00,2011-08,United Kingdom,United Kingdom,Weekday,4109.72,602,190,,2.008881727736417,True,False
541421,2011-01-17 17:44:00,2011-01,United Kingdom,United Kingdom,Weekday,4106.84,1610,455,,2.0072640843584497,True,False
562880,2011-08-10 10:53:00,2011-08,United Kingdom,United Kingdom,Weekday,4105.9400000000005,2630,29,15838,2.006758570802835,True,False
567507,2011-09-20 14:46:00,2011-09,United Kingdom,United Kingdom,Weekday,4102.39,624,182,,2.0047646006667987,True,False
568319,2011-09-26 13:35:00,2011-09,United Kingdom,United Kingdom,Weekday,4091.46,1038,19,17389,1.998625419374721,True,False
566929,2011-09-15 15:21:00,2011-09,United Kingdom,United Kingdom,Weekday,4090.28,1848,47,17428,1.9979626349351376,True,False
536783,2010-12-02 15:19:00,2010-12,United Kingdom,United Kingdom,Weekday,4076.48,2909,38,15061,1.9902114270823772,True,False
571441,2011-10-17 13:31:00,2011-10,United Kingdom,United Kingdom,Weekday,4050.61,995,363,14096,1.9756807207670941,True,False
575919,2011-11-11 17:00:00,2011-11,United Kingdom,United Kingdom,Weekday,4041.18,2683,82,15311,1.9703840620677078,True,False
548813,2011-04-04 13:03:00,2011-04,Singapore,International,Weekday,4037.77,4,1,12744,1.9684687273736563,True,False
562046,2011-08-02 10:34:00,2011-08,Switzerland,International,Weekday,4008.62,2529,219,12378,1.952095704989021,True,False
565748,2011-09-06 12:38:00,2011-09,EIRE,International,Weekday,4005.35,1145,58,14156,1.9502590057369542,True,False
579694,2011-11-30 14:11:00,2011-11,United Kingdom,United Kingdom,Weekday,3982.55,524,177,,1.937452662328046,True,False
546780,2011-03-17 07:40:00,2011-03,Denmark,International,Weekday,3978.9900000000002,879,19,12435,1.9354530753747254,True,False
574067,2011-11-02 14:50:00,2011-11,United Kingdom,United Kingdom,Weekday,3962.85,1161,34,14088,1.9263875322773667,True,False
547832,2011-03-25 16:25:00,2011-03,United Kingdom,United Kingdom,Weekday,3962.06,2379,22,17511,1.9259438037118826,True,False
578125,2011-11-23 10:31:00,2011-11,United Kingdom,United Kingdom,Weekday,3956.6800000000003,3806,45,17511,1.9229219560127628,True,False
570886,2011-10-13 10:23:00,2011-10,United Kingdom,United Kingdom,Weekday,3953.35,1941,22,13777,1.9210515558569883,True,False
574056,2011-11-02 14:09:00,2011-11,Netherlands,International,Weekday,3949.66,2454,30,14646,1.9189789502789671,True,False
560360,2011-07-18 11:55:00,2011-07,Singapore,International,Weekday,3949.32,2160,75,12744,1.918787978491291,True,False
570660,2011-10-11 14:18:00,2011-10,United Kingdom,United Kingdom,Weekday,3930.94,1570,21,14866,1.9084642683221797,True,False
540026,2011-01-04 13:25:00,2011-01,United Kingdom,United Kingdom,Weekday,3900.62,1680,410,,1.8914340783152455,True,False
580873,2011-12-06 12:06:00,2011-12,United Kingdom,United Kingdom,Weekday,3895.8599999999997,1410,15,15061,1.8887604732877714,True,False
575516,2011-11-10 10:45:00,2011-11,United Kingdom,United Kingdom,Weekday,3893.79,1690,116,17340,1.8875977921098575,True,False
541592,2011-01-19 15:08:00,2011-01,United Kingdom,United Kingdom,Weekday,3882.43,1431,415,,1.881217087674542,True,False
567803,2011-09-22 12:11:00,2011-09,United Kingdom,United Kingdom,Weekday,3877.56,768,6,18102,1.8784816976569376,True,False
556927,2011-06-15 14:47:00,2011-06,EIRE,International,Weekday,3876.86,2642,27,14156,1.878088520447015,True,False
564054,2011-08-22 13:55:00,2011-08,United Kingdom,United Kingdom,Weekday,3875.88,1508,5,17857,1.8775380723531232,True,False
574856,2011-11-07 12:06:00,2011-11,United Kingdom,United Kingdom,Weekday,3872.96,500,182,,1.8758979617060174,True,False
559055,2011-07-05 17:09:00,2011-07,United Kingdom,United Kingdom,Weekday,3872.9,1372,487,,1.87586426080231,True,False
552038,2011-05-06 08:08:00,2011-05,EIRE,International,Weekday,3869.18,1694,20,14156,1.8737748047724354,True,False
540176,2011-01-05 12:40:00,2011-01,United Kingdom,United Kingdom,Weekday,3862.14,1914,34,17511,1.8698205654040707,True,False
581115,2011-12-07 12:20:00,2011-12,United Kingdom,United Kingdom,Weekday,3861.0,1404,1,15195,1.869180248233625,True,False
569573,2011-10-05 10:11:00,2011-10,United Kingdom,United Kingdom,Weekday,3855.84,2085,33,17511,1.866281970514767,True,False
567526,2011-09-21 09:06:00,2011-09,Denmark,International,Weekday,3850.9,1176,17,12435,1.8635072627761704,True,False
546438,2011-03-14 09:59:00,2011-03,United Kingdom,United Kingdom,Weekday,3840.88,2224,38,15125,1.8578792118569922,True,False
578067,2011-11-22 15:43:00,2011-11,United Kingdom,United Kingdom,Weekday,3826.2799999999997,1085,486,,1.849678658621463,True,False
579251,2011-11-28 16:39:00,2011-11,United Kingdom,United Kingdom,Weekday,3821.36,1456,3,17450,1.8469151845174359,True,False
560926,2011-07-22 09:20:00,2011-07,United Kingdom,United Kingdom,Weekday,3814.99,1561,438,,1.8433372719071397,True,False
540848,2011-01-12 09:26:00,2011-01,United Kingdom,United Kingdom,Weekday,3808.77,1330,460,,1.8398436115561132,True,False
574356,2011-11-04 10:48:00,2011-11,United Kingdom,United Kingdom,Weekday,3803.96,753,68,,1.837141922442216,True,False
537899,2010-12-09 10:44:00,2010-12,Japan,International,Weekday,3794.3999999999996,1488,1,12755,1.8317722451181297,True,False
567183,2011-09-18 15:32:00,2011-09,United Kingdom,United Kingdom,Weekend,3790.17,2709,386,14769,1.8293963314067405,True,False
575683,2011-11-10 15:51:00,2011-11,United Kingdom,United Kingdom,Weekday,3782.52,954,18,17389,1.825099466184015,True,False
538353,2010-12-10 15:31:00,2010-12,United Kingdom,United Kingdom,Weekday,3762.66,2420,37,13798,1.8139444670567815,True,False
564312,2011-08-24 12:52:00,2011-08,United Kingdom,United Kingdom,Weekday,3744.0,1584,6,15769,1.8034634860037013,True,False
569492,2011-10-04 13:30:00,2011-10,United Kingdom,United Kingdom,Weekday,3733.0,2584,3,16333,1.7972849869906316,True,False
540977,2011-01-12 15:01:00,2011-01,United Kingdom,United Kingdom,Weekday,3716.17,1391,418,,1.787831883500635,True,False
580673,2011-12-05 14:30:00,2011-12,United Kingdom,United Kingdom,Weekday,3705.48,1892,71,13089,1.7818275058233883,True,False
549927,2011-04-13 10:19:00,2011-04,United Kingdom,United Kingdom,Weekday,3694.36,3300,21,16684,1.7755816050029034,True,False
561388,2011-07-27 09:32:00,2011-07,Japan,International,Weekday,3680.4,2208,37,12753,1.7677405280735894,True,False
545914,2011-03-08 11:39:00,2011-03,United Kingdom,United Kingdom,Weekday,3678.03,1605,51,13340,1.766409342377137,True,False
568346,2011-09-26 15:28:00,2011-09,United Kingdom,United Kingdom,Weekday,3671.44,937,333,14096,1.7627078597865797,True,False
558371,2011-06-28 15:44:00,2011-06,United Kingdom,United Kingdom,Weekday,3668.64,772,74,,1.761135150946889,True,False
579498,2011-11-29 15:52:00,2011-11,Japan,International,Weekday,3651.6,2040,1,12798,1.7515640942939157,True,False
572193,2011-10-21 11:33:00,2011-10,United Kingdom,United Kingdom,Weekday,3648.6,3176,11,15061,1.749879049108533,True,False
559038,2011-07-05 15:31:00,2011-07,United Kingdom,United Kingdom,Weekday,3643.81,732,78,,1.7471885936292053,True,False
572696,2011-10-25 14:23:00,2011-10,United Kingdom,United Kingdom,Weekday,3640.0,1001,4,17857,1.7450485862437692,True,False
574074,2011-11-02 15:33:00,2011-11,United Kingdom,United Kingdom,Weekday,3638.9,862,404,,1.7444307363424625,True,False
561902,2011-07-31 15:50:00,2011-07,Sweden,International,Weekend,3633.58,2567,24,17404,1.7414425895470502,True,False
555164,2011-06-01 10:24:00,2011-06,Netherlands,International,Weekday,3623.2,1836,13,14646,1.7356123332056261,True,False
559465,2011-07-08 13:26:00,2011-07,United Kingdom,United Kingdom,Weekday,3609.8,1568,24,14680,1.7280857980442506,True,False
581375,2011-12-08 12:36:00,2011-12,United Kingdom,United Kingdom,Weekday,3599.4,1056,12,16210,1.7222443080682575,True,False
548993,2011-04-05 13:56:00,2011-04,Japan,International,Weekday,3599.38,1626,32,12753,1.722233074433688,True,False
538397,2010-12-12 11:44:00,2010-12,Japan,International,Weekend,3590.59,2409,48,12753,1.7172958920405168,True,False
551547,2011-05-03 09:44:00,2011-05,United Kingdom,United Kingdom,Weekday,3579.67,690,86,,1.711162327565724,True,False
572897,2011-10-26 14:42:00,2011-10,United Kingdom,United Kingdom,Weekday,3567.56,495,174,,1.7043603618340628,True,False
551809,2011-05-04 11:32:00,2011-05,United Kingdom,United Kingdom,Weekday,3566.1400000000003,1498,28,17511,1.7035627737796484,True,False
545582,2011-03-04 09:05:00,2011-03,United Kingdom,United Kingdom,Weekday,3547.34,1976,23,13694,1.6930031572845836,True,False
571255,2011-10-14 17:13:00,2011-10,Spain,International,Weekday,3528.34,1006,15,12454,1.6823312044438268,True,False
540372,2011-01-06 16:41:00,2011-01,United Kingdom,United Kingdom,Weekday,3527.64,2602,169,13081,1.6819380272339042,True,False
574076,2011-11-02 15:37:00,2011-11,United Kingdom,United Kingdom,Weekday,3514.74,1034,416,,1.6746923329367585,True,False
544075,2011-02-15 14:50:00,2011-02,EIRE,International,Weekday,3506.2400000000002,1932,23,14156,1.6699180382448413,True,False
546212,2011-03-10 11:33:00,2011-03,EIRE,International,Weekday,3500.5,2826,27,14156,1.6666939851234754,True,False
575177,2011-11-08 18:41:00,2011-11,United Kingdom,United Kingdom,Weekday,3487.08,1034,411,,1.6591562163275304,True,False
572552,2011-10-24 17:07:00,2011-10,United Kingdom,United Kingdom,Weekday,3472.42,843,352,14096,1.6509219621882938,True,False
561659,2011-07-28 16:11:00,2011-07,United Kingdom,United Kingdom,Weekday,3453.7200000000003,1180,6,17450,1.6404185138660754,True,False
576179,2011-11-14 11:09:00,2011-11,United Kingdom,United Kingdom,Weekday,3419.64,2244,18,13694,1.6212764005601283,True,False
540785,2011-01-11 11:39:00,2011-01,Spain,International,Weekday,3417.1200000000003,1008,4,12557,1.6198609626044074,True,False
559816,2011-07-12 16:11:00,2011-07,United Kingdom,United Kingdom,Weekday,3405.4,1169,434,,1.6132780527468455,True,False
580297,2011-12-02 13:52:00,2011-12,United Kingdom,United Kingdom,Weekday,3404.0,1744,8,15769,1.612491698327,True,False
540355,2011-01-06 15:11:00,2011-01,United Kingdom,United Kingdom,Weekday,3401.94,690,113,,1.6113346339663708,True,False
556812,2011-06-14 17:25:00,2011-06,United Kingdom,United Kingdom,Weekday,3393.04,838,295,,1.6063356665830686,True,False
541827,2011-01-21 17:05:00,2011-01,United Kingdom,United Kingdom,Weekday,3388.21,1482,429,,1.6036227438346027,True,False
570488,2011-10-10 17:12:00,2011-10,United Kingdom,United Kingdom,Weekday,3380.86,779,347,14096,1.5994943831304154,True,False
543829,2011-02-14 09:47:00,2011-02,United Kingdom,United Kingdom,Weekday,3376.08,1536,15,12939,1.596809544468372,True,False
562104,2011-08-02 14:31:00,2011-08,United Kingdom,United Kingdom,Weekday,3358.63,767,84,,1.5870081983067297,True,False
574950,2011-11-08 09:29:00,2011-11,United Kingdom,United Kingdom,Weekday,3346.73,978,420,,1.5803241857380452,True,False
560567,2011-07-19 13:57:00,2011-07,United Kingdom,United Kingdom,Weekday,3342.95,741,82,,1.5782010288044628,True,False
579284,2011-11-29 10:52:00,2011-11,United Kingdom,United Kingdom,Weekday,3337.44,1619,21,15061,1.5751061624806437,True,False
544667,2011-02-22 15:09:00,2011-02,United Kingdom,United Kingdom,Weekday,3336.7599999999998,2874,34,17511,1.5747242189052901,True,False
541695,2011-01-20 18:01:00,2011-01,United Kingdom,United Kingdom,Weekday,3323.19,1253,402,,1.567102197850076,True,False
552659,2011-05-10 15:03:00,2011-05,United Kingdom,United Kingdom,Weekday,3320.77,822,86,,1.5657429280672006,True,False
562608,2011-08-08 11:45:00,2011-08,United Kingdom,United Kingdom,Weekday,3315.0699999999997,1905,89,15502,1.5625413422149732,True,False
578940,2011-11-27 13:18:00,2011-11,United Kingdom,United Kingdom,Weekend,3310.12,635,67,,1.559761017659092,True,False
573263,2011-10-28 12:34:00,2011-10,United Kingdom,United Kingdom,Weekday,3304.03,3917,22,13694,1.5563403759327656,True,False
561647,2011-07-28 15:20:00,2011-07,United Kingdom,United Kingdom,Weekday,3301.38,1764,29,13340,1.5548519193523438,True,False
560080,2011-07-14 16:23:00,2011-07,United Kingdom,United Kingdom,Weekday,3279.36,1632,10,17450,1.5424836876916355,True,False
546160,2011-03-10 09:49:00,2011-03,United Kingdom,United Kingdom,Weekday,3277.24,1844,32,15838,1.541292922427298,True,False
549100,2011-04-06 11:14:00,2011-04,United Kingdom,United Kingdom,Weekday,3275.33,758,84,,1.5402201103259376,True,False
543831,2011-02-14 09:57:00,2011-02,United Kingdom,United Kingdom,Weekday,3257.4,1948,10,15769,1.5301491569346344,True,False
563532,2011-08-17 11:04:00,2011-08,United Kingdom,United Kingdom,Weekday,3256.88,2504,33,17511,1.5298570824358344,True,False
548496,2011-03-31 13:40:00,2011-03,France,International,Weekday,3243.13,2271,35,12678,1.5221339586694973,True,False
538991,2010-12-15 11:53:00,2010-12,United Kingdom,United Kingdom,Weekday,3240.4,3944,45,17511,1.5206005675507992,True,False
541423,2011-01-17 17:54:00,2011-01,United Kingdom,United Kingdom,Weekday,3237.88,1230,402,,1.5191851295950776,True,False
564857,2011-08-31 09:23:00,2011-08,United Kingdom,United Kingdom,Weekday,3236.94,480,158,,1.5186571487703246,True,False
547362,2011-03-22 12:33:00,2011-03,United Kingdom,United Kingdom,Weekday,3221.88,4686,39,13694,1.5101982219397034,True,False
581497,2011-12-09 10:23:00,2011-12,United Kingdom,United Kingdom,Weekday,3217.2000000000003,654,56,,1.5075695514505068,True,False
562031,2011-08-01 17:37:00,2011-08,United Kingdom,United Kingdom,Weekday,3213.19,1594,262,16984,1.5053172077193786,True,False
544672,2011-02-22 15:45:00,2011-02,Netherlands,International,Weekday,3211.7,2940,44,14646,1.5044803019439714,True,False
570258,2011-10-10 09:56:00,2011-10,United Kingdom,United Kingdom,Weekday,3210.46,420,154,,1.50378381660068,True,False
563404,2011-08-16 11:04:00,2011-08,United Kingdom,United Kingdom,Weekday,3209.15,1607,94,16303,1.5030480135363966,True,False
544612,2011-02-22 10:43:00,2011-02,United Kingdom,United Kingdom,Weekday,3202.9199999999996,3906,1,18087,1.499548736368085,True,False
565836,2011-09-07 11:41:00,2011-09,United Kingdom,United Kingdom,Weekday,3200.28,2186,38,17511,1.4980658966049485,True,False
567480,2011-09-20 13:38:00,2011-09,United Kingdom,United Kingdom,Weekday,3200.0,1000,2,17450,1.497908625720979,True,False
540821,2011-01-11 13:16:00,2011-01,United Kingdom,United Kingdom,Weekday,3195.7799999999997,1067,406,,1.495538328826874,True,False
536387,2010-12-01 09:58:00,2010-12,United Kingdom,United Kingdom,Weekday,3193.92,1440,5,16029,1.494493600811937,True,False
567387,2011-09-20 10:38:00,2011-09,United Kingdom,United Kingdom,Weekday,3189.94,1232,7,17450,1.4922581075326629,True,False
567962,2011-09-23 09:19:00,2011-09,United Kingdom,United Kingdom,Weekday,3187.12,1768,17,15838,1.4906741650584028,True,False
542629,2011-01-31 09:57:00,2011-01,France,International,Weekday,3174.4300000000003,1617,46,12731,1.4835464239242344,True,False
576090,2011-11-14 08:56:00,2011-11,United Kingdom,United Kingdom,Weekday,3174.3999999999996,1376,9,17450,1.4835295734723803,True,False
569382,2011-10-03 16:44:00,2011-10,United Kingdom,United Kingdom,Weekday,3155.95,1,1,15502,1.4731665455822769,True,False
576391,2011-11-15 10:13:00,2011-11,United Kingdom,United Kingdom,Weekday,3153.19,690,67,,1.4716163040117254,True,False
563439,2011-08-16 13:05:00,2011-08,United Kingdom,United Kingdom,Weekday,3148.4,718,74,,1.4689258485323977,True,False
563557,2011-08-17 13:33:00,2011-08,United Kingdom,United Kingdom,Weekday,3147.64,2286,165,15786,1.4684989704187674,True,False
576219,2011-11-14 12:58:00,2011-11,United Kingdom,United Kingdom,Weekday,3134.96,1600,16,15838,1.461376846101883,True,False
541219,2011-01-14 14:06:00,2011-01,United Kingdom,United Kingdom,Weekday,3134.2799999999997,1165,384,,1.4609949025265296,True,False
557377,2011-06-20 11:00:00,2011-06,EIRE,International,Weekday,3133.12,2,1,,1.460343351721515,True,False
579787,2011-11-30 15:33:00,2011-11,United Kingdom,United Kingdom,Weekday,3127.18,394,151,,1.4570069622544575,True,False
540277,2011-01-06 12:18:00,2011-01,United Kingdom,United Kingdom,Weekday,3120.2200000000003,1798,31,14258,1.4530976574243697,True,False
550710,2011-04-20 11:05:00,2011-04,United Kingdom,United Kingdom,Weekday,3108.64,1736,9,17450,1.4465933830087927,True,False
560772,2011-07-20 16:12:00,2011-07,United Kingdom,United Kingdom,Weekday,3105.08,1345,449,,1.4445937960554718,True,False
554868,2011-05-27 10:52:00,2011-05,United Kingdom,United Kingdom,Weekday,3096.0,4300,1,13135,1.439493725961047,True,False
572066,2011-10-20 13:07:00,2011-10,United Kingdom,United Kingdom,Weekday,3091.98,1642,100,15159,1.4372357654126344,True,False
538153,2010-12-09 16:31:00,2010-12,United Kingdom,United Kingdom,Weekday,3091.82,353,121,,1.4371458963360808,True,False
571797,2011-10-19 11:41:00,2011-10,United Kingdom,United Kingdom,Weekday,3071.57,407,161,,1.4257718413347478,True,False
579471,2011-11-29 15:08:00,2011-11,United Kingdom,United Kingdom,Weekday,3063.88,404,166,,1.4214525088428833,True,False
556723,2011-06-14 11:25:00,2011-06,United Kingdom,United Kingdom,Weekday,3060.4,756,7,18102,1.4194978564278398,True,False
555284,2011-06-02 09:37:00,2011-06,United Kingdom,United Kingdom,Weekday,3056.7200000000003,3280,105,14298,1.4174308676671035,True,False
544214,2011-02-17 11:19:00,2011-02,United Kingdom,United Kingdom,Weekday,3055.62,718,111,,1.4168130177657963,True,False
551012,2011-04-26 10:32:00,2011-04,United Kingdom,United Kingdom,Weekday,3036.22,555,72,,1.4059163922336553,True,False
556267,2011-06-09 19:33:00,2011-06,United Kingdom,United Kingdom,Weekday,3027.31,9811,31,13694,1.400911808033069,True,False
571061,2011-10-13 14:33:00,2011-10,United Kingdom,United Kingdom,Weekday,3024.22,386,151,,1.3991762114921247,True,False
546739,2011-03-16 12:12:00,2011-03,United Kingdom,United Kingdom,Weekday,3018.34,2374,42,17511,1.3958735229287746,True,False
574561,2011-11-04 15:52:00,2011-11,United Kingdom,United Kingdom,Weekday,3016.47,942,347,,1.3948231780965528,True,False
578321,2011-11-23 16:59:00,2011-11,Spain,International,Weekday,2990.0,920,4,12557,1.379955462744193,True,False
540478,2011-01-07 14:53:00,2011-01,United Kingdom,United Kingdom,Weekday,2970.0,1800,8,15769,1.3687218281749753,True,False
558614,2011-06-30 15:56:00,2011-06,United Kingdom,United Kingdom,Weekday,2962.33,1410,388,,1.3644137293176801,True,False
560434,2011-07-18 15:56:00,2011-07,United Kingdom,United Kingdom,Weekday,2953.59,1193,443,,1.3595046310109322,True,False
550740,2011-04-20 11:33:00,2011-04,United Kingdom,United Kingdom,Weekday,2951.52,520,79,,1.3583419498330183,True,False
572324,2011-10-24 09:52:00,2011-10,United Kingdom,United Kingdom,Weekday,2949.2799999999997,2344,9,14607,1.3570837827612656,True,False
550344,2011-04-18 09:00:00,2011-04,Japan,International,Weekday,2949.12,6432,14,12754,1.3569939136847118,True,False
550299,2011-04-15 16:46:00,2011-04,United Kingdom,United Kingdom,Weekday,2945.5,732,23,17389,1.3549606258276836,True,False
552572,2011-05-10 12:11:00,2011-05,United Kingdom,United Kingdom,Weekday,2944.7,1558,21,14680,1.3545112804449146,True,False
542428,2011-01-28 10:00:00,2011-01,Sweden,International,Weekday,2938.7599999999998,2804,21,17404,1.3511748909778574,True,False
560225,2011-07-15 16:27:00,2011-07,United Kingdom,United Kingdom,Weekday,2929.35,930,379,,1.3458894659130405,True,False
569740,2011-10-06 10:52:00,2011-10,United Kingdom,United Kingdom,Weekday,2924.0,1600,15,15769,1.3428844686657744,True,False
541518,2011-01-19 09:05:00,2011-01,Switzerland,International,Weekday,2919.5099999999998,2334,101,12451,1.3403625177049852,True,False
574285,2011-11-03 15:01:00,2011-11,United Kingdom,United Kingdom,Weekday,2907.2000000000003,1024,6,17450,1.333448215627632,True,False
569246,2011-10-03 09:57:00,2011-10,United Kingdom,United Kingdom,Weekday,2900.99,710,280,14096,1.3299601720938894,True,False
572540,2011-10-24 16:17:00,2011-10,United Kingdom,United Kingdom,Weekday,2900.83,392,168,,1.3298703030173358,True,False
574967,2011-11-08 10:51:00,2011-11,United Kingdom,United Kingdom,Weekday,2898.19,661,78,,1.3283874632541992,True,False
568411,2011-09-27 10:52:00,2011-09,United Kingdom,United Kingdom,Weekday,2886.66,426,126,,1.3219112729250448,True,False
571554,2011-10-18 09:13:00,2011-10,United Kingdom,United Kingdom,Weekday,2884.29,638,63,,1.3205800872285927,True,False
574298,2011-11-03 15:56:00,2011-11,United Kingdom,United Kingdom,Weekday,2880.25,876,416,,1.3183108930456107,True,False
557485,2011-06-20 14:38:00,2011-06,United Kingdom,United Kingdom,Weekday,2876.0,1600,6,15769,1.315923745699652,True,False
557472,2011-06-20 13:27:00,2011-06,Norway,International,Weekday,2862.06,1090,62,12432,1.3080939024049074,True,False
550278,2011-04-15 13:15:00,2011-04,United Kingdom,United Kingdom,Weekday,2857.79,599,75,,1.3056955214243793,True,False
571937,2011-10-20 09:28:00,2011-10,EIRE,International,Weekday,2856.14,4462,84,14911,1.304768746572419,True,False
549746,2011-04-12 10:38:00,2011-04,United Kingdom,United Kingdom,Weekday,2846.02,1918,30,15251,1.2990845274803948,True,False
554272,2011-05-23 13:08:00,2011-05,United Kingdom,United Kingdom,Weekday,2843.6,3863,6,12901,1.2977252576975193,True,False
579692,2011-11-30 14:05:00,2011-11,Norway,International,Weekday,2843.29,2299,68,12433,1.2975511363616963,True,False
566164,2011-09-09 11:56:00,2011-09,United Kingdom,United Kingdom,Weekday,2842.46,640,66,,1.297084940527074,True,False
541424,2011-01-17 17:57:00,2011-01,United Kingdom,United Kingdom,Weekday,2829.87,948,355,,1.2900133675657512,True,False
554358,2011-05-24 09:32:00,2011-05,United Kingdom,United Kingdom,Weekday,2825.3999999999996,828,2,17450,1.2875026502395308,True,False
559145,2011-07-06 14:17:00,2011-07,Sweden,International,Weekday,2825.1,3242,20,17404,1.287334145720993,True,False
558417,2011-06-29 10:50:00,2011-06,EIRE,International,Weekday,2822.7400000000002,2086,25,14156,1.2860085768418255,True,False
571034,2011-10-13 12:47:00,2011-10,Cyprus,International,Weekday,2814.3,644,100,12359,1.2812679830536153,True,False
565767,2011-09-06 14:28:00,2011-09,United Kingdom,United Kingdom,Weekday,2812.84,610,71,,1.2804479277300624,True,False
544392,2011-02-18 11:54:00,2011-02,United Kingdom,United Kingdom,Weekday,2807.31,1223,22,14680,1.277341827771674,True,False
551747,2011-05-04 11:00:00,2011-05,United Kingdom,United Kingdom,Weekday,2805.2799999999997,4760,58,14298,1.276201613862898,True,False
572185,2011-10-21 10:52:00,2011-10,United Kingdom,United Kingdom,Weekday,2801.92,564,57,,1.2743143632552696,True,False
569030,2011-09-30 10:27:00,2011-09,United Kingdom,United Kingdom,Weekday,2800.0,350,9,17450,1.2732359343366246,True,False
577783,2011-11-21 16:20:00,2011-11,United Kingdom,United Kingdom,Weekday,2786.4,1644,35,18139,1.2655970628295568,True,False
552574,2011-05-10 12:20:00,2011-05,United Kingdom,United Kingdom,Weekday,2764.29,2023,44,15311,1.2531782798132862,True,False
541670,2011-01-20 12:34:00,2011-01,EIRE,International,Weekday,2756.84,1332,21,14911,1.2489937509362528,True,False
541104,2011-01-13 14:29:00,2011-01,United Kingdom,United Kingdom,Weekday,2751.16,947,360,,1.2458033987185948,True,False
568717,2011-09-28 16:17:00,2011-09,United Kingdom,United Kingdom,Weekday,2748.0,600,2,18102,1.2440284844566585,True,False
537793,2010-12-08 12:57:00,2010-12,United Kingdom,United Kingdom,Weekday,2746.75,1655,27,15032,1.2433263822960823,True,False
558311,2011-06-28 11:22:00,2011-06,Netherlands,International,Weekday,2739.92,1588,20,14646,1.2394900960906945,True,False
579557,2011-11-30 11:18:00,2011-11,United Kingdom,United Kingdom,Weekday,2739.38,600,57,,1.2391867879573257,True,False
564322,2011-08-24 13:23:00,2011-08,United Kingdom,United Kingdom,Weekday,2736.99,2335,22,13694,1.237844368626304,True,False
559919,2011-07-13 15:30:00,2011-07,Australia,International,Weekday,2735.16,4308,22,12415,1.2368164910632207,True,False
571119,2011-10-14 09:04:00,2011-10,United Kingdom,United Kingdom,Weekday,2733.65,584,71,,1.2359683516532451,True,False
565145,2011-09-01 13:50:00,2011-09,Australia,International,Weekday,2732.92,2692,8,12415,1.2355583239914683,True,False
536785,2010-12-02 15:22:00,2010-12,United Kingdom,United Kingdom,Weekday,2730.96,1008,6,15061,1.234457427803685,True,False
571305,2011-10-17 09:55:00,2011-10,United Kingdom,United Kingdom,Weekday,2729.23,367,134,,1.2334857184134478,True,False
540995,2011-01-13 09:30:00,2011-01,United Kingdom,United Kingdom,Weekday,2700.92,914,346,,1.21758450868072,True,False
562933,2011-08-10 16:51:00,2011-08,United Kingdom,United Kingdom,Weekday,2697.53,631,290,,1.215680407621238,True,False
544776,2011-02-23 11:39:00,2011-02,United Kingdom,United Kingdom,Weekday,2695.09,628,117,,1.214309904203793,True,False
566787,2011-09-15 10:31:00,2011-09,United Kingdom,United Kingdom,Weekday,2693.5699999999997,410,127,,1.2134561479765322,True,False
540418,2011-01-07 11:04:00,2011-01,United Kingdom,United Kingdom,Weekday,2688.72,1075,352,,1.2107319915934973,True,False
561474,2011-07-27 13:18:00,2011-07,United Kingdom,United Kingdom,Weekday,2688.27,1501,22,14680,1.2104792348156899,True,False
580363,2011-12-02 16:32:00,2011-12,United Kingdom,United Kingdom,Weekday,2685.0,1500,1,13868,1.2086425355636226,True,False
546388,2011-03-11 13:42:00,2011-03,United Kingdom,United Kingdom,Weekday,2676.13,623,90,,1.2036604186321747,True,False
577754,2011-11-21 14:47:00,2011-11,United Kingdom,United Kingdom,Weekday,2675.28,1524,34,18139,1.2031829891629833,True,False
537852,2010-12-08 15:56:00,2010-12,United Kingdom,United Kingdom,Weekday,2671.27,1665,86,17340,1.200930645431855,True,False
558540,2011-06-30 12:15:00,2011-06,United Kingdom,United Kingdom,Weekday,2662.17,965,88,17706,1.1958193417028606,True,False
541932,2011-01-24 11:39:00,2011-01,Greece,International,Weekday,2661.24,526,32,14439,1.195296977695392,True,False
564087,2011-08-23 09:38:00,2011-08,Hong Kong,International,Weekday,2653.9500000000003,735,48,,1.1912023178949125,True,False
567353,2011-09-19 16:14:00,2011-09,Hong Kong,International,Weekday,2653.95,1,1,,1.191202317894912,True,False
553540,2011-05-17 15:32:00,2011-05,United Kingdom,United Kingdom,Weekday,2649.52,2316,47,17511,1.1887140678378305,True,False
539338,2010-12-17 10:54:00,2010-12,Sweden,International,Weekday,2646.2999999999997,3714,25,17404,1.1869054526721865,True,False
575328,2011-11-09 13:48:00,2011-11,United Kingdom,United Kingdom,Weekday,2640.0,2400,5,17857,1.1833668577828826,True,False
544824,2011-02-24 09:32:00,2011-02,United Kingdom,United Kingdom,Weekday,2639.38,894,131,17139,1.183018615111237,True,False
569846,2011-10-06 13:42:00,2011-10,United Kingdom,United Kingdom,Weekday,2626.3,1326,127,13422,1.1756718181029686,True,False
541696,2011-01-20 18:08:00,2011-01,United Kingdom,United Kingdom,Weekday,2619.14,1038,371,,1.1716501769271888,True,False
581476,2011-12-09 08:48:00,2011-12,Norway,International,Weekday,2618.89,2215,65,12433,1.1715097564950736,True,False
552888,2011-05-12 10:23:00,2011-05,United Kingdom,United Kingdom,Weekday,2613.36,1264,13,15061,1.168403656536685,True,False
559322,2011-07-07 14:46:00,2011-07,United Kingdom,United Kingdom,Weekday,2609.0,1372,7,15769,1.1659547242005952,True,False
566195,2011-09-09 13:44:00,2011-09,Norway,International,Weekday,2608.11,1849,81,12433,1.1654548274622654,True,False
561397,2011-07-27 10:41:00,2011-07,United Kingdom,United Kingdom,Weekday,2606.4,1056,2,16532,1.1644943517065973,True,False
538998,2010-12-15 12:08:00,2010-12,United Kingdom,United Kingdom,Weekday,2605.88,1101,15,15061,1.1642022772077973,True,False
565378,2011-09-02 15:16:00,2011-09,United Kingdom,United Kingdom,Weekday,2605.74,562,74,,1.1641236417658127,True,False
545865,2011-03-07 14:17:00,2011-03,United Kingdom,United Kingdom,Weekday,2597.4,1548,8,15769,1.1594392161504492,True,False
564310,2011-08-24 12:51:00,2011-08,United Kingdom,United Kingdom,Weekday,2597.0,1372,7,15769,1.1592145434590646,True,False
538827,2010-12-14 12:59:00,2010-12,United Kingdom,United Kingdom,Weekday,2594.7599999999998,2552,89,14298,1.1579563763873124,True,False
579271,2011-11-29 09:56:00,2011-11,United Kingdom,United Kingdom,Weekday,2586.6899999999996,649,10,17450,1.1534236048386326,True,False
546558,2011-03-15 09:50:00,2011-03,Hong Kong,International,Weekday,2583.76,1,1,,1.1517778773742426,True,False
566976,2011-09-16 09:27:00,2011-09,United Kingdom,United Kingdom,Weekday,2582.78,1677,116,15382,1.1512274292803513,True,False
575687,2011-11-10 16:03:00,2011-11,United Kingdom,United Kingdom,Weekday,2581.07,1041,44,16126,1.150266953524683,True,False
540160,2011-01-05 11:50:00,2011-01,United Kingdom,United Kingdom,Weekday,2574.48,1032,3,15769,1.1465654709341255,True,False
560841,2011-07-21 12:25:00,2011-07,United Kingdom,United Kingdom,Weekday,2569.55,2169,99,14298,1.1437963800128135,True,False
537235,2010-12-06 09:45:00,2010-12,United Kingdom,United Kingdom,Weekday,2567.6400000000003,1464,5,17381,1.1427235679114534,True,False
536576,2010-12-01 16:11:00,2010-12,United Kingdom,United Kingdom,Weekday,2558.42,1122,16,13777,1.1375448623750437,True,False
552957,2011-05-12 12:36:00,2011-05,Sweden,International,Weekday,2557.88,2794,16,17404,1.137241554241675,True,False
541422,2011-01-17 17:48:00,2011-01,United Kingdom,United Kingdom,Weekday,2555.13,894,378,,1.1356969294884074,True,False
545320,2011-03-01 14:47:00,2011-03,EIRE,International,Weekday,2541.15,669,6,14156,1.1278446189245244,True,False
569653,2011-10-05 12:52:00,2011-10,Switzerland,International,Weekday,2539.56,1650,100,12451,1.1269515449762715,True,False
573553,2011-10-31 13:48:00,2011-10,United Kingdom,United Kingdom,Weekday,2534.37,345,145,,1.1240364168055594,True,False
539492,2010-12-20 10:14:00,2010-12,United Kingdom,United Kingdom,Weekday,2529.81,468,279,,1.1214751481237777,True,False
548010,2011-03-29 11:04:00,2011-03,Netherlands,International,Weekday,2527.94,1070,15,14646,1.120424803291556,True,False
547788,2011-03-25 12:00:00,2011-03,United Kingdom,United Kingdom,Weekday,2526.98,431,177,,1.1198855888322334,True,False
573320,2011-10-30 10:29:00,2011-10,United Kingdom,United Kingdom,Weekend,2520.28,857,38,15513,1.1161223212515456,True,False
555855,2011-06-07 13:56:00,2011-06,United Kingdom,United Kingdom,Weekday,2516.19,1911,46,15311,1.1138250429821406,True,False
561209,2011-07-25 16:57:00,2011-07,United Kingdom,United Kingdom,Weekday,2511.4,661,300,,1.111134587502813,True,False
575220,2011-11-09 11:19:00,2011-11,United Kingdom,United Kingdom,Weekday,2506.0,1400,14,17511,1.1081015061691242,True,False
568781,2011-09-29 08:28:00,2011-09,United Kingdom,United Kingdom,Weekday,2505.84,1000,16,14952,1.1080116370925703,True,False
571864,2011-10-19 13:49:00,2011-10,France,International,Weekday,2503.74,566,16,12731,1.1068321054628023,True,False
562946,2011-08-11 09:38:00,2011-08,United Kingdom,United Kingdom,Weekday,2500.0,1,1,15581,1.1047314157983588,True,False
569084,2011-09-30 11:56:00,2011-09,United Kingdom,United Kingdom,Weekday,2496.0,384,1,17949,1.1024846888845152,True,False
556725,2011-06-14 11:28:00,2011-06,United Kingdom,United Kingdom,Weekday,2496.0,200,1,18102,1.1024846888845152,True,False
542891,2011-02-01 13:26:00,2011-02,United Kingdom,United Kingdom,Weekday,2489.11,1184,43,16705,1.0986147017754198,True,False
569571,2011-10-05 10:09:00,2011-10,United Kingdom,United Kingdom,Weekday,2487.4,2788,13,16684,1.0976542260197517,True,False
570275,2011-10-10 10:57:00,2011-10,United Kingdom,United Kingdom,Weekday,2482.44,1263,29,13098,1.0948682846465856,True,False
558904,2011-07-04 16:18:00,2011-07,United Kingdom,United Kingdom,Weekday,2479.2,946,309,,1.0930484358463721,True,False
536477,2010-12-01 12:27:00,2010-12,United Kingdom,United Kingdom,Weekday,2474.7400000000002,1070,14,16210,1.090543335337437,True,False
545227,2011-03-01 09:35:00,2011-03,Finland,International,Weekday,2474.62,1273,98,12428,1.0904759335300214,True,False
553471,2011-05-17 11:28:00,2011-05,United Kingdom,United Kingdom,Weekday,2462.26,330,9,18102,1.083533547366245,True,False
543237,2011-02-04 13:39:00,2011-02,United Kingdom,United Kingdom,Weekday,2461.98,565,106,,1.0833762764822759,True,False
569137,2011-09-30 14:45:00,2011-09,United Kingdom,United Kingdom,Weekday,2455.63,362,130,,1.0798095975065494,True,False
554098,2011-05-22 13:01:00,2011-05,United Kingdom,United Kingdom,Weekend,2454.11,1562,249,14769,1.0789558412792888,True,False
537645,2010-12-07 15:34:00,2010-12,United Kingdom,United Kingdom,Weekday,2448.29,254,107,,1.0756868536196462,True,False
538149,2010-12-09 16:27:00,2010-12,United Kingdom,United Kingdom,Weekday,2446.16,239,113,,1.0744904715380246,True,False
566534,2011-09-13 11:32:00,2011-09,United Kingdom,United Kingdom,Weekday,2437.77,531,66,,1.0697779618362377,True,False
580652,2011-12-05 13:33:00,2011-12,United Kingdom,United Kingdom,Weekday,2430.08,3920,33,17511,1.0654586293443735,True,False
553182,2011-05-15 12:21:00,2011-05,United Kingdom,United Kingdom,Weekend,2422.15,1024,103,17107,1.0610044932376788,True,False
568057,2011-09-23 12:56:00,2011-09,United Kingdom,United Kingdom,Weekday,2420.5699999999997,360,134,,1.0601170361067103,True,False
541497,2011-01-18 15:19:00,2011-01,United Kingdom,United Kingdom,Weekday,2418.2599999999998,1017,340,,1.0588195513139658,True,False
559693,2011-07-11 16:21:00,2011-07,United Kingdom,United Kingdom,Weekday,2416.97,934,358,,1.0580949818842513,True,False
537643,2010-12-07 15:34:00,2010-12,United Kingdom,United Kingdom,Weekday,2416.59,269,123,,1.0578815428274362,True,False
537393,2010-12-06 13:59:00,2010-12,United Kingdom,United Kingdom,Weekday,2415.04,972,34,13089,1.0570109361483218,True,False
558774,2011-07-04 10:17:00,2011-07,United Kingdom,United Kingdom,Weekday,2403.3199999999997,840,310,,1.0504280262907602,True,False
546896,2011-03-17 18:24:00,2011-03,United Kingdom,United Kingdom,Weekday,2398.2,627,298,,1.0475522158410404,True,False
536865,2010-12-03 11:28:00,2010-12,United Kingdom,United Kingdom,Weekday,2396.96,317,140,,1.046855730497749,True,False
550458,2011-04-18 13:13:00,2011-04,United Kingdom,United Kingdom,Weekday,2395.58,681,332,,1.0460806097124729,True,False
572704,2011-10-25 14:39:00,2011-10,United Kingdom,United Kingdom,Weekday,2394.1,511,63,,1.0452493207543507,True,False
558554,2011-06-30 12:50:00,2011-06,United Kingdom,United Kingdom,Weekday,2390.4,576,1,17949,1.0431710983590456,True,False
552013,2011-05-05 17:34:00,2011-05,Switzerland,International,Weekday,2388.31,1771,94,12451,1.0419971835465622,True,False
562850,2011-08-10 10:08:00,2011-08,United Kingdom,United Kingdom,Weekday,2388.2,1324,17,14680,1.0419353985564315,True,False
559923,2011-07-13 16:07:00,2011-07,United Kingdom,United Kingdom,Weekday,2387.13,883,341,,1.0413343991069786,True,False
559506,2011-07-08 15:17:00,2011-07,United Kingdom,United Kingdom,Weekday,2382.68,915,315,,1.0388349154153274,True,False
566816,2011-09-15 10:53:00,2011-09,France,International,Weekday,2377.9,1060,31,12731,1.0361500767532845,True,False
568797,2011-09-29 10:22:00,2011-09,United Kingdom,United Kingdom,Weekday,2377.0,1340,12,13694,1.0356445631976696,True,False
541864,2011-01-23 16:17:00,2011-01,United Kingdom,United Kingdom,Weekend,2375.42,1174,19,13798,1.0347571060667016,True,False
574532,2011-11-04 14:19:00,2011-11,United Kingdom,United Kingdom,Weekday,2370.04,1627,135,15676,1.0317352583675818,True,False
560646,2011-07-20 11:28:00,2011-07,United Kingdom,United Kingdom,Weekday,2365.91,581,7,18102,1.0294155128290383,True,False
573274,2011-10-28 13:10:00,2011-10,United Kingdom,United Kingdom,Weekday,2362.83,505,65,,1.027685533105379,True,False
543737,2011-02-11 12:45:00,2011-02,Germany,International,Weekday,2355.9500000000003,639,52,12477,1.0238211628135683,True,False
537034,2010-12-03 17:20:00,2010-12,United Kingdom,United Kingdom,Weekday,2355.1800000000003,1338,73,13081,1.0233886678826534,True,False
562143,2011-08-03 10:41:00,2011-08,United Kingdom,United Kingdom,Weekday,2353.0,1460,24,16422,1.0221642017146084,True,False
569257,2011-10-03 11:24:00,2011-10,United Kingdom,United Kingdom,Weekday,2350.98,916,19,18102,1.0210296046231175,True,False
570187,2011-10-07 15:09:00,2011-10,United Kingdom,United Kingdom,Weekday,2350.68,777,319,,1.020861100104579,True,False
572758,2011-10-25 18:39:00,2011-10,United Kingdom,United Kingdom,Weekday,2347.9,560,263,,1.019299624899458,True,False
543448,2011-02-08 12:12:00,2011-02,United Kingdom,United Kingdom,Weekday,2347.39,551,104,,1.0190131672179428,True,False
544657,2011-02-22 13:08:00,2011-02,United Kingdom,United Kingdom,Weekday,2346.34,964,118,14895,1.018423401403059,True,False
567024,2011-09-16 11:23:00,2011-09,United Kingdom,United Kingdom,Weekday,2342.8,577,71,,1.0164350480843074,True,False
547209,2011-03-21 14:44:00,2011-03,United Kingdom,United Kingdom,Weekday,2340.05,1593,82,13081,1.01489042333104,True,False
559338,2011-07-07 16:30:00,2011-07,United Kingdom,United Kingdom,Weekday,2339.28,823,344,,1.0144579284001252,True,False
578233,2011-11-23 12:20:00,2011-11,United Kingdom,United Kingdom,Weekday,2333.98,1658,204,14049,1.0114810152392824,True,False
560773,2011-07-20 16:17:00,2011-07,United Kingdom,United Kingdom,Weekday,2330.17,847,334,,1.0093410078538465,True,False
546528,2011-03-14 13:04:00,2011-03,United Kingdom,United Kingdom,Weekday,2329.15,1705,38,15311,1.0087680924908164,True,False
575146,2011-11-08 15:45:00,2011-11,United Kingdom,United Kingdom,Weekday,2328.84,1402,24,17313,1.0085939711549936,True,False
562029,2011-08-01 16:41:00,2011-08,United Kingdom,United Kingdom,Weekday,2327.0,1300,7,16182,1.0075604767746253,True,False
569839,2011-10-06 13:21:00,2011-10,United Kingdom,United Kingdom,Weekday,2327.0,1300,6,15769,1.0075604767746253,True,False
571298,2011-10-17 08:14:00,2011-10,United Kingdom,United Kingdom,Weekday,2327.0,1300,6,15769,1.0075604767746253,True,False
570688,2011-10-11 16:29:00,2011-10,United Kingdom,United Kingdom,Weekday,2326.73,757,293,,1.007408822707941,True,False
572550,2011-10-24 17:06:00,2011-10,United Kingdom,United Kingdom,Weekday,2324.63,590,287,,1.0062292910781732,True,False
562353,2011-08-04 13:15:00,2011-08,United Kingdom,United Kingdom,Weekday,2317.0,1312,32,16180,1.0019436594900166,True,False
572123,2011-10-21 08:40:00,2011-10,Netherlands,International,Weekday,2314.48,1780,16,14646,1.000528221534295,True,False
540646,2011-01-10 14:32:00,2011-01,United Kingdom,United Kingdom,Weekday,2312.89,986,350,,0.9996351475860422,True,False
540468,2011-01-07 13:55:00,2011-01,United Kingdom,United Kingdom,Weekday,2311.53,948,334,,0.9988712604353356,True,False
547063,2011-03-20 13:33:00,2011-03,United Kingdom,United Kingdom,Weekend,2309.15,1610,271,14769,0.9975344579215987,True,False
572553,2011-10-24 17:09:00,2011-10,United Kingdom,United Kingdom,Weekday,2303.2,652,280,,0.9941924516372562,True,False
570592,2011-10-11 11:37:00,2011-10,United Kingdom,United Kingdom,Weekday,2299.61,543,72,,0.9921760142320818,True,False
548807,2011-04-04 12:54:00,2011-04,United Kingdom,United Kingdom,Weekday,2298.0,1648,18,16422,0.9912717066492597,True,False
565116,2011-09-01 11:30:00,2011-09,United Kingdom,United Kingdom,Weekday,2297.52,1322,27,13089,0.9910020994195985,True,False
559499,2011-07-08 14:22:00,2011-07,United Kingdom,United Kingdom,Weekday,2295.74,460,62,,0.9900023059429379,True,False
548894,2011-04-04 16:01:00,2011-04,United Kingdom,United Kingdom,Weekday,2295.0299999999997,723,254,,0.9896035119157307,True,False
552232,2011-05-06 15:54:00,2011-05,United Kingdom,United Kingdom,Weekday,2293.79,697,283,,0.9889070265724393,True,False
547706,2011-03-24 18:25:00,2011-03,United Kingdom,United Kingdom,Weekday,2278.8,1108,3,12901,0.9804874174628108,True,False
567981,2011-09-23 11:22:00,2011-09,United Kingdom,United Kingdom,Weekday,2275.04,467,71,,0.9783754941637978,True,False
564323,2011-08-24 13:24:00,2011-08,United Kingdom,United Kingdom,Weekday,2275.0,1300,11,13694,0.9783530268946593,True,False
556803,2011-06-14 14:57:00,2011-06,United Kingdom,United Kingdom,Weekday,2274.39,459,71,,0.9780104010402981,True,False
541430,2011-01-18 09:50:00,2011-01,Portugal,International,Weekday,2271.62,1216,36,12356,0.9764545426524615,True,False
557112,2011-06-16 16:31:00,2011-06,United Kingdom,United Kingdom,Weekday,2271.0299999999997,642,237,,0.9761231504326694,True,False
537256,2010-12-06 11:06:00,2010-12,United Kingdom,United Kingdom,Weekday,2263.8,796,11,16210,0.9720621915358975,True,False
543669,2011-02-11 11:22:00,2011-02,United Kingdom,United Kingdom,Weekday,2256.0,2400,1,16029,0.9676810740539025,True,False
565491,2011-09-05 11:41:00,2011-09,United Kingdom,United Kingdom,Weekday,2251.94,1066,19,13881,0.9654006462363512,True,False
579986,2011-12-01 11:18:00,2011-12,United Kingdom,United Kingdom,Weekday,2251.51,1167,14,13777,0.9651591230931132,True,False
572765,2011-10-26 10:02:00,2011-10,United Kingdom,United Kingdom,Weekday,2251.2,672,3,16013,0.9649850017572901,True,False
570087,2011-10-07 11:26:00,2011-10,United Kingdom,United Kingdom,Weekday,2246.0299999999997,500,78,,0.9620811072211473,True,False
566220,2011-09-09 15:53:00,2011-09,United Kingdom,United Kingdom,Weekday,2243.7,1128,25,15251,0.9607723887938334,True,False
565213,2011-09-01 17:19:00,2011-09,EIRE,International,Weekday,2242.3199999999997,1776,8,14911,0.9599972680085573,True,False
568095,2011-09-23 14:49:00,2011-09,EIRE,International,Weekday,2241.81,1242,120,14911,0.9597108103270424,True,False
581179,2011-12-07 15:43:00,2011-12,Germany,International,Weekday,2238.5099999999998,890,38,12471,0.9578572606231214,True,False
548516,2011-03-31 16:28:00,2011-03,United Kingdom,United Kingdom,Weekday,2234.58,653,193,,0.9556498514302703,True,False
555947,2011-06-08 10:45:00,2011-06,EIRE,International,Weekday,2233.28,2090,57,14911,0.9549196651832712,True,False
577852,2011-11-22 11:08:00,2011-11,United Kingdom,United Kingdom,Weekday,2232.0,480,1,16532,0.9542007125708412,True,False
558523,2011-06-30 10:44:00,2011-06,United Kingdom,United Kingdom,Weekday,2231.3,2105,3,17949,0.9538075353609187,True,False
541975,2011-01-24 14:24:00,2011-01,Hong Kong,International,Weekday,2230.96,1061,47,,0.9536165635732419,True,False
574707,2011-11-06 14:08:00,2011-11,United Kingdom,United Kingdom,Weekend,2227.86,1296,76,17107,0.9518753502150131,True,False
557571,2011-06-21 10:53:00,2011-06,United Kingdom,United Kingdom,Weekday,2221.84,2668,13,12830,0.9484940262096786,True,False
550137,2011-04-14 13:59:00,2011-04,Germany,International,Weekday,2221.02,728,57,12477,0.9480334471923406,True,False
554694,2011-05-25 17:06:00,2011-05,United Kingdom,United Kingdom,Weekday,2216.87,549,219,,0.9457024680192279,True,False
538148,2010-12-09 16:26:00,2010-12,United Kingdom,United Kingdom,Weekday,2215.27,225,111,,0.9448037772536906,True,False
559357,2011-07-07 18:56:00,2011-07,United Kingdom,United Kingdom,Weekday,2215.25,581,64,17107,0.9447925436191213,True,False
578358,2011-11-24 10:35:00,2011-11,United Kingdom,United Kingdom,Weekday,2210.64,948,12,15482,0.9422031908509165,True,False
550823,2011-04-21 09:36:00,2011-04,United Kingdom,United Kingdom,Weekday,2210.05,1270,26,16133,0.9418717986311248,True,False
577021,2011-11-17 12:39:00,2011-11,United Kingdom,United Kingdom,Weekday,2209.74,906,3,12931,0.9416976772953017,True,False
563575,2011-08-17 15:05:00,2011-08,United Kingdom,United Kingdom,Weekday,2209.04,2084,3,17949,0.9413045000853792,True,False
560035,2011-07-14 13:41:00,2011-07,United Kingdom,United Kingdom,Weekday,2204.36,865,72,17706,0.9386758295961823,True,False
565234,2011-09-02 09:38:00,2011-09,United Kingdom,United Kingdom,Weekday,2201.61,501,229,,0.9371312048429149,True,False
567671,2011-09-21 15:34:00,2011-09,United Kingdom,United Kingdom,Weekday,2199.2799999999997,597,285,,0.9358224864156008,True,False
572326,2011-10-24 09:55:00,2011-10,United Kingdom,United Kingdom,Weekday,2199.12,1416,18,14607,0.9357326173390472,True,False
570113,2011-10-07 12:31:00,2011-10,United Kingdom,United Kingdom,Weekday,2198.13,1469,33,15874,0.935176552427871,True,False
557502,2011-06-20 15:32:00,2011-06,United Kingdom,United Kingdom,Weekday,2192.19,460,203,,0.9318401629608133,True,False
547947,2011-03-28 15:03:00,2011-03,United Kingdom,United Kingdom,Weekday,2188.5,1310,22,15032,0.9297675573827926,True,False
559337,2011-07-07 16:27:00,2011-07,United Kingdom,United Kingdom,Weekday,2184.93,672,298,,0.9277623536121872,True,False
565675,2011-09-06 09:51:00,2011-09,United Kingdom,United Kingdom,Weekday,2184.59,601,38,15513,0.9275713818245106,True,False
548718,2011-04-04 08:50:00,2011-04,EIRE,International,Weekday,2183.82,1162,14,14156,0.9271388868935958,True,False
554514,2011-05-24 15:58:00,2011-05,United Kingdom,United Kingdom,Weekday,2181.85,620,257,,0.9260323738885277,True,False
566576,2011-09-13 13:21:00,2011-09,United Kingdom,United Kingdom,Weekday,2180.3,977,20,13098,0.9251617672094135,True,False
573362,2011-10-30 13:06:00,2011-10,Spain,International,Weekend,2176.45,1484,116,12597,0.9229992925548388,True,False
536784,2010-12-02 15:20:00,2010-12,United Kingdom,United Kingdom,Weekday,2170.9,1330,25,15061,0.9198819589618811,True,False
540458,2011-01-07 12:28:00,2011-01,Germany,International,Weekday,2169.39,1783,149,12501,0.919033819551905,True,False
568193,2011-09-25 14:37:00,2011-09,United Kingdom,United Kingdom,Weekend,2166.21,1089,97,17107,0.9172476716553994,True,False
537642,2010-12-07 15:33:00,2010-12,United Kingdom,United Kingdom,Weekday,2164.51,256,122,,0.9162928127170161,True,False
568877,2011-09-29 12:31:00,2011-09,United Kingdom,United Kingdom,Weekday,2163.95,891,18,14680,0.9159782709490778,True,False
568408,2011-09-27 10:40:00,2011-09,United Kingdom,United Kingdom,Weekday,2162.45,504,61,,0.9151357483563864,True,False
547396,2011-03-22 16:54:00,2011-03,United Kingdom,United Kingdom,Weekday,2162.2599999999998,472,77,,0.9150290288279789,True,False
548257,2011-03-30 10:54:00,2011-03,United Kingdom,United Kingdom,Weekday,2161.32,1104,28,13802,0.9145010480032258,True,False
568134,2011-09-23 17:02:00,2011-09,United Kingdom,United Kingdom,Weekday,2159.73,586,257,,0.913607974054973,True,False
570701,2011-10-12 09:35:00,2011-10,United Kingdom,United Kingdom,Weekday,2159.3,1158,37,16652,0.9133664509117349,True,False
538354,2010-12-10 15:45:00,2010-12,United Kingdom,United Kingdom,Weekday,2157.64,1040,68,16873,0.9124340592424895,True,False
559032,2011-07-05 14:53:00,2011-07,United Kingdom,United Kingdom,Weekday,2156.44,1502,36,17511,0.9117600411683366,True,False
569640,2011-10-05 12:25:00,2011-10,Germany,International,Weekday,2145.38,962,27,12471,0.9055478412515593,True,False
556718,2011-06-14 11:02:00,2011-06,United Kingdom,United Kingdom,Weekday,2145.0,780,1,16013,0.905334402194744,True,False
571508,2011-10-17 15:27:00,2011-10,United Kingdom,United Kingdom,Weekday,2144.38,784,331,,0.9049861595230984,True,False
571289,2011-10-16 15:27:00,2011-10,United Kingdom,United Kingdom,Weekend,2142.79,1370,68,15113,0.9040930855748455,True,False
562715,2011-08-08 15:34:00,2011-08,United Kingdom,United Kingdom,Weekday,2138.62,529,196,,0.9017508727671636,True,False
554310,2011-05-23 15:25:00,2011-05,United Kingdom,United Kingdom,Weekday,2133.63,497,162,,0.8989480809421438,True,False
579093,2011-11-28 10:54:00,2011-11,United Kingdom,United Kingdom,Weekday,2123.92,1322,63,13081,0.8934941513587886,True,False
571931,2011-10-19 16:59:00,2011-10,United Kingdom,United Kingdom,Weekday,2120.09,572,261,,0.8913429103387834,True,False
548968,2011-04-05 10:58:00,2011-04,Singapore,International,Weekday,2118.74,1384,52,12744,0.8905846400053611,True,False
574534,2011-11-04 14:26:00,2011-11,United Kingdom,United Kingdom,Weekday,2118.12,1005,16,15061,0.8902363973337154,True,False
566985,2011-09-16 10:42:00,2011-09,United Kingdom,United Kingdom,Weekday,2117.26,312,119,,0.8897533510472392,True,False
545530,2011-03-03 13:45:00,2011-03,United Kingdom,United Kingdom,Weekday,2114.71,1345,98,17416,0.8883210626396638,True,False
570871,2011-10-12 16:36:00,2011-10,United Kingdom,United Kingdom,Weekday,2110.05,672,283,,0.8857036257850361,True,False
556484,2011-06-12 13:17:00,2011-06,United Kingdom,United Kingdom,Weekend,2108.7000000000003,2183,195,16938,0.884945355451614,True,False
548169,2011-03-29 13:48:00,2011-03,United Kingdom,United Kingdom,Weekday,2106.46,1250,29,14680,0.8836871883798615,True,False
556237,2011-06-09 15:34:00,2011-06,United Kingdom,United Kingdom,Weekday,2106.34,604,243,,0.8836197865724462,True,False
555352,2011-06-02 12:46:00,2011-06,United Kingdom,United Kingdom,Weekday,2105.98,1110,11,15838,0.8834175811502003,True,False
539631,2010-12-20 15:03:00,2010-12,United Kingdom,United Kingdom,Weekday,2104.0,416,244,,0.8823054513278477,True,False
546067,2011-03-09 10:58:00,2011-03,United Kingdom,United Kingdom,Weekday,2099.7,780,4,17450,0.8798902198954658,True,False
539595,2010-12-20 13:43:00,2010-12,United Kingdom,United Kingdom,Weekday,2094.9,418,267,,0.8771941475988537,True,False
540352,2011-01-06 14:27:00,2011-01,United Kingdom,United Kingdom,Weekday,2094.11,783,335,,0.8767504190333696,True,False
545895,2011-03-07 17:14:00,2011-03,United Kingdom,United Kingdom,Weekday,2092.33,554,223,,0.8757506255567091,True,False
563589,2011-08-17 19:40:00,2011-08,United Kingdom,United Kingdom,Weekday,2080.0,260,13,17450,0.8688250898447865,True,False
570522,2011-10-11 10:46:00,2011-10,United Kingdom,United Kingdom,Weekday,2076.0,1164,7,16029,0.8665783629309429,True,False
579501,2011-11-29 16:16:00,2011-11,United Kingdom,United Kingdom,Weekday,2075.81,625,29,14088,0.8664716434025352,True,False
576051,2011-11-13 14:45:00,2011-11,EIRE,International,Weekend,2068.4900000000002,945,69,14911,0.8623601331502018,True,False
577393,2011-11-18 17:06:00,2011-11,United Kingdom,United Kingdom,Weekday,2068.09,806,22,14031,0.8621354604588174,True,False
560887,2011-07-21 16:28:00,2011-07,United Kingdom,United Kingdom,Weekday,2064.8,944,4,16041,0.8602875275721811,True,False
567461,2011-09-20 12:31:00,2011-09,United Kingdom,United Kingdom,Weekday,2064.34,456,70,,0.860029153977089,True,False
539465,2010-12-19 11:38:00,2010-12,United Kingdom,United Kingdom,Weekend,2062.44,876,12,16684,0.8589619586930133,True,False
568697,2011-09-28 14:57:00,2011-09,United Kingdom,United Kingdom,Weekday,2062.06,934,17,16281,0.8587485196361981,True,False
557222,2011-06-17 13:14:00,2011-06,Channel Islands,International,Weekday,2060.0299999999997,836,81,14936,0.8576083057274224,True,False
578541,2011-11-24 15:01:00,2011-11,France,International,Weekday,2059.57,821,123,14277,0.8573499321323306,True,False
539307,2010-12-16 17:43:00,2010-12,United Kingdom,United Kingdom,Weekday,2054.92,2856,40,13694,0.8547381120949874,True,False
548820,2011-04-04 13:04:00,2011-04,Singapore,International,Weekday,2053.07,1,1,12744,0.8536990008973349,True,False
542102,2011-01-25 13:26:00,2011-01,Singapore,International,Weekday,2053.07,1091,56,12744,0.8536990008973349,True,False
543713,2011-02-11 11:46:00,2011-02,United Kingdom,United Kingdom,Weekday,2053.0,490,104,,0.8536596831763426,True,False
549577,2011-04-11 08:16:00,2011-04,United Kingdom,United Kingdom,Weekday,2050.08,1998,141,14286,0.8520195725292367,True,False
581107,2011-12-07 12:15:00,2011-12,United Kingdom,United Kingdom,Weekday,2046.0,620,1,16000,0.8497279110771163,True,False
554552,2011-05-25 09:58:00,2011-05,United Kingdom,United Kingdom,Weekday,2044.8400000000001,1196,8,13694,0.8490763602721018,True,False
552563,2011-05-10 11:54:00,2011-05,United Kingdom,United Kingdom,Weekday,2044.3700000000001,1176,55,17597,0.8488123698597251,True,False
550193,2011-04-15 09:27:00,2011-04,United Kingdom,United Kingdom,Weekday,2042.761,886,93,13952,0.8479086239586314,True,False
549586,2011-04-11 10:00:00,2011-04,United Kingdom,United Kingdom,Weekday,2040.58,462,66,,0.8466835961088582,True,False
573452,2011-10-31 10:45:00,2011-10,United Kingdom,United Kingdom,Weekday,2039.24,656,8,17450,0.8459309425927207,True,False
576910,2011-11-17 09:51:00,2011-11,Germany,International,Weekday,2037.69,473,45,12477,0.8450603359136064,True,False
569898,2011-10-06 16:08:00,2011-10,United Kingdom,United Kingdom,Weekday,2037.0,559,254,,0.8446727755209683,True,False
569337,2011-10-03 14:09:00,2011-10,United Kingdom,United Kingdom,Weekday,2034.0,600,6,17396,0.8429877303355856,True,False
566927,2011-09-15 15:20:00,2011-09,United Kingdom,United Kingdom,Weekday,2033.1,1,1,17846,0.8424822167799708,True,False
566259,2011-09-11 12:45:00,2011-09,United Kingdom,United Kingdom,Weekend,2027.94,606,7,17317,0.8395839390611127,True,False
564754,2011-08-30 10:29:00,2011-08,United Kingdom,United Kingdom,Weekday,2026.73,488,266,,0.838904304169675,True,False
543828,2011-02-14 09:45:00,2011-02,EIRE,International,Weekday,2024.57,939,76,14156,0.8376910716361995,True,False
562282,2011-08-04 10:38:00,2011-08,United Kingdom,United Kingdom,Weekday,2022.6,1320,35,13098,0.8365845586311315,True,False
537618,2010-12-07 13:50:00,2010-12,United Kingdom,United Kingdom,Weekday,2022.16,956,16,15061,0.8363374186706088,True,False
567374,2011-09-20 09:40:00,2011-09,United Kingdom,United Kingdom,Weekday,2020.52,812,17,15341,0.8354162606359329,True,False
578811,2011-11-25 13:28:00,2011-11,Norway,International,Weekday,2016.78,594,49,12438,0.8333155709714892,True,False
565117,2011-09-01 11:33:00,2011-09,United Kingdom,United Kingdom,Weekday,2016.32,892,69,13089,0.8330571973763972,True,False
570598,2011-10-11 11:55:00,2011-10,United Kingdom,United Kingdom,Weekday,2016.31,889,90,14175,0.8330515805591125,True,False
550667,2011-04-20 09:48:00,2011-04,United Kingdom,United Kingdom,Weekday,2016.0,5040,6,13027,0.8328774592232897,True,False
569545,2011-10-04 16:37:00,2011-10,United Kingdom,United Kingdom,Weekday,2014.98,524,292,,0.8323045438602596,True,False
566952,2011-09-15 16:37:00,2011-09,United Kingdom,United Kingdom,Weekday,2008.83,767,225,,0.8288502012302251,True,False
541809,2011-01-21 14:58:00,2011-01,United Kingdom,United Kingdom,Weekday,2007.44,463,88,,0.8280694636276645,True,False
561208,2011-07-25 16:39:00,2011-07,United Kingdom,United Kingdom,Weekday,2007.3999999999999,2924,27,15372,0.828046996358526,True,False
581110,2011-12-07 12:17:00,2011-12,United Kingdom,United Kingdom,Weekday,2002.5,150,1,16000,0.8252947558890678,True,False
536830,2010-12-02 17:38:00,2010-12,United Kingdom,United Kingdom,Weekday,2002.4,4280,2,16754,0.8252385877162217,True,False
572082,2011-10-20 14:18:00,2011-10,United Kingdom,United Kingdom,Weekday,2000.33,1047,69,17672,0.8240759065383075,True,False
577822,2011-11-22 09:34:00,2011-11,United Kingdom,United Kingdom,Weekday,2000.0,1600,10,14607,0.8238905515679155,True,False
545215,2011-02-28 16:47:00,2011-02,United Kingdom,United Kingdom,Weekday,1995.37,573,223,,0.8212899651651415,True,False
553013,2011-05-12 18:19:00,2011-05,United Kingdom,United Kingdom,Weekday,1995.25,681,173,,0.8212225633577263,True,False
544909,2011-02-24 14:32:00,2011-02,United Kingdom,United Kingdom,Weekday,1991.26,1814,38,14298,0.8189814532611673,True,False
554151,2011-05-23 11:07:00,2011-05,United Kingdom,United Kingdom,Weekday,1989.73,1251,141,14049,0.8181220802166222,True,False
537456,2010-12-07 09:43:00,2010-12,United Kingdom,United Kingdom,Weekday,1989.2399999999998,780,2,17450,0.8178468561696762,True,False
543192,2011-02-04 11:55:00,2011-02,United Kingdom,United Kingdom,Weekday,1987.62,2910,7,17381,0.8169369317695697,True,False
557217,2011-06-17 12:30:00,2011-06,United Kingdom,United Kingdom,Weekday,1987.19,1259,98,17426,0.8166954086263316,True,False
555397,2011-06-02 17:26:00,2011-06,United Kingdom,United Kingdom,Weekday,1986.12,423,211,,0.8160944091768784,True,False
550500,2011-04-18 15:26:00,2011-04,United Kingdom,United Kingdom,Weekday,1984.6299999999999,507,233,,0.8152575034014716,True,False
569406,2011-10-04 09:09:00,2011-10,United Kingdom,United Kingdom,Weekday,1983.46,1893,70,16253,0.8146003357791725,True,False
576688,2011-11-16 12:16:00,2011-11,United Kingdom,United Kingdom,Weekday,1980.26,924,91,16717,0.8128029542480976,True,False
568567,2011-09-27 18:41:00,2011-09,United Kingdom,United Kingdom,Weekday,1978.27,763,273,,0.8116852076084604,True,False
570268,2011-10-10 10:16:00,2011-10,United Kingdom,United Kingdom,Weekday,1978.22,908,21,13098,0.8116571235220374,True,False
573584,2011-10-31 14:36:00,2011-10,United Kingdom,United Kingdom,Weekday,1976.5800000000002,628,39,16705,0.8107359654873616,True,False
575255,2011-11-09 11:55:00,2011-11,United Kingdom,United Kingdom,Weekday,1975.0,788,5,15769,0.8098485083563933,True,False
552710,2011-05-11 07:35:00,2011-05,United Kingdom,United Kingdom,Weekday,1974.06,1015,42,13098,0.8093205275316401,True,False
570253,2011-10-10 09:18:00,2011-10,EIRE,International,Weekday,1974.0,360,2,14156,0.8092868266279325,True,False
544651,2011-02-22 12:51:00,2011-02,United Kingdom,United Kingdom,Weekday,1972.7,1740,23,13694,0.8085566403809333,True,False
557628,2011-06-21 14:31:00,2011-06,United Kingdom,United Kingdom,Weekday,1966.66,1226,29,15311,0.8051640827410296,True,False
553148,2011-05-13 14:09:00,2011-05,Hong Kong,International,Weekday,1966.16,1262,93,,0.8048832418767992,True,False
557466,2011-06-20 13:08:00,2011-06,Germany,International,Weekday,1965.74,1357,83,13815,0.8046473355508456,True,False
563638,2011-08-18 10:36:00,2011-08,United Kingdom,United Kingdom,Weekday,1964.85,1154,86,15311,0.8041474388125153,True,False
554071,2011-05-22 11:17:00,2011-05,United Kingdom,United Kingdom,Weekend,1961.05,285,7,13113,0.8020130482443639,True,False
559941,2011-07-14 10:20:00,2011-07,United Kingdom,United Kingdom,Weekday,1960.7999999999997,400,3,17396,0.8018726278122487,True,False
548373,2011-03-30 16:34:00,2011-03,United Kingdom,United Kingdom,Weekday,1959.6499999999999,452,216,,0.8012266938245187,True,False
553523,2011-05-17 14:46:00,2011-05,United Kingdom,United Kingdom,Weekday,1957.1699999999998,416,60,,0.7998337231379357,True,False
575725,2011-11-10 18:46:00,2011-11,United Kingdom,United Kingdom,Weekday,1955.68,1103,32,13098,0.798996817362529,True,False
550953,2011-04-21 16:17:00,2011-04,United Kingdom,United Kingdom,Weekday,1953.26,398,187,,0.7976375475796537,True,False
569374,2011-10-03 16:14:00,2011-10,United Kingdom,United Kingdom,Weekday,1951.59,575,237,,0.796699539093124,True,False
558552,2011-06-30 12:42:00,2011-06,United Kingdom,United Kingdom,Weekday,1948.92,1044,9,13694,0.7951998488781334,True,False
566281,2011-09-11 14:15:00,2011-09,United Kingdom,United Kingdom,Weekend,1948.35,1437,136,12748,0.7948796902929107,True,False
538174,2010-12-10 09:35:00,2010-12,Germany,International,Weekday,1947.01,1063,46,12471,0.7941270367767731,True,False
565967,2011-09-08 11:27:00,2011-09,Netherlands,International,Weekday,1944.6,1012,51,14646,0.7927733838111823,True,False
545226,2011-03-01 09:33:00,2011-03,Finland,International,Weekday,1943.4,852,95,12428,0.7920993657370294,True,False
573601,2011-10-31 15:24:00,2011-10,United Kingdom,United Kingdom,Weekday,1943.34,282,117,,0.7920656648333216,True,False
569555,2011-10-05 08:17:00,2011-10,United Kingdom,United Kingdom,Weekday,1943.1299999999999,1019,113,17728,0.7919477116703448,True,False
557231,2011-06-17 14:09:00,2011-06,United Kingdom,United Kingdom,Weekday,1940.53,379,58,,0.7904873391763466,True,False
547250,2011-03-22 09:30:00,2011-03,United Kingdom,United Kingdom,Weekday,1940.1299999999999,559,153,,0.7902626664849621,True,False
555531,2011-06-05 11:53:00,2011-06,France,International,Weekend,1939.52,1195,18,12678,0.7899200406306011,True,False
555150,2011-05-31 15:53:00,2011-05,United Kingdom,United Kingdom,Weekday,1937.73,619,176,,0.7889146303366561,True,False
548409,2011-03-31 10:27:00,2011-03,France,International,Weekday,1937.06,946,33,12731,0.7885383035785873,True,False
576650,2011-11-16 10:34:00,2011-11,United Kingdom,United Kingdom,Weekday,1935.9,1505,92,14286,0.7878867527735728,True,False
568135,2011-09-23 17:04:00,2011-09,United Kingdom,United Kingdom,Weekday,1934.53,664,229,,0.7871172488055813,True,False
541493,2011-01-18 14:29:00,2011-01,United Kingdom,United Kingdom,Weekday,1933.95,459,74,,0.786791473403074,True,False
540507,2011-01-09 11:20:00,2011-01,United Kingdom,United Kingdom,Weekend,1933.2,552,6,12939,0.7863702121067283,True,False
551014,2011-04-26 11:04:00,2011-04,United Kingdom,United Kingdom,Weekday,1932.24,1703,127,13209,0.7858309976474058,True,False
580645,2011-12-05 13:11:00,2011-12,United Kingdom,United Kingdom,Weekday,1931.6,879,3,17857,0.7854715213411908,True,False
574544,2011-11-04 14:49:00,2011-11,United Kingdom,United Kingdom,Weekday,1931.45,1230,106,17084,0.7853872690819218,True,False
545644,2011-03-04 12:37:00,2011-03,United Kingdom,United Kingdom,Weekday,1920.48,3528,5,16333,0.7792256205207059,True,False
536532,2010-12-01 13:24:00,2010-12,Norway,International,Weekday,1919.1399999999999,1852,73,12433,0.7784729670045681,True,False
546411,2011-03-11 16:43:00,2011-03,United Kingdom,United Kingdom,Weekday,1919.04,736,5,12939,0.7784167988317221,True,False
574319,2011-11-03 19:15:00,2011-11,United Kingdom,United Kingdom,Weekday,1915.6,810,9,15482,0.7764846136858167,True,False
538063,2010-12-09 13:44:00,2010-12,United Kingdom,United Kingdom,Weekday,1914.2400000000002,96,1,18102,0.77572072653511,True,False
561873,2011-07-31 11:48:00,2011-07,United Kingdom,United Kingdom,Weekend,1912.7,2229,37,13316,0.7748557366732801,True,False
566227,2011-09-11 10:42:00,2011-09,United Kingdom,United Kingdom,Weekend,1912.06,744,16,14258,0.7744962603670651,True,False
571716,2011-10-18 17:05:00,2011-10,United Kingdom,United Kingdom,Weekday,1911.8799999999999,668,288,,0.7743951576559421,True,False
540175,2011-01-05 12:37:00,2011-01,United Kingdom,United Kingdom,Weekday,1910.4,480,1,16532,0.7735638686978201,True,False
578793,2011-11-25 12:21:00,2011-11,United Kingdom,United Kingdom,Weekday,1909.6200000000001,528,10,16210,0.7731257569496207,True,False
569334,2011-10-03 13:53:00,2011-10,United Kingdom,United Kingdom,Weekday,1909.36,1514,7,12931,0.7729797197002207,True,False
548893,2011-04-04 15:54:00,2011-04,United Kingdom,United Kingdom,Weekday,1908.58,398,196,,0.7725416079520212,True,False
570872,2011-10-12 16:40:00,2011-10,United Kingdom,United Kingdom,Weekday,1901.92,502,262,,0.7688008076404718,True,False
569408,2011-10-04 09:26:00,2011-10,United Kingdom,United Kingdom,Weekday,1897.1599999999999,874,14,13881,0.7661272026129978,True,False
579672,2011-11-30 12:41:00,2011-11,United Kingdom,United Kingdom,Weekday,1897.04,1386,30,14005,0.7660598008055827,True,False
572545,2011-10-24 16:48:00,2011-10,United Kingdom,United Kingdom,Weekday,1896.7200000000003,792,4,17450,0.7658800626524753,True,False
555401,2011-06-02 17:51:00,2011-06,United Kingdom,United Kingdom,Weekday,1896.0300000000002,413,21,14088,0.7654925022598372,True,False
576590,2011-11-15 14:30:00,2011-11,United Kingdom,United Kingdom,Weekday,1894.01,706,60,16240,0.7643579051683461,True,False
564837,2011-08-30 12:40:00,2011-08,United Kingdom,United Kingdom,Weekday,1892.1399999999999,430,217,,0.7633075603361242,True,False
572549,2011-10-24 17:03:00,2011-10,United Kingdom,United Kingdom,Weekday,1892.05,605,241,,0.7632570089805628,True,False
547248,2011-03-22 09:23:00,2011-03,United Kingdom,United Kingdom,Weekday,1891.3899999999999,553,204,,0.7628862990397786,True,False
560234,2011-07-17 11:21:00,2011-07,United Kingdom,United Kingdom,Weekend,1885.1,1104,24,16180,0.7593533209677596,True,False
541221,2011-01-14 14:28:00,2011-01,United Kingdom,United Kingdom,Weekday,1883.57,483,85,,0.7584939479232145,True,False
571065,2011-10-13 14:59:00,2011-10,Germany,International,Weekday,1881.8600000000001,885,79,12613,0.7575334721675464,True,False
547042,2011-03-20 11:00:00,2011-03,United Kingdom,United Kingdom,Weekend,1880.11,461,224,,0.7565505291427398,True,False
566060,2011-09-08 15:27:00,2011-09,United Kingdom,United Kingdom,Weekday,1878.67,469,239,,0.7557417074537562,True,False
568671,2011-09-28 13:13:00,2011-09,United Kingdom,United Kingdom,Weekday,1873.62,1073,73,13139,0.7529052147250286,True,False
569372,2011-10-03 16:04:00,2011-10,United Kingdom,United Kingdom,Weekday,1871.1299999999999,603,261,,0.751506627221161,True,False
557621,2011-06-21 14:00:00,2011-06,Norway,International,Weekday,1870.2,582,90,12444,0.7509842632136925,True,False
541516,2011-01-18 17:34:00,2011-01,United Kingdom,United Kingdom,Weekday,1868.1299999999999,610,282,,0.7498215820357783,True,False
537868,2010-12-08 16:49:00,2010-12,Norway,International,Weekday,1867.98,1730,74,12433,0.7497373297765093,True,False
549468,2011-04-08 14:27:00,2011-04,United Kingdom,United Kingdom,Weekday,1867.86,1,1,17940,0.7496699279690939,True,False
561926,2011-08-01 12:48:00,2011-08,United Kingdom,United Kingdom,Weekday,1866.43,812,84,12749,0.748866723097395,True,False
543047,2011-02-03 09:42:00,2011-02,United Kingdom,United Kingdom,Weekday,1866.3000000000002,586,4,16210,0.7487937044726951,True,False
542373,2011-01-27 13:38:00,2011-01,United Kingdom,United Kingdom,Weekday,1866.02,1223,50,16767,0.7486364335887259,True,False
564752,2011-08-30 10:07:00,2011-08,United Kingdom,United Kingdom,Weekday,1862.7,546,31,16126,0.7467716502502358,True,False
567669,2011-09-21 15:32:00,2011-09,United Kingdom,United Kingdom,Weekday,1862.0,1100,6,14887,0.7463784730403132,True,False
575656,2011-11-10 14:29:00,2011-11,United Kingdom,United Kingdom,Weekday,1855.99,777,47,13319,0.7430027658522632,True,False
580615,2011-12-05 12:05:00,2011-12,United Kingdom,United Kingdom,Weekday,1854.83,1005,78,16873,0.7423512150472485,True,False
540154,2011-01-05 11:30:00,2011-01,United Kingdom,United Kingdom,Weekday,1854.3899999999999,733,287,,0.7421040750867258,True,False
580178,2011-12-02 11:53:00,2011-12,United Kingdom,United Kingdom,Weekday,1852.68,988,16,16013,0.7411435993310578,True,False
565919,2011-09-07 16:48:00,2011-09,United Kingdom,United Kingdom,Weekday,1846.68,517,255,,0.7377735089602925,True,False
567670,2011-09-21 15:32:00,2011-09,United Kingdom,United Kingdom,Weekday,1844.69,625,226,,0.7366557623206552,True,False
559817,2011-07-12 16:20:00,2011-07,United Kingdom,United Kingdom,Weekday,1839.58,652,297,,0.7337855686882201,True,False
543370,2011-02-07 14:51:00,2011-02,Cyprus,International,Weekday,1838.9099999999999,465,80,12359,0.7334092419301512,True,False
567668,2011-09-21 15:29:00,2011-09,United Kingdom,United Kingdom,Weekday,1838.53,424,236,,0.7331958028733362,True,False
559311,2011-07-07 13:35:00,2011-07,United Kingdom,United Kingdom,Weekday,1837.92,760,37,14459,0.7328531770189751,True,False
578143,2011-11-23 11:06:00,2011-11,Netherlands,International,Weekday,1835.96,1284,11,14646,0.7317522808311917,True,False
571242,2011-10-14 15:04:00,2011-10,United Kingdom,United Kingdom,Weekday,1835.6,1046,17,17809,0.7315500754089457,True,False
575137,2011-11-08 15:13:00,2011-11,United Kingdom,United Kingdom,Weekday,1833.69,495,32,13090,0.7304772633075856,True,False
557057,2011-06-16 14:46:00,2011-06,United Kingdom,United Kingdom,Weekday,1830.72,2014,68,16843,0.7288090685740567,True,False
537484,2010-12-07 11:30:00,2010-12,United Kingdom,United Kingdom,Weekday,1830.02,680,28,14733,0.728415891364134,True,False
546684,2011-03-16 09:47:00,2011-03,United Kingdom,United Kingdom,Weekday,1829.04,642,29,16152,0.7278654432702424,True,False
539088,2010-12-16 09:45:00,2010-12,United Kingdom,United Kingdom,Weekday,1827.91,737,24,13093,0.7272307429170816,True,False
573179,2011-10-28 10:56:00,2011-10,United Kingdom,United Kingdom,Weekday,1826.8799999999999,264,11,13199,0.7266522107367668,True,False
536390,2010-12-01 10:19:00,2010-12,United Kingdom,United Kingdom,Weekday,1825.74,1568,24,17511,0.7260118935663215,True,False
568065,2011-09-23 13:44:00,2011-09,United Kingdom,United Kingdom,Weekday,1824.79,935,75,16240,0.7254782959242836,True,False
538662,2010-12-13 15:44:00,2010-12,United Kingdom,United Kingdom,Weekday,1822.88,980,46,15159,0.7244054838229234,True,False
565285,2011-09-02 11:34:00,2011-09,United Kingdom,United Kingdom,Weekday,1821.6,628,4,16013,0.7236865312104933,True,False
569415,2011-10-04 10:14:00,2011-10,United Kingdom,United Kingdom,Weekday,1821.56,311,97,,0.7236640639413549,True,False
572772,2011-10-26 10:29:00,2011-10,United Kingdom,United Kingdom,Weekday,1820.89,1167,16,17511,0.7232877371832862,True,False
544177,2011-02-16 14:27:00,2011-02,United Kingdom,United Kingdom,Weekday,1820.67,930,86,13001,0.7231641672030248,True,False
553339,2011-05-16 12:19:00,2011-05,United Kingdom,United Kingdom,Weekday,1820.64,768,15,15125,0.7231473167511709,True,False
569202,2011-09-30 17:22:00,2011-09,United Kingdom,United Kingdom,Weekday,1818.09,523,249,,0.7217150283435956,True,False
542109,2011-01-25 13:44:00,2011-01,United Kingdom,United Kingdom,Weekday,1816.6299999999999,461,88,,0.7208949730200427,True,False
568650,2011-09-28 11:56:00,2011-09,Switzerland,International,Weekday,1810.51,1225,92,13505,0.7174574808418621,True,False
577720,2011-11-21 12:21:00,2011-11,United Kingdom,United Kingdom,Weekday,1809.7,530,8,16013,0.7170025186418089,True,False
571713,2011-10-18 16:58:00,2011-10,United Kingdom,United Kingdom,Weekday,1809.6499999999999,561,264,,0.7169744345553857,True,False
575213,2011-11-09 10:47:00,2011-11,United Kingdom,United Kingdom,Weekday,1809.6000000000001,560,3,16210,0.7169463504689628,True,False
548211,2011-03-30 09:06:00,2011-03,Netherlands,International,Weekday,1807.04,1208,16,14646,0.7155084452441028,True,False
544812,2011-02-23 15:58:00,2011-02,United Kingdom,United Kingdom,Weekday,1806.73,544,216,,0.71533432390828,True,False
539737,2010-12-21 15:19:00,2010-12,United Kingdom,United Kingdom,Weekday,1805.29,220,110,,0.7145255022192963,True,False
568719,2011-09-28 16:19:00,2011-09,United Kingdom,United Kingdom,Weekday,1803.83,670,264,,0.7137054468957433,True,False
569572,2011-10-05 10:10:00,2011-10,United Kingdom,United Kingdom,Weekday,1800.0,5000,10,16684,0.7115542058757383,True,False
544684,2011-02-22 16:32:00,2011-02,United Kingdom,United Kingdom,Weekday,1799.96,570,208,,0.7115317386065998,True,False
559163,2011-07-06 16:33:00,2011-07,United Kingdom,United Kingdom,Weekday,1799.93,649,320,,0.711514888154746,True,False
555160,2011-06-01 09:18:00,2011-06,Netherlands,International,Weekday,1799.6,1038,13,14646,0.7113295331843538,True,False
545568,2011-03-03 16:22:00,2011-03,United Kingdom,United Kingdom,Weekday,1799.3799999999999,522,225,,0.7112059632040925,True,False
552811,2011-05-11 12:43:00,2011-05,United Kingdom,United Kingdom,Weekday,1798.33,995,23,17677,0.7106161973892084,True,False
546648,2011-03-15 14:15:00,2011-03,United Kingdom,United Kingdom,Weekday,1794.43,405,78,,0.7084256386482112,True,False
577126,2011-11-17 19:22:00,2011-11,Denmark,International,Weekday,1794.05,1025,56,12406,0.7082121995913959,True,False
552882,2011-05-12 10:10:00,2011-05,Netherlands,International,Weekday,1792.72,924,15,14646,0.707465162892543,True,False
575582,2011-11-10 11:55:00,2011-11,United Kingdom,United Kingdom,Weekday,1790.0,1000,1,16986,0.7059373885911293,True,False
540681,2011-01-10 16:25:00,2011-01,United Kingdom,United Kingdom,Weekday,1787.82,593,289,,0.7047129224230846,True,False
570465,2011-10-10 16:02:00,2011-10,United Kingdom,United Kingdom,Weekday,1786.18,627,238,,0.7037917643884088,True,False
544073,2011-02-15 14:44:00,2011-02,Channel Islands,International,Weekday,1784.71,935,10,14935,0.7029660922475713,True,False
566255,2011-09-11 12:23:00,2011-09,United Kingdom,United Kingdom,Weekend,1783.24,1492,18,13324,0.7021404201067337,True,False
550496,2011-04-18 15:05:00,2011-04,United Kingdom,United Kingdom,Weekday,1779.09,507,184,,0.6998094409336211,True,False
559554,2011-07-11 10:12:00,2011-07,United Kingdom,United Kingdom,Weekday,1778.5,782,20,14258,0.6994780487138291,True,False
552514,2011-05-09 16:30:00,2011-05,United Kingdom,United Kingdom,Weekday,1777.7,421,194,,0.6990287033310605,True,False
555510,2011-06-03 17:09:00,2011-06,United Kingdom,United Kingdom,Weekday,1776.9,422,183,,0.6985793579482918,True,False
568673,2011-09-28 13:23:00,2011-09,United Kingdom,United Kingdom,Weekday,1773.65,991,11,16182,0.6967538923307939,True,False
541830,2011-01-21 17:09:00,2011-01,United Kingdom,United Kingdom,Weekday,1767.85,479,215,,0.6934961383057207,True,False
575214,2011-11-09 10:48:00,2011-11,United Kingdom,United Kingdom,Weekday,1764.72,1031,24,16751,0.6917380744956382,True,False
562934,2011-08-10 16:56:00,2011-08,United Kingdom,United Kingdom,Weekday,1763.75,355,203,,0.6911932432190311,True,False
545897,2011-03-07 17:22:00,2011-03,United Kingdom,United Kingdom,Weekday,1762.22,577,250,,0.690333870174486,True,False
538945,2010-12-15 11:22:00,2010-12,United Kingdom,United Kingdom,Weekday,1761.26,894,22,17230,0.6897946557151635,True,False
571446,2011-10-17 13:46:00,2011-10,EIRE,International,Weekday,1761.24,572,16,14911,0.6897834220805943,True,False
541684,2011-01-20 15:22:00,2011-01,United Kingdom,United Kingdom,Weekday,1761.18,1126,106,15498,0.6897497211768866,True,False
580744,2011-12-06 09:31:00,2011-12,United Kingdom,United Kingdom,Weekday,1761.16,1640,17,13694,0.6897384875423175,True,False
557640,2011-06-21 16:24:00,2011-06,United Kingdom,United Kingdom,Weekday,1760.85,364,62,,0.6895643662064944,True,False
577609,2011-11-21 09:51:00,2011-11,Italy,International,Weekday,1757.55,631,73,12349,0.6877108165025736,True,False
542906,2011-02-01 15:12:00,2011-02,United Kingdom,United Kingdom,Weekday,1757.1,532,179,,0.6874580597247661,True,False
557674,2011-06-22 10:19:00,2011-06,United Kingdom,United Kingdom,Weekday,1754.97,1967,14,16422,0.6862616776431445,True,False
565917,2011-09-07 16:15:00,2011-09,United Kingdom,United Kingdom,Weekday,1752.59,411,216,,0.6849248751294076,True,False
559700,2011-07-12 09:04:00,2011-07,United Kingdom,United Kingdom,Weekday,1752.06,646,5,17450,0.6846271838133233,True,False
564841,2011-08-30 13:42:00,2011-08,United Kingdom,United Kingdom,Weekday,1750.86,442,71,,0.6839531657391702,True,False
546972,2011-03-18 12:04:00,2011-03,United Kingdom,United Kingdom,Weekday,1750.62,367,79,,0.6838183621243396,True,False
578472,2011-11-24 12:40:00,2011-11,Germany,International,Weekday,1750.46,591,58,12476,0.6837284930477859,True,False
545464,2011-03-03 09:10:00,2011-03,United Kingdom,United Kingdom,Weekday,1749.57,434,192,,0.6832285963094556,True,False
566446,2011-09-12 15:40:00,2011-09,United Kingdom,United Kingdom,Weekday,1748.93,501,189,,0.6828691200032407,True,False
566577,2011-09-13 13:29:00,2011-09,United Kingdom,United Kingdom,Weekday,1748.1100000000001,259,95,,0.6824085409859029,True,False
543182,2011-02-04 10:39:00,2011-02,United Kingdom,United Kingdom,Weekday,1747.83,434,144,,0.6822512701019338,True,False
565840,2011-09-07 12:02:00,2011-09,United Kingdom,United Kingdom,Weekday,1746.79,540,247,,0.6816671211043345,True,False
561671,2011-07-28 17:17:00,2011-07,United Kingdom,United Kingdom,Weekday,1746.72,2064,10,12830,0.6816278033833422,True,False
570242,2011-10-09 15:40:00,2011-10,United Kingdom,United Kingdom,Weekend,1743.1499999999999,1428,28,16380,0.6796225996127367,True,False
554282,2011-05-23 14:01:00,2011-05,United Kingdom,United Kingdom,Weekday,1742.8,848,6,15769,0.6794260110077754,True,False
555275,2011-06-01 17:18:00,2011-06,United Kingdom,United Kingdom,Weekday,1742.3899999999999,506,212,,0.6791957214991065,True,False
550542,2011-04-19 11:37:00,2011-04,United Kingdom,United Kingdom,Weekday,1739.56,475,172,,0.6776061622075622,True,False
550470,2011-04-18 13:49:00,2011-04,United Kingdom,United Kingdom,Weekday,1736.79,553,301,,0.6760503038197255,True,False
539738,2010-12-21 15:19:00,2010-12,United Kingdom,United Kingdom,Weekday,1736.26,222,93,,0.6757526125036413,True,False
544434,2011-02-18 16:12:00,2011-02,United Kingdom,United Kingdom,Weekday,1736.06,530,206,,0.6756402761579491,True,False
575703,2011-11-10 16:59:00,2011-11,United Kingdom,United Kingdom,Weekday,1735.3000000000002,902,11,13767,0.675213398044319,True,False
560398,2011-07-18 14:10:00,2011-07,France,International,Weekday,1734.58,838,32,12731,0.674808987199827,True,False
545333,2011-03-01 16:22:00,2011-03,United Kingdom,United Kingdom,Weekday,1734.52,429,158,,0.6747752862961194,True,False
554271,2011-05-23 13:06:00,2011-05,United Kingdom,United Kingdom,Weekday,1733.8500000000001,1479,14,16422,0.6743989595380506,True,False
566213,2011-09-09 15:09:00,2011-09,United Kingdom,United Kingdom,Weekday,1732.93,959,74,14895,0.6738822123478666,True,False
570092,2011-10-07 11:51:00,2011-10,United Kingdom,United Kingdom,Weekday,1728.0,964,6,16029,0.6711131214265544,True,False
546367,2011-03-11 11:38:00,2011-03,United Kingdom,United Kingdom,Weekday,1726.6000000000001,504,30,15513,0.6703267670067092,True,False
565014,2011-08-31 16:28:00,2011-08,United Kingdom,United Kingdom,Weekday,1724.8,956,15,16180,0.6693157398954795,True,False
539257,2010-12-16 14:29:00,2010-12,United Kingdom,United Kingdom,Weekday,1722.9,532,6,16210,0.6682485446114039,True,False
559796,2011-07-12 13:30:00,2011-07,United Kingdom,United Kingdom,Weekday,1722.05,400,62,,0.6677711151422121,True,False
549115,2011-04-06 12:41:00,2011-04,United Kingdom,United Kingdom,Weekday,1722.02,1120,35,13098,0.6677542646903583,True,False
560433,2011-07-18 15:49:00,2011-07,United Kingdom,United Kingdom,Weekday,1721.77,582,238,,0.6676138442582431,True,False
562843,2011-08-09 17:37:00,2011-08,United Kingdom,United Kingdom,Weekday,1718.73,436,205,,0.6659063318037219,True,False
542255,2011-01-26 16:43:00,2011-01,United Kingdom,United Kingdom,Weekday,1718.73,408,198,,0.6659063318037219,True,False
572869,2011-10-26 13:21:00,2011-10,Japan,International,Weekday,1718.4,960,1,12798,0.66572097683333,True,False
541965,2011-01-24 13:27:00,2011-01,Germany,International,Weekday,1716.62,909,53,12625,0.6647211833566694,True,False
540550,2011-01-10 09:11:00,2011-01,Spain,International,Weekday,1715.85,643,93,12539,0.6642886884257546,True,False
542303,2011-01-27 11:05:00,2011-01,Spain,International,Weekday,1715.85,643,93,12539,0.6642886884257546,True,False
556636,2011-06-13 15:30:00,2011-06,United Kingdom,United Kingdom,Weekday,1715.65,451,189,,0.6641763520800625,True,False
570188,2011-10-07 15:13:00,2011-10,United Kingdom,United Kingdom,Weekday,1714.96,728,15,13763,0.6637887916874244,True,False
536804,2010-12-02 16:34:00,2010-12,United Kingdom,United Kingdom,Weekday,1714.25,531,25,14031,0.6633899976602172,True,False
548863,2011-04-04 13:57:00,2011-04,United Kingdom,United Kingdom,Weekday,1713.74,1050,45,15311,0.6631035399787022,True,False
546096,2011-03-09 11:59:00,2011-03,United Kingdom,United Kingdom,Weekday,1711.06,1566,55,15502,0.661598232946427,True,False
559928,2011-07-14 08:52:00,2011-07,Finland,International,Weekday,1710.39,857,54,12405,0.6612219061883583,True,False
563819,2011-08-19 11:56:00,2011-08,United Kingdom,United Kingdom,Weekday,1708.68,500,8,14062,0.6602614304326901,True,False
567161,2011-09-18 10:46:00,2011-09,United Kingdom,United Kingdom,Weekend,1708.24,898,29,15947,0.6600142904721673,True,False
563351,2011-08-15 14:17:00,2011-08,United Kingdom,United Kingdom,Weekday,1706.88,629,43,16902,0.6592504033214606,True,False
536975,2010-12-03 14:04:00,2010-12,EIRE,International,Weekday,1705.65,827,71,14911,0.6585595347954536,True,False
548522,2011-03-31 16:43:00,2011-03,United Kingdom,United Kingdom,Weekday,1705.13,387,147,,0.658267460296654,True,False
564838,2011-08-30 12:43:00,2011-08,United Kingdom,United Kingdom,Weekday,1704.22,462,194,,0.6577563299237545,True,False
566788,2011-09-15 10:31:00,2011-09,United Kingdom,United Kingdom,Weekday,1702.94,917,26,14306,0.6570373773113246,True,False
550914,2011-04-21 13:29:00,2011-04,United Kingdom,United Kingdom,Weekday,1701.5,522,28,17061,0.656228555622341,True,False
548160,2011-03-29 13:33:00,2011-03,United Kingdom,United Kingdom,Weekday,1700.4,1340,53,16253,0.655610705721034,True,False
556108,2011-06-08 17:59:00,2011-06,United Kingdom,United Kingdom,Weekday,1698.38,455,220,,0.654476108629543,True,False
571328,2011-10-17 11:27:00,2011-10,Germany,International,Weekday,1697.98,1557,99,12473,0.6542514359381586,True,False
543994,2011-02-15 10:41:00,2011-02,United Kingdom,United Kingdom,Weekday,1696.4,1280,4,12931,0.6533639788071904,True,False
554348,2011-05-24 08:49:00,2011-05,United Kingdom,United Kingdom,Weekday,1695.54,438,66,13523,0.652880932520714,True,False
545701,2011-03-06 15:17:00,2011-03,United Kingdom,United Kingdom,Weekend,1695.21,826,63,17107,0.6526955775503219,True,False
538664,2010-12-13 15:46:00,2010-12,United Kingdom,United Kingdom,Weekday,1695.1200000000001,844,33,14733,0.6526450261947605,True,False
542276,2011-01-27 10:19:00,2011-01,Lebanon,International,Weekday,1693.88,386,45,12764,0.651948540851469,True,False
568510,2011-09-27 12:26:00,2011-09,United Kingdom,United Kingdom,Weekday,1693.7,1321,58,13555,0.6518474381403461,True,False
553978,2011-05-20 11:03:00,2011-05,United Kingdom,United Kingdom,Weekday,1692.0,1000,6,16182,0.6508925792019625,True,False
562417,2011-08-04 16:32:00,2011-08,United Kingdom,United Kingdom,Weekday,1691.3799999999999,526,150,,0.6505443365303166,True,False
562420,2011-08-04 16:38:00,2011-08,United Kingdom,United Kingdom,Weekday,1691.32,523,174,,0.650510635626609,True,False
562553,2011-08-05 16:34:00,2011-08,United Kingdom,United Kingdom,Weekday,1689.6599999999999,579,186,,0.649578243957364,True,False
539654,2010-12-20 17:05:00,2010-12,United Kingdom,United Kingdom,Weekday,1689.12,789,50,17340,0.6492749358239951,True,False
572499,2011-10-24 14:10:00,2011-10,United Kingdom,United Kingdom,Weekday,1687.46,1020,97,15786,0.6483425441547501,True,False
546328,2011-03-11 10:19:00,2011-03,EIRE,International,Weekday,1687.17,1,1,14911,0.6481796564534964,True,False
546329,2011-03-11 10:22:00,2011-03,EIRE,International,Weekday,1687.17,1,1,14911,0.6481796564534964,True,False
561217,2011-07-25 17:09:00,2011-07,United Kingdom,United Kingdom,Weekday,1685.6399999999999,382,208,,0.6473202834089512,True,False
568721,2011-09-28 16:24:00,2011-09,United Kingdom,United Kingdom,Weekday,1684.26,487,242,,0.6465451626236752,True,False
544097,2011-02-16 09:56:00,2011-02,Cyprus,International,Weekday,1683.9,1522,41,12455,0.6463429572014293,True,False
560718,2011-07-20 13:30:00,2011-07,United Kingdom,United Kingdom,Weekday,1682.5900000000001,1005,26,17677,0.6456071541371456,True,False
581410,2011-12-08 14:14:00,2011-12,United Kingdom,United Kingdom,Weekday,1681.54,1069,25,13098,0.6450173883222616,True,False
536938,2010-12-03 12:05:00,2010-12,United Kingdom,United Kingdom,Weekday,1680.88,464,14,14680,0.6446466783814775,True,False
553387,2011-05-16 16:33:00,2011-05,United Kingdom,United Kingdom,Weekday,1680.06,382,157,,0.6441860993641395,True,False
557324,2011-06-20 09:41:00,2011-06,United Kingdom,United Kingdom,Weekday,1674.72,372,191,,0.6411867189341584,True,False
575751,2011-11-11 10:32:00,2011-11,EIRE,International,Weekday,1674.65,840,47,14911,0.6411474012131662,True,False
562113,2011-08-02 16:11:00,2011-08,United Kingdom,United Kingdom,Weekday,1674.5,424,182,,0.6410631489538969,True,False
568949,2011-09-29 15:13:00,2011-09,United Kingdom,United Kingdom,Weekday,1670.72,498,220,,0.6389399920203148,True,False
568538,2011-09-27 14:07:00,2011-09,United Kingdom,United Kingdom,Weekday,1668.84,717,9,15061,0.6378840303708083,True,False
537214,2010-12-05 15:35:00,2010-12,United Kingdom,United Kingdom,Weekend,1668.2,2048,13,16422,0.6375245540645934,True,False
560925,2011-07-22 09:02:00,2011-07,United Kingdom,United Kingdom,Weekday,1665.1999999999998,336,10,15061,0.6358395088792106,True,False
546136,2011-03-09 16:32:00,2011-03,United Kingdom,United Kingdom,Weekday,1659.07,402,219,,0.6323963998837454,True,False
566575,2011-09-13 13:15:00,2011-09,United Kingdom,United Kingdom,Weekday,1658.9,1238,8,17133,0.6323009139899072,True,False
569857,2011-10-06 14:31:00,2011-10,United Kingdom,United Kingdom,Weekday,1658.16,744,5,12939,0.6318852695108461,True,False
547249,2011-03-22 09:27:00,2011-03,United Kingdom,United Kingdom,Weekday,1656.3,437,174,,0.6308405414959088,True,False
545719,2011-03-07 10:28:00,2011-03,United Kingdom,United Kingdom,Weekday,1656.15,599,68,13344,0.6307562892366397,True,False
565233,2011-09-02 09:34:00,2011-09,United Kingdom,United Kingdom,Weekday,1656.08,456,211,,0.6307169715156474,True,False
550986,2011-04-21 18:06:00,2011-04,United Kingdom,United Kingdom,Weekday,1654.97,378,153,,0.6300935047970558,True,False
564065,2011-08-22 15:05:00,2011-08,United Kingdom,United Kingdom,Weekday,1654.31,1228,103,15150,0.6297227948562717,True,False
541680,2011-01-20 14:18:00,2011-01,United Kingdom,United Kingdom,Weekday,1652.27,1059,16,14062,0.6285769641302115,True,False
564757,2011-08-30 10:36:00,2011-08,United Kingdom,United Kingdom,Weekday,1651.18,353,186,,0.6279647310461891,True,False
556507,2011-06-13 09:55:00,2011-06,France,International,Weekday,1650.1,557,61,12567,0.6273581147794512,True,False
547419,2011-03-23 10:27:00,2011-03,United Kingdom,United Kingdom,Weekday,1649.58,1135,15,15061,0.6270660402806516,True,False
561295,2011-07-26 12:28:00,2011-07,United Kingdom,United Kingdom,Weekday,1648.73,1057,28,15311,0.6265886108114599,True,False
566221,2011-09-09 16:13:00,2011-09,United Kingdom,United Kingdom,Weekday,1648.29,492,187,,0.6263414708509372,True,False
555115,2011-05-31 14:58:00,2011-05,United Kingdom,United Kingdom,Weekday,1646.8,321,64,,0.6255045650755304,True,False
564758,2011-08-30 10:39:00,2011-08,United Kingdom,United Kingdom,Weekday,1645.83,373,211,,0.6249597337989233,True,False
537457,2010-12-07 09:51:00,2010-12,United Kingdom,United Kingdom,Weekday,1644.94,914,19,17511,0.6244598370605932,True,False
543467,2011-02-08 14:35:00,2011-02,United Kingdom,United Kingdom,Weekday,1644.26,363,199,,0.6240778934852398,True,False
566790,2011-09-15 10:35:00,2011-09,United Kingdom,United Kingdom,Weekday,1643.2,678,26,17679,0.6234825108530713,True,False
545341,2011-03-02 09:03:00,2011-03,United Kingdom,United Kingdom,Weekday,1642.5,150,1,17949,0.6230893336431486,True,False
551259,2011-04-27 12:04:00,2011-04,United Kingdom,United Kingdom,Weekday,1642.5,150,1,17949,0.6230893336431486,True,False
566867,2011-09-15 12:56:00,2011-09,United Kingdom,United Kingdom,Weekday,1642.18,902,8,13694,0.6229095954900412,True,False
566282,2011-09-11 14:29:00,2011-09,United Kingdom,United Kingdom,Weekend,1638.3400000000001,644,21,15782,0.6207527376527514,True,False
565214,2011-09-01 17:20:00,2011-09,EIRE,International,Weekday,1638.24,408,13,14911,0.6206965694799053,True,False
543300,2011-02-07 11:42:00,2011-02,United Kingdom,United Kingdom,Weekday,1637.19,829,124,13334,0.6201068036650214,True,False
572567,2011-10-25 10:27:00,2011-10,Switzerland,International,Weekday,1635.6599999999999,1394,85,12398,0.619247430620476,True,False
561651,2011-07-28 15:36:00,2011-07,United Kingdom,United Kingdom,Weekday,1634.54,407,182,,0.6186183470846,True,False
549295,2011-04-07 19:49:00,2011-04,United Kingdom,United Kingdom,Weekday,1633.1299999999999,418,191,,0.61782637584747,True,False
572734,2011-10-25 15:34:00,2011-10,United Kingdom,United Kingdom,Weekday,1632.63,1389,15,13694,0.6175455349832397,True,False
567853,2011-09-22 13:31:00,2011-09,United Kingdom,United Kingdom,Weekday,1632.62,1476,110,15484,0.617539918165955,True,False
552857,2011-05-11 15:34:00,2011-05,United Kingdom,United Kingdom,Weekday,1631.61,369,174,,0.6169726196202096,True,False
537201,2010-12-05 14:19:00,2010-12,Germany,International,Weekend,1631.3,972,70,12472,0.6167984982843866,True,False
552826,2011-05-11 13:20:00,2011-05,France,International,Weekday,1629.03,855,71,14277,0.6155234807607805,True,False
561369,2011-07-26 16:21:00,2011-07,United Kingdom,United Kingdom,Weekday,1627.48,431,161,,0.6146528740816661,True,False
550474,2011-04-18 13:58:00,2011-04,United Kingdom,United Kingdom,Weekday,1625.27,502,249,,0.6134115574617676,True,False
548324,2011-03-30 13:01:00,2011-03,United Kingdom,United Kingdom,Weekday,1622.48,2048,11,13316,0.6118444654393617,True,False
548497,2011-03-31 13:43:00,2011-03,United Kingdom,United Kingdom,Weekday,1622.41,725,57,13089,0.6118051477183695,True,False
556127,2011-06-09 10:23:00,2011-06,Denmark,International,Weekday,1621.25,793,48,12406,0.6111535969133548,True,False
559162,2011-07-06 16:29:00,2011-07,United Kingdom,United Kingdom,Weekday,1618.34,683,237,,0.6095191030835335,True,False
576137,2011-11-14 10:45:00,2011-11,United Kingdom,United Kingdom,Weekday,1617.56,680,13,15482,0.6090809913353341,True,False
561515,2011-07-27 15:16:00,2011-07,United Kingdom,United Kingdom,Weekday,1617.03,434,190,,0.6087833000192499,True,False
546213,2011-03-10 11:37:00,2011-03,EIRE,International,Weekday,1614.6,108,3,14156,0.6074184134190899,True,False
550272,2011-04-15 12:14:00,2011-04,United Kingdom,United Kingdom,Weekday,1612.83,3843,28,18079,0.606424236759714,True,False
561258,2011-07-26 12:03:00,2011-07,United Kingdom,United Kingdom,Weekday,1611.1100000000001,861,38,15513,0.6054581441867615,True,False
564311,2011-08-24 12:52:00,2011-08,United Kingdom,United Kingdom,Weekday,1611.0,900,4,15769,0.6053963591966307,True,False
541115,2011-01-13 15:34:00,2011-01,Italy,International,Weekday,1608.66,748,70,12578,0.6040820239520323,True,False
548502,2011-03-31 14:17:00,2011-03,United Kingdom,United Kingdom,Weekday,1607.8,418,58,,0.6035989776655558,True,False
557670,2011-06-22 10:11:00,2011-06,Japan,International,Weekday,1607.04,2256,6,12798,0.6031720995519255,True,False
572766,2011-10-26 10:03:00,2011-10,United Kingdom,United Kingdom,Weekday,1603.06,746,11,16013,0.6009366062726512,True,False
550471,2011-04-18 13:52:00,2011-04,United Kingdom,United Kingdom,Weekday,1599.85,553,243,,0.5991336079242917,True,False
566581,2011-09-13 13:47:00,2011-09,United Kingdom,United Kingdom,Weekday,1599.55,887,107,16081,0.5989651034057535,True,False
563195,2011-08-12 16:36:00,2011-08,United Kingdom,United Kingdom,Weekday,1598.57,389,196,,0.5984146553118618,True,False
566866,2011-09-15 12:55:00,2011-09,United Kingdom,United Kingdom,Weekday,1596.24,1088,13,13694,0.597105936884548,True,False
562101,2011-08-02 14:04:00,2011-08,United Kingdom,United Kingdom,Weekday,1595.48,944,93,13850,0.5966790587709178,True,False
543555,2011-02-10 10:18:00,2011-02,United Kingdom,United Kingdom,Weekday,1592.61,616,68,17686,0.5950670322102349,True,False
560421,2011-07-18 15:13:00,2011-07,United Kingdom,United Kingdom,Weekday,1592.49,1,1,,0.5949996304028197,True,False
568376,2011-09-26 17:20:00,2011-09,United Kingdom,United Kingdom,Weekday,1592.1200000000001,690,20,14031,0.5947918081632892,True,False
564974,2011-08-31 15:32:00,2011-08,United Kingdom,United Kingdom,Weekday,1590.1499999999999,419,241,,0.5936852951582211,True,False
571745,2011-10-19 10:48:00,2011-10,EIRE,International,Weekday,1588.75,711,58,14911,0.592898940738376,True,False
545748,2011-03-07 11:52:00,2011-03,United Kingdom,United Kingdom,Weekday,1588.68,1476,14,17381,0.5928596230173837,True,False
546385,2011-03-11 13:13:00,2011-03,United Kingdom,United Kingdom,Weekday,1588.16,744,22,16652,0.5925675485185841,True,False
553718,2011-05-18 16:14:00,2011-05,United Kingdom,United Kingdom,Weekday,1588.12,420,181,,0.5925450812494455,True,False
546306,2011-03-10 16:16:00,2011-03,United Kingdom,United Kingdom,Weekday,1587.23,345,165,,0.5920451845111154,True,False
538826,2010-12-14 12:58:00,2010-12,Cyprus,International,Weekday,1587.07,916,82,12370,0.5919553154345616,True,False
560364,2011-07-18 12:15:00,2011-07,United Kingdom,United Kingdom,Weekday,1585.94,480,33,16705,0.5913206150814009,True,False
565230,2011-09-02 09:24:00,2011-09,United Kingdom,United Kingdom,Weekday,1585.92,437,31,16705,0.5913093814468317,True,False
560938,2011-07-22 11:16:00,2011-07,United Kingdom,United Kingdom,Weekday,1584.36,324,58,,0.5904331579504326,True,False
557673,2011-06-22 10:15:00,2011-06,United Kingdom,United Kingdom,Weekday,1581.85,883,13,16180,0.5890233368119958,True,False
562024,2011-08-01 16:07:00,2011-08,United Kingdom,United Kingdom,Weekday,1580.52,413,189,,0.5882763001131428,True,False
544599,2011-02-21 18:15:00,2011-02,United Kingdom,United Kingdom,Weekday,1579.58,418,230,,0.5877483192883896,True,False
570467,2011-10-10 16:06:00,2011-10,USA,International,Weekday,1579.51,1228,101,12607,0.5877090015673974,True,False
540834,2011-01-11 14:50:00,2011-01,United Kingdom,United Kingdom,Weekday,1578.31,624,36,14733,0.5870349834932442,True,False
571433,2011-10-17 13:19:00,2011-10,United Kingdom,United Kingdom,Weekday,1576.6,904,87,13015,0.5860745077375762,True,False
546091,2011-03-09 11:53:00,2011-03,Channel Islands,International,Weekday,1576.3600000000001,944,81,14936,0.5859397041227457,True,False
569247,2011-10-03 10:08:00,2011-10,United Kingdom,United Kingdom,Weekday,1574.52,552,17,17924,0.5849062097423775,True,False
546008,2011-03-08 15:43:00,2011-03,United Kingdom,United Kingdom,Weekday,1572.65,422,204,,0.5838558649101557,True,False
538053,2010-12-09 13:34:00,2010-12,United Kingdom,United Kingdom,Weekday,1571.32,675,30,15856,0.5831088282113027,True,False
545937,2011-03-08 12:05:00,2011-03,Portugal,International,Weekday,1570.19,1109,56,12758,0.5824741278581419,True,False
541999,2011-01-25 10:45:00,2011-01,United Kingdom,United Kingdom,Weekday,1569.03,404,175,,0.5818225770531272,True,False
569127,2011-09-30 13:31:00,2011-09,United Kingdom,United Kingdom,Weekday,1568.4,600,12,15903,0.5814687175641969,True,False
569544,2011-10-04 16:33:00,2011-10,United Kingdom,United Kingdom,Weekday,1566.25,365,217,,0.5802611018480061,True,False
564965,2011-08-31 15:07:00,2011-08,United Kingdom,United Kingdom,Weekday,1565.82,987,22,17677,0.5800195787047678,True,False
564353,2011-08-24 15:08:00,2011-08,United Kingdom,United Kingdom,Weekday,1564.7,1165,85,15764,0.5793904951688916,True,False
564818,2011-08-30 12:10:00,2011-08,United Kingdom,United Kingdom,Weekday,1564.23,527,217,,0.5791265047565151,True,False
542344,2011-01-27 11:30:00,2011-01,United Kingdom,United Kingdom,Weekday,1563.96,359,181,,0.5789748506898306,True,False
562560,2011-08-05 17:12:00,2011-08,EIRE,International,Weekday,1563.18,739,143,14156,0.5785367389416312,True,False
580063,2011-12-01 13:29:00,2011-12,United Kingdom,United Kingdom,Weekday,1562.4,720,5,17450,0.5780986271934316,True,False
558862,2011-07-04 12:25:00,2011-07,United Kingdom,United Kingdom,Weekday,1561.0900000000001,856,77,13901,0.577362824129148,True,False
552550,2011-05-10 10:43:00,2011-05,United Kingdom,United Kingdom,Weekday,1560.3400000000001,1006,17,13881,0.5769415628328023,True,False
561367,2011-07-26 15:46:00,2011-07,United Kingdom,United Kingdom,Weekday,1557.36,334,56,,0.5752677512819887,True,False
569866,2011-10-06 14:50:00,2011-10,Portugal,International,Weekday,1556.42,1038,165,12757,0.5747397704572356,True,False
567673,2011-09-21 15:43:00,2011-09,United Kingdom,United Kingdom,Weekday,1555.8799999999999,367,195,,0.5744364623238666,True,False
563193,2011-08-12 16:30:00,2011-08,United Kingdom,United Kingdom,Weekday,1554.35,533,207,,0.5735770892793214,True,False
536575,2010-12-01 16:01:00,2010-12,United Kingdom,United Kingdom,Weekday,1552.98,858,8,13777,0.57280758531133,True,False
562980,2011-08-11 11:44:00,2011-08,United Kingdom,United Kingdom,Weekday,1552.6,737,84,17686,0.5725941462545149,True,False
542541,2011-01-28 14:25:00,2011-01,United Kingdom,United Kingdom,Weekday,1551.56,345,178,,0.5720099972569156,True,False
576927,2011-11-17 11:02:00,2011-11,France,International,Weekday,1551.3,772,81,12567,0.5718639600075157,True,False
575510,2011-11-10 10:33:00,2011-11,Netherlands,International,Weekday,1549.12,1040,10,14646,0.570639493839471,True,False
560090,2011-07-14 16:46:00,2011-07,United Kingdom,United Kingdom,Weekday,1548.83,462,255,,0.5704766061382174,True,False
541215,2011-01-14 13:42:00,2011-01,United Kingdom,United Kingdom,Weekday,1547.58,740,76,14329,0.5697745039776412,True,False
546884,2011-03-17 18:08:00,2011-03,United Kingdom,United Kingdom,Weekday,1546.93,372,180,,0.5694094108541418,True,False
567882,2011-09-22 15:03:00,2011-09,United Kingdom,United Kingdom,Weekday,1546.8600000000001,956,28,12906,0.5693700931331495,True,False
563558,2011-08-17 13:40:00,2011-08,EIRE,International,Weekday,1544.01,579,48,14156,0.5677693002070359,True,False
553206,2011-05-16 08:16:00,2011-05,EIRE,International,Weekday,1543.0,526,32,14156,0.5672020016612904,True,False
565231,2011-09-02 09:26:00,2011-09,United Kingdom,United Kingdom,Weekday,1542.6299999999999,465,166,,0.5669941794217598,True,False
547493,2011-03-23 12:06:00,2011-03,Austria,International,Weekday,1542.08,929,14,12818,0.5666852544711063,True,False
555344,2011-06-02 11:45:00,2011-06,United Kingdom,United Kingdom,Weekday,1541.98,845,30,15311,0.5666290862982603,True,False
554353,2011-05-24 09:10:00,2011-05,United Kingdom,United Kingdom,Weekday,1541.16,636,15,14258,0.5661685072809224,True,False
573426,2011-10-31 10:17:00,2011-10,United Kingdom,United Kingdom,Weekday,1540.73,357,53,,0.5659269841376842,True,False
549738,2011-04-12 09:28:00,2011-04,Hong Kong,International,Weekday,1539.64,732,32,,0.5653147510536619,True,False
544681,2011-02-22 16:28:00,2011-02,United Kingdom,United Kingdom,Weekday,1537.91,402,208,,0.5643430416634245,True,False
551414,2011-04-28 13:35:00,2011-04,United Kingdom,United Kingdom,Weekday,1537.2,867,85,15622,0.5639442476362173,True,False
548194,2011-03-29 15:30:00,2011-03,United Kingdom,United Kingdom,Weekday,1536.03,404,165,,0.563287080013918,True,False
563616,2011-08-18 09:39:00,2011-08,United Kingdom,United Kingdom,Weekday,1536.0,3840,5,13027,0.5632702295620642,True,False
561820,2011-07-29 16:00:00,2011-07,United Kingdom,United Kingdom,Weekday,1535.98,371,168,,0.563258995927495,True,False
548648,2011-04-01 13:20:00,2011-04,United Kingdom,United Kingdom,Weekday,1534.3,909,75,12949,0.5623153706236806,True,False
560716,2011-07-20 13:26:00,2011-07,United Kingdom,United Kingdom,Weekday,1532.76,600,70,17675,0.5614503807618509,True,False
553167,2011-05-13 16:19:00,2011-05,United Kingdom,United Kingdom,Weekday,1529.75,374,63,,0.5597597187591836,True,False
565841,2011-09-07 12:04:00,2011-09,United Kingdom,United Kingdom,Weekday,1528.29,426,189,,0.5589396634356307,True,False
570521,2011-10-11 10:43:00,2011-10,Switzerland,International,Weekday,1527.96,582,62,12371,0.5587543084652387,True,False
560451,2011-07-19 09:50:00,2011-07,EIRE,International,Weekday,1527.0,762,68,14911,0.5582150940059162,True,False
537065,2010-12-05 11:57:00,2010-12,France,International,Weekend,1526.92,611,63,12567,0.5581701594676394,True,False
564835,2011-08-30 12:31:00,2011-08,United Kingdom,United Kingdom,Weekday,1525.29,362,195,,0.5572546182502481,True,False
574678,2011-11-06 12:36:00,2011-11,United Kingdom,United Kingdom,Weekend,1524.77,843,89,13365,0.5569625437514484,True,False
564817,2011-08-30 12:02:00,2011-08,United Kingdom,United Kingdom,Weekday,1523.8799999999999,475,203,,0.5564626470131182,True,False
542517,2011-01-28 12:11:00,2011-01,United Kingdom,United Kingdom,Weekday,1521.1,462,8,13694,0.5549011718079969,True,False
552234,2011-05-06 16:01:00,2011-05,United Kingdom,United Kingdom,Weekday,1520.48,346,161,,0.5545529291363512,True,False
545216,2011-02-28 16:50:00,2011-02,United Kingdom,United Kingdom,Weekday,1520.38,369,177,,0.5544967609635052,True,False
540275,2011-01-06 12:11:00,2011-01,United Kingdom,United Kingdom,Weekday,1520.1100000000001,669,21,13680,0.5543451068968208,True,False
540276,2011-01-06 12:16:00,2011-01,United Kingdom,United Kingdom,Weekday,1520.11,669,21,14680,0.5543451068968207,True,False
567309,2011-09-19 13:39:00,2011-09,United Kingdom,United Kingdom,Weekday,1519.8,1788,1,12901,0.5541709855609979,True,False
548157,2011-03-29 13:27:00,2011-03,United Kingdom,United Kingdom,Weekday,1518.0,920,14,14298,0.5531599584497683,True,False
566400,2011-09-12 13:16:00,2011-09,United Kingdom,United Kingdom,Weekday,1517.54,848,92,17139,0.5529015848546762,True,False
566949,2011-09-15 16:32:00,2011-09,United Kingdom,United Kingdom,Weekday,1516.98,462,198,,0.5525870430867381,True,False
539044,2010-12-15 15:47:00,2010-12,United Kingdom,United Kingdom,Weekday,1516.95,535,65,15727,0.5525701926348844,True,False
541631,2011-01-20 10:47:00,2011-01,France,International,Weekday,1516.68,708,72,12637,0.5524185385681999,True,False
552229,2011-05-06 15:40:00,2011-05,United Kingdom,United Kingdom,Weekday,1514.98,609,250,,0.5514636796298164,True,False
574049,2011-11-02 13:40:00,2011-11,United Kingdom,United Kingdom,Weekday,1514.17,744,17,13316,0.5510087174297631,True,False
547830,2011-03-25 15:50:00,2011-03,United Kingdom,United Kingdom,Weekday,1513.46,307,162,,0.5506099234025559,True,False
552508,2011-05-09 16:27:00,2011-05,United Kingdom,United Kingdom,Weekday,1513.36,458,183,,0.5505537552297096,True,False
562688,2011-08-08 13:53:00,2011-08,United Kingdom,United Kingdom,Weekday,1510.49,985,163,13869,0.548941728669027,True,False
573266,2011-10-28 12:40:00,2011-10,United Kingdom,United Kingdom,Weekday,1510.3600000000001,711,28,15290,0.5488687100443271,True,False
564825,2011-08-30 12:26:00,2011-08,United Kingdom,United Kingdom,Weekday,1509.44,368,168,,0.5483519628541431,True,False
540691,2011-01-11 08:50:00,2011-01,United Kingdom,United Kingdom,Weekday,1508.6599999999999,686,44,17450,0.5479138511059435,True,False
550630,2011-04-19 14:49:00,2011-04,United Kingdom,United Kingdom,Weekday,1507.67,2621,65,14298,0.5473577861947673,True,False
570690,2011-10-11 16:37:00,2011-10,United Kingdom,United Kingdom,Weekday,1506.5,542,244,,0.5467006185724681,True,False
564646,2011-08-26 13:39:00,2011-08,United Kingdom,United Kingdom,Weekday,1506.2,360,55,,0.5465321140539298,True,False
562345,2011-08-04 12:14:00,2011-08,United Kingdom,United Kingdom,Weekday,1505.64,1524,20,13694,0.5462175722859918,True,False
547386,2011-03-22 15:52:00,2011-03,United Kingdom,United Kingdom,Weekday,1504.91,369,185,,0.5458075446242153,True,False
551291,2011-04-27 14:26:00,2011-04,United Kingdom,United Kingdom,Weekday,1502.78,3103,47,14298,0.5446111625425936,True,False
573035,2011-10-27 13:43:00,2011-10,Norway,International,Weekday,1498.66,1114,58,12433,0.5422970338213348,True,False
555722,2011-06-06 16:06:00,2011-06,United Kingdom,United Kingdom,Weekday,1498.09,320,135,,0.5419768752361119,True,False
576672,2011-11-16 11:59:00,2011-11,France,International,Weekday,1497.52,662,22,12731,0.5416567166508893,True,False
555276,2011-06-01 17:28:00,2011-06,United Kingdom,United Kingdom,Weekday,1496.98,302,176,,0.5413534085175205,True,False
577181,2011-11-18 11:35:00,2011-11,United Kingdom,United Kingdom,Weekday,1496.04,612,10,,0.5408254276927672,True,False
553890,2011-05-19 16:32:00,2011-05,United Kingdom,United Kingdom,Weekday,1495.6299999999999,411,155,,0.5405951381840981,True,False
543394,2011-02-08 10:17:00,2011-02,United Kingdom,United Kingdom,Weekday,1495.2,528,5,15797,0.5403536150408601,True,False
575491,2011-11-09 17:47:00,2011-11,United Kingdom,United Kingdom,Weekday,1495.06,832,175,15531,0.5402749795988755,True,False
574324,2011-11-04 07:46:00,2011-11,United Kingdom,United Kingdom,Weekday,1494.0000000000002,360,1,16684,0.5396795969667071,True,False
547967,2011-03-28 15:49:00,2011-03,United Kingdom,United Kingdom,Weekday,1491.72,279,151,,0.5383989626258162,True,False
571030,2011-10-13 12:26:00,2011-10,Belgium,International,Weekday,1491.59,1290,51,12876,0.5383259440011162,True,False
539225,2010-12-16 13:02:00,2010-12,United Kingdom,United Kingdom,Weekday,1491.46,768,61,15379,0.5382529253764163,True,False
539109,2010-12-16 11:07:00,2010-12,United Kingdom,United Kingdom,Weekday,1491.0,800,2,16013,0.5379945517813243,True,False
562102,2011-08-02 14:21:00,2011-08,United Kingdom,United Kingdom,Weekday,1490.82,906,57,13089,0.5378934490702013,True,False
562264,2011-08-03 16:14:00,2011-08,United Kingdom,United Kingdom,Weekday,1490.62,371,179,,0.5377811127245091,True,False
540268,2011-01-06 11:25:00,2011-01,United Kingdom,United Kingdom,Weekday,1489.18,944,53,13458,0.5369722910355256,True,False
550122,2011-04-14 12:39:00,2011-04,United Kingdom,United Kingdom,Weekday,1488.0,1176,4,12931,0.5363095065959417,True,False
562040,2011-08-02 10:00:00,2011-08,United Kingdom,United Kingdom,Weekday,1487.6,1048,2,17553,0.5360848339045572,True,False
538641,2010-12-13 14:36:00,2010-12,United Kingdom,United Kingdom,Weekday,1485.78,772,37,15640,0.5350625731587585,True,False
537887,2010-12-09 10:00:00,2010-12,United Kingdom,United Kingdom,Weekday,1485.72,532,10,18092,0.5350288722550508,True,False
567901,2011-09-22 16:28:00,2011-09,United Kingdom,United Kingdom,Weekday,1485.43,395,228,,0.5348659845537972,True,False
552181,2011-05-06 13:36:00,2011-05,United Kingdom,United Kingdom,Weekday,1484.4,820,9,17381,0.5342874523734825,True,False
539395,2010-12-17 11:52:00,2010-12,Germany,International,Weekday,1484.25,444,27,12471,0.5342032001142133,True,False
570115,2011-10-07 12:37:00,2011-10,United Kingdom,United Kingdom,Weekday,1482.2,1026,15,13798,0.5330517525708686,True,False
562717,2011-08-08 15:42:00,2011-08,United Kingdom,United Kingdom,Weekday,1480.41,377,171,,0.5320463422769236,True,False
544690,2011-02-23 08:48:00,2011-02,EIRE,International,Weekday,1480.2,668,15,14156,0.5319283891139468,True,False
559051,2011-07-05 16:47:00,2011-07,United Kingdom,United Kingdom,Weekday,1477.98,549,204,,0.5306814556767636,True,False
546569,2011-03-15 10:53:00,2011-03,EIRE,International,Weekday,1477.56,511,45,14016,0.53044554935081,True,False
565396,2011-09-02 16:39:00,2011-09,United Kingdom,United Kingdom,Weekday,1476.28,368,214,,0.5297265967383801,True,False
569568,2011-10-05 09:57:00,2011-10,France,International,Weekday,1476.19,890,89,12700,0.5296760453828186,True,False
571257,2011-10-14 17:17:00,2011-10,United Kingdom,United Kingdom,Weekday,1472.17,357,211,,0.5274180848344059,True,False
567453,2011-09-20 12:05:00,2011-09,United Kingdom,United Kingdom,Weekday,1468.8,288,1,17450,0.5255252174094927,True,False
566310,2011-09-12 09:39:00,2011-09,United Kingdom,United Kingdom,Weekday,1468.58,890,19,15980,0.5254016474292312,True,False
561027,2011-07-24 10:54:00,2011-07,United Kingdom,United Kingdom,Weekend,1468.3600000000001,778,12,13802,0.5252780774489699,True,False
558536,2011-06-30 12:06:00,2011-06,Australia,International,Weekday,1466.3200000000002,532,23,12424,0.5241322467229097,True,False
550779,2011-04-20 13:36:00,2011-04,United Kingdom,United Kingdom,Weekday,1466.1399999999999,858,16,17511,0.5240311440117866,True,False
566933,2011-09-15 15:30:00,2011-09,United Kingdom,United Kingdom,Weekday,1465.6,320,16,18102,0.5237278358784178,True,False
565857,2011-09-07 14:13:00,2011-09,EIRE,International,Weekday,1464.58,942,85,14911,0.5231549205153877,True,False
546891,2011-03-17 18:18:00,2011-03,United Kingdom,United Kingdom,Weekday,1464.43,385,177,,0.5230706682561186,True,False
578513,2011-11-24 13:32:00,2011-11,United Kingdom,United Kingdom,Weekday,1463.64,551,55,16609,0.5226269396906346,True,False
545398,2011-03-02 11:43:00,2011-03,United Kingdom,United Kingdom,Weekday,1463.47,958,46,13722,0.5225314537967961,True,False
572676,2011-10-25 13:30:00,2011-10,United Kingdom,United Kingdom,Weekday,1462.45,649,46,16258,0.521958538433766,True,False
542664,2011-01-31 12:14:00,2011-01,United Kingdom,United Kingdom,Weekday,1460.33,302,135,,0.5207677731694289,True,False
547964,2011-03-28 15:45:00,2011-03,United Kingdom,United Kingdom,Weekday,1460.08,368,172,,0.5206273527373136,True,False
543546,2011-02-09 16:52:00,2011-02,United Kingdom,United Kingdom,Weekday,1459.9,401,141,,0.5205262500261908,True,False
577805,2011-11-22 08:19:00,2011-11,United Kingdom,United Kingdom,Weekday,1459.7599999999998,658,7,13881,0.5204476145842061,True,False
563659,2011-08-18 11:00:00,2011-08,United Kingdom,United Kingdom,Weekday,1459.12,896,10,13694,0.5200881382779912,True,False
565617,2011-09-05 15:30:00,2011-09,United Kingdom,United Kingdom,Weekday,1458.44,476,190,,0.5197061947026379,True,False
556932,2011-06-15 15:41:00,2011-06,United Kingdom,United Kingdom,Weekday,1456.75,457,196,,0.518756952581539,True,False
549568,2011-04-10 15:09:00,2011-04,United Kingdom,United Kingdom,Weekend,1456.42,1162,76,15665,0.5185715976111469,True,False
558315,2011-06-28 11:44:00,2011-06,United Kingdom,United Kingdom,Weekday,1452.35,460,66,15065,0.516285552976311,True,False
544186,2011-02-16 15:55:00,2011-02,United Kingdom,United Kingdom,Weekday,1449.88,388,182,,0.5148981991070127,True,False
564840,2011-08-30 12:49:00,2011-08,United Kingdom,United Kingdom,Weekday,1448.1399999999999,415,206,,0.5139208728994906,True,False
556813,2011-06-14 17:28:00,2011-06,United Kingdom,United Kingdom,Weekday,1448.02,342,184,,0.5138534710920754,True,False
573137,2011-10-27 17:15:00,2011-10,United Kingdom,United Kingdom,Weekday,1445.8799999999999,339,224,,0.5126514721931691,True,False
551718,2011-05-03 16:06:00,2011-05,United Kingdom,United Kingdom,Weekday,1445.61,327,162,,0.5124998181264846,True,False
548627,2011-04-01 12:19:00,2011-04,United Kingdom,United Kingdom,Weekday,1445.6000000000001,3080,5,16333,0.5124942013092001,True,False
547822,2011-03-25 14:53:00,2011-03,Germany,International,Weekday,1444.8,522,49,12668,0.5120448559264313,True,False
549835,2011-04-12 13:24:00,2011-04,United Kingdom,United Kingdom,Weekday,1444.66,990,20,17511,0.5119662204844468,True,False
569342,2011-10-03 14:20:00,2011-10,United Kingdom,United Kingdom,Weekday,1441.2,1160,3,16013,0.5100228017039722,True,False
552819,2011-05-11 12:50:00,2011-05,United Kingdom,United Kingdom,Weekday,1440.96,688,23,16652,0.5098879980891415,True,False
555368,2011-06-02 14:30:00,2011-06,United Kingdom,United Kingdom,Weekday,1440.9,398,80,13437,0.509854297185434,True,False
539578,2010-12-20 12:45:00,2010-12,United Kingdom,United Kingdom,Weekday,1440.0,3600,6,13027,0.5093487836298191,True,False
549524,2011-04-08 15:41:00,2011-04,United Kingdom,United Kingdom,Weekday,1439.48,395,173,,0.5090567091310194,True,False
577748,2011-11-21 14:24:00,2011-11,United Kingdom,United Kingdom,Weekday,1437.5,828,49,15159,0.5079445793086669,True,False
555382,2011-06-02 14:46:00,2011-06,United Kingdom,United Kingdom,Weekday,1437.12,728,5,17133,0.5077311402518517,True,False
580153,2011-12-02 10:23:00,2011-12,Portugal,International,Weekday,1436.93,1032,48,12762,0.5076244207234442,True,False
564150,2011-08-23 12:30:00,2011-08,Channel Islands,International,Weekday,1436.49,572,57,14936,0.5073772807629214,True,False
557938,2011-06-23 15:35:00,2011-06,United Kingdom,United Kingdom,Weekday,1435.1799999999998,376,192,,0.5066414776986375,True,False
562587,2011-08-07 14:34:00,2011-08,United Kingdom,United Kingdom,Weekend,1434.71,843,55,15640,0.506377487286261,True,False
543826,2011-02-14 09:41:00,2011-02,United Kingdom,United Kingdom,Weekday,1434.66,325,182,,0.506349403199838,True,False
573261,2011-10-28 12:32:00,2011-10,United Kingdom,United Kingdom,Weekday,1434.24,1992,1,17949,0.5061134968738844,True,False
556459,2011-06-10 17:25:00,2011-06,United Kingdom,United Kingdom,Weekday,1434.03,354,173,,0.5059955437109076,True,False
572337,2011-10-24 10:30:00,2011-10,United Kingdom,United Kingdom,Weekday,1434.0,1100,11,14607,0.5059786932590538,True,False
566602,2011-09-13 16:05:00,2011-09,United Kingdom,United Kingdom,Weekday,1433.66,393,199,,0.5057877214713771,True,False
563900,2011-08-21 11:05:00,2011-08,Channel Islands,International,Weekend,1432.0,800,4,14566,0.504855329802132,True,False
539102,2010-12-16 10:37:00,2010-12,United Kingdom,United Kingdom,Weekday,1431.6,984,4,16029,0.5046306571107476,True,False
540999,2011-01-13 10:08:00,2011-01,United Kingdom,United Kingdom,Weekday,1431.28,1128,18,13694,0.5044509189576402,True,False
559948,2011-07-14 10:41:00,2011-07,Israel,International,Weekday,1430.75,633,27,12653,0.5041532276415559,True,False
546406,2011-03-11 16:21:00,2011-03,United Kingdom,United Kingdom,Weekday,1429.9099999999999,378,156,,0.5036814149896487,True,False
540464,2011-01-07 13:17:00,2011-01,United Kingdom,United Kingdom,Weekday,1429.9,1070,52,14298,0.5036757981723642,True,False
544323,2011-02-17 15:51:00,2011-02,United Kingdom,United Kingdom,Weekday,1429.07,332,169,,0.5032096023377416,True,False
567667,2011-09-21 15:24:00,2011-09,United Kingdom,United Kingdom,Weekday,1427.3999999999999,377,203,,0.5022715938512119,True,False
554511,2011-05-24 15:52:00,2011-05,United Kingdom,United Kingdom,Weekday,1425.3799999999999,343,169,,0.5011369967597209,True,False
564760,2011-08-30 10:47:00,2011-08,United Kingdom,United Kingdom,Weekday,1424.23,352,188,,0.500491062771991,True,False
565232,2011-09-02 09:30:00,2011-09,United Kingdom,United Kingdom,Weekday,1423.1,312,199,,0.4998563624188301,True,False
574962,2011-11-08 10:26:00,2011-11,United Kingdom,United Kingdom,Weekday,1421.67,989,37,15194,0.4990531575471311,True,False
550159,2011-04-14 15:46:00,2011-04,United Kingdom,United Kingdom,Weekday,1420.98,662,14,14062,0.49866559715449305,True,False
545217,2011-02-28 16:59:00,2011-02,United Kingdom,United Kingdom,Weekday,1420.78,356,166,,0.49855326080880086,True,False
576180,2011-11-14 11:11:00,2011-11,United Kingdom,United Kingdom,Weekday,1419.5800000000002,946,9,13694,0.4978792427346479,True,False
569700,2011-10-05 15:56:00,2011-10,United Kingdom,United Kingdom,Weekday,1417.55,355,217,,0.4967390288258722,True,False
551340,2011-04-27 17:23:00,2011-04,United Kingdom,United Kingdom,Weekday,1416.36,357,132,,0.49607062756900366,True,False
569385,2011-10-03 16:48:00,2011-10,United Kingdom,United Kingdom,Weekday,1416.0,200,1,14031,0.4958684221467578,True,False
569388,2011-10-03 16:50:00,2011-10,United Kingdom,United Kingdom,Weekday,1416.0,200,1,14031,0.4958684221467578,True,False
574276,2011-11-03 14:39:00,2011-11,United Kingdom,United Kingdom,Weekday,1415.92,832,5,17857,0.495823487608481,True,False
572186,2011-10-21 10:55:00,2011-10,United Kingdom,United Kingdom,Weekday,1414.99,607,49,16497,0.4953011236010123,True,False
565460,2011-09-05 09:24:00,2011-09,United Kingdom,United Kingdom,Weekday,1414.64,2300,55,16843,0.49510453499605106,True,False
553686,2011-05-18 13:58:00,2011-05,EIRE,International,Weekday,1414.36,636,60,14911,0.4949472641120819,True,False
561214,2011-07-25 17:00:00,2011-07,United Kingdom,United Kingdom,Weekday,1412.75,379,164,,0.49404295652925995,True,False
550527,2011-04-19 10:48:00,2011-04,Germany,International,Weekday,1411.67,628,51,12476,0.4934363402625222,True,False
569407,2011-10-04 09:12:00,2011-10,United Kingdom,United Kingdom,Weekday,1410.26,426,14,15694,0.4926443690253923,True,False
550541,2011-04-19 11:33:00,2011-04,United Kingdom,United Kingdom,Weekday,1407.93,382,163,,0.4913356505980785,True,False
547796,2011-03-25 12:34:00,2011-03,Netherlands,International,Weekday,1407.86,731,13,14646,0.49129633287708613,True,False
548664,2011-04-01 14:45:00,2011-04,EIRE,International,Weekday,1407.19,713,67,14911,0.4909200061190174,True,False
575915,2011-11-11 16:33:00,2011-11,United Kingdom,United Kingdom,Weekday,1405.2,456,9,15903,0.4898022594793803,True,False
555923,2011-06-07 17:09:00,2011-06,United Kingdom,United Kingdom,Weekday,1403.3799999999999,387,149,,0.48877999873358136,True,False
552520,2011-05-09 16:34:00,2011-05,United Kingdom,United Kingdom,Weekday,1401.3799999999999,357,148,,0.4876566352766596,True,False
552702,2011-05-10 16:00:00,2011-05,United Kingdom,United Kingdom,Weekday,1400.53,493,140,,0.4871792058074679,True,False
545667,2011-03-04 16:07:00,2011-03,United Kingdom,United Kingdom,Weekday,1397.75,354,187,,0.48561773060234664,True,False
570218,2011-10-09 12:20:00,2011-10,United Kingdom,United Kingdom,Weekend,1397.32,780,50,16873,0.4853762074591084,True,False
581098,2011-12-07 11:42:00,2011-12,EIRE,International,Weekday,1396.96,572,51,14911,0.48517400203686256,True,False
563098,2011-08-12 09:14:00,2011-08,EIRE,International,Weekday,1396.66,554,41,14911,0.48500549751832434,True,False
545466,2011-03-03 09:26:00,2011-03,United Kingdom,United Kingdom,Weekday,1396.0,200,1,18102,0.4846347875775401,True,False
569383,2011-10-03 16:46:00,2011-10,United Kingdom,United Kingdom,Weekday,1395.09,1127,63,15159,0.4841236572046406,True,False
563745,2011-08-19 09:38:00,2011-08,United Kingdom,United Kingdom,Weekday,1394.58,1140,61,15159,0.4838371995231256,True,False
538515,2010-12-12 14:43:00,2010-12,United Kingdom,United Kingdom,Weekend,1393.56,564,13,17937,0.4832642841600955,True,False
556751,2011-06-14 12:09:00,2011-06,United Kingdom,United Kingdom,Weekday,1393.48,748,13,15251,0.4832193496218187,True,False
571945,2011-10-20 10:34:00,2011-10,United Kingdom,United Kingdom,Weekday,1393.06,1006,15,17354,0.48298344329586507,True,False
554642,2011-05-25 12:19:00,2011-05,Netherlands,International,Weekday,1392.0,960,1,14646,0.48238806066369655,True,False
545288,2011-03-01 11:48:00,2011-03,United Kingdom,United Kingdom,Weekday,1390.06,1003,33,15311,0.4812983981104824,True,False
573420,2011-10-31 09:48:00,2011-10,United Kingdom,United Kingdom,Weekday,1389.05,601,35,18223,0.4807310995647369,True,False
562716,2011-08-08 15:35:00,2011-08,United Kingdom,United Kingdom,Weekday,1388.92,628,37,14257,0.48065808094003704,True,False
551995,2011-05-05 15:42:00,2011-05,United Kingdom,United Kingdom,Weekday,1388.59,452,202,,0.48047272596964485,True,False
552493,2011-05-09 16:21:00,2011-05,United Kingdom,United Kingdom,Weekday,1388.46,364,137,,0.480399707344945,True,False
563954,2011-08-22 10:59:00,2011-08,United Kingdom,United Kingdom,Weekday,1388.27,613,31,16652,0.48029298781653745,True,False
565181,2011-09-01 15:52:00,2011-09,United Kingdom,United Kingdom,Weekday,1386.0,1368,6,17381,0.47901797029293125,True,False
548191,2011-03-29 15:20:00,2011-03,United Kingdom,United Kingdom,Weekday,1385.1299999999999,357,168,,0.4785293071891702,True,False
553661,2011-05-18 11:59:00,2011-05,United Kingdom,United Kingdom,Weekday,1384.25,534,32,13572,0.4780350272681247,True,False
558310,2011-06-28 11:20:00,2011-06,United Kingdom,United Kingdom,Weekday,1382.88,656,3,16671,0.47726552330013333,True,False
537604,2010-12-07 13:01:00,2010-12,United Kingdom,United Kingdom,Weekday,1381.92,516,45,13488,0.47672630884081085,True,False
552851,2011-05-11 15:07:00,2011-05,France,International,Weekday,1381.3,734,23,12731,0.47637806616916506,True,False
543976,2011-02-14 15:26:00,2011-02,United Kingdom,United Kingdom,Weekday,1380.4,664,4,13089,0.4758725526135503,True,False
551868,2011-05-04 16:29:00,2011-05,Spain,International,Weekday,1380.11,747,41,12540,0.47570966491229655,True,False
555158,2011-06-01 08:38:00,2011-06,United Kingdom,United Kingdom,Weekday,1378.48,628,76,14842,0.47479412369490537,True,False
569844,2011-10-06 13:30:00,2011-10,Germany,International,Weekday,1377.55,856,62,12626,0.47427175968743673,True,False
571824,2011-10-19 11:49:00,2011-10,Germany,International,Weekday,1376.43,923,80,12472,0.4736426761515606,True,False
545340,2011-03-02 08:41:00,2011-03,United Kingdom,United Kingdom,Weekday,1375.24,786,69,15416,0.47297427489469207,True,False
540357,2011-01-06 15:14:00,2011-01,United Kingdom,United Kingdom,Weekday,1374.46,1171,42,13093,0.4725361631464926,True,False
573846,2011-11-01 11:39:00,2011-11,United Kingdom,United Kingdom,Weekday,1374.26,570,8,14866,0.4724238268008004,True,False
553574,2011-05-18 09:59:00,2011-05,United Kingdom,United Kingdom,Weekday,1373.46,1710,15,16422,0.4719744814180317,True,False
579784,2011-11-30 15:27:00,2011-11,United Kingdom,United Kingdom,Weekday,1371.6,936,8,14258,0.4709297534030944,True,False
537224,2010-12-05 16:24:00,2010-12,United Kingdom,United Kingdom,Weekend,1369.06,674,122,13174,0.46950308181280376,True,False
536851,2010-12-03 09:49:00,2010-12,United Kingdom,United Kingdom,Weekday,1368.4,360,15,12967,0.46913237187201967,True,False
542003,2011-01-25 11:07:00,2011-01,United Kingdom,United Kingdom,Weekday,1368.38,602,25,15311,0.4691211382374505,True,False
550906,2011-04-21 12:34:00,2011-04,United Kingdom,United Kingdom,Weekday,1368.16,2460,59,14298,0.4689975682571891,True,False
574733,2011-11-06 15:17:00,2011-11,United Kingdom,United Kingdom,Weekend,1366.91,733,57,17082,0.46829546609661293,True,False
555924,2011-06-07 17:12:00,2011-06,United Kingdom,United Kingdom,Weekday,1366.71,340,144,,0.46818312975092075,True,False
576355,2011-11-14 16:28:00,2011-11,United Kingdom,United Kingdom,Weekday,1364.74,596,30,13089,0.46707661674585277,True,False
567917,2011-09-22 17:19:00,2011-09,United Kingdom,United Kingdom,Weekday,1364.61,2235,42,14298,0.46700359812115283,True,False
553549,2011-05-17 16:09:00,2011-05,United Kingdom,United Kingdom,Weekday,1364.33,244,138,,0.4668463272371838,True,False
541969,2011-01-24 13:46:00,2011-01,United Kingdom,United Kingdom,Weekday,1363.66,330,155,,0.4664700004791151,True,False
580910,2011-12-06 13:29:00,2011-12,United Kingdom,United Kingdom,Weekday,1363.2000000000003,864,7,13225,0.4662116268840232,True,False
557247,2011-06-17 15:09:00,2011-06,France,International,Weekday,1359.58,514,22,12731,0.46417833902699457,True,False
561093,2011-07-25 10:01:00,2011-07,Spain,International,Weekday,1358.3899999999999,649,47,12540,0.46350993777012606,True,False
540907,2011-01-12 11:52:00,2011-01,United Kingdom,United Kingdom,Weekday,1358.29,766,71,13488,0.46345376959728,True,False
549940,2011-04-13 11:48:00,2011-04,United Kingdom,United Kingdom,Weekday,1357.63,1661,18,13694,0.46308305965649593,True,False
576172,2011-11-14 11:00:00,2011-11,United Kingdom,United Kingdom,Weekday,1355.56,448,15,15482,0.4619203784785818,True,False
571082,2011-10-13 15:25:00,2011-10,United Kingdom,United Kingdom,Weekday,1354.71,479,190,,0.4614429490093901,True,False
558362,2011-06-28 15:14:00,2011-06,United Kingdom,United Kingdom,Weekday,1353.2,648,6,16029,0.4605948095994142,True,False
551997,2011-05-05 15:47:00,2011-05,United Kingdom,United Kingdom,Weekday,1353.1299999999999,446,224,,0.4605554918784218,True,False
560246,2011-07-17 12:17:00,2011-07,United Kingdom,United Kingdom,Weekend,1353.1000000000001,328,15,14292,0.46053864142656814,True,False
580669,2011-12-05 14:25:00,2011-12,United Kingdom,United Kingdom,Weekday,1352.48,618,39,15159,0.46019039875492235,True,False
553045,2011-05-13 09:33:00,2011-05,Japan,International,Weekday,1351.45,743,12,12770,0.4596118665746076,True,False
563944,2011-08-22 10:08:00,2011-08,United Kingdom,United Kingdom,Weekday,1351.22,782,58,17581,0.4594826797770616,True,False
573778,2011-11-01 10:56:00,2011-11,United Kingdom,United Kingdom,Weekday,1350.9,474,14,18092,0.4593029416239542,True,False
574684,2011-11-06 12:56:00,2011-11,United Kingdom,United Kingdom,Weekend,1349.69,822,55,17581,0.45862330673251644,True,False
579843,2011-11-30 16:21:00,2011-11,United Kingdom,United Kingdom,Weekday,1348.5800000000002,640,27,12921,0.45799984001392496,True,False
553162,2011-05-13 15:53:00,2011-05,United Kingdom,United Kingdom,Weekday,1348.3799999999999,297,148,,0.4578875036682326,True,False
577046,2011-11-17 13:46:00,2011-11,Belgium,International,Weekday,1342.71,524,59,12449,0.4547027682678595,True,False
542932,2011-02-02 10:54:00,2011-02,United Kingdom,United Kingdom,Weekday,1341.96,712,46,13089,0.4542815069715138,True,False
549155,2011-04-06 17:08:00,2011-04,United Kingdom,United Kingdom,Weekday,1341.26,382,183,,0.45388832976159116,True,False
543013,2011-02-02 13:35:00,2011-02,United Kingdom,United Kingdom,Weekday,1340.77,310,169,,0.4536131057146453,True,False
544931,2011-02-24 18:59:00,2011-02,Switzerland,International,Weekday,1340.32,560,52,13501,0.4533603489368379,True,False
548367,2011-03-30 15:51:00,2011-03,United Kingdom,United Kingdom,Weekday,1337.78,861,23,17677,0.45193367734654727,True,False
556574,2011-06-13 13:41:00,2011-06,United Kingdom,United Kingdom,Weekday,1336.2,409,3,16209,0.4510462202155791,True,False
544928,2011-02-24 18:07:00,2011-02,United Kingdom,United Kingdom,Weekday,1336.1,332,159,,0.45099005204273296,True,False
566603,2011-09-13 16:12:00,2011-09,United Kingdom,United Kingdom,Weekday,1335.26,336,165,,0.45051823939082586,True,False
537981,2010-12-09 11:35:00,2010-12,United Kingdom,United Kingdom,Weekday,1335.2,2154,4,17857,0.4504845384871182,True,False
570408,2011-10-10 12:59:00,2011-10,United Kingdom,United Kingdom,Weekday,1334.16,2904,8,13685,0.44990038948951894,True,False
536862,2010-12-03 11:13:00,2010-12,United Kingdom,United Kingdom,Weekday,1334.13,150,81,,0.4498835390376651,True,False
540255,2011-01-05 16:50:00,2011-01,United Kingdom,United Kingdom,Weekday,1331.8,485,235,,0.44857482061035114,True,False
564897,2011-08-31 11:22:00,2011-08,France,International,Weekday,1330.44,820,10,12678,0.4478109334596444,True,False
578041,2011-11-22 14:23:00,2011-11,United Kingdom,United Kingdom,Weekday,1329.6200000000001,720,138,17338,0.44735035444230653,True,False
544792,2011-02-23 12:37:00,2011-02,United Kingdom,United Kingdom,Weekday,1329.36,346,28,18172,0.44720431719290654,True,False
562448,2011-08-04 19:22:00,2011-08,United Kingdom,United Kingdom,Weekday,1327.55,905,15,17428,0.4461876732643924,True,False
561898,2011-07-31 15:25:00,2011-07,Switzerland,International,Weekend,1325.23,628,45,12456,0.4448845716543632,True,False
576147,2011-11-14 10:49:00,2011-11,United Kingdom,United Kingdom,Weekday,1324.3,634,33,16303,0.4443622076468945,True,False
553389,2011-05-16 16:37:00,2011-05,United Kingdom,United Kingdom,Weekday,1324.07,268,133,,0.4442330208493485,True,False
570342,2011-10-10 12:26:00,2011-10,United Kingdom,United Kingdom,Weekday,1322.82,459,45,17706,0.44353091868877237,True,False
542622,2011-01-31 09:09:00,2011-01,United Kingdom,United Kingdom,Weekday,1321.39,315,148,,0.44272771381707343,True,False
549316,2011-04-08 09:54:00,2011-04,Germany,International,Weekday,1321.25,757,63,12705,0.4426490783750888,True,False
547518,2011-03-23 14:39:00,2011-03,United Kingdom,United Kingdom,Weekday,1320.0,800,6,13694,0.44194697621451273,True,False
566482,2011-09-13 09:43:00,2011-09,United Kingdom,United Kingdom,Weekday,1319.78,624,67,16609,0.4418234062342513,True,False
563093,2011-08-11 17:28:00,2011-08,United Kingdom,United Kingdom,Weekday,1319.78,273,152,,0.4418234062342513,True,False
579792,2011-11-30 15:43:00,2011-11,France,International,Weekday,1319.16,811,68,12714,0.44147516356260563,True,False
570964,2011-10-13 11:50:00,2011-10,Portugal,International,Weekday,1319.01,884,61,12766,0.44139091130333646,True,False
569363,2011-10-03 15:08:00,2011-10,United Kingdom,United Kingdom,Weekday,1315.3799999999999,618,38,13297,0.43935200662902335,True,False
576088,2011-11-14 08:41:00,2011-11,United Kingdom,United Kingdom,Weekday,1314.94,340,8,17450,0.4391048666685007,True,False
580160,2011-12-02 10:47:00,2011-12,France,International,Weekday,1314.75,701,57,12700,0.43899814714009305,True,False
536970,2010-12-03 13:12:00,2010-12,United Kingdom,United Kingdom,Weekday,1314.0,120,1,17949,0.4385768858437474,True,False
555490,2011-06-03 13:50:00,2011-06,United Kingdom,United Kingdom,Weekday,1314.0,120,1,17949,0.4385768858437474,True,False
566757,2011-09-14 15:54:00,2011-09,United Kingdom,United Kingdom,Weekday,1313.43,457,197,,0.4382567272585247,True,False
549837,2011-04-12 13:38:00,2011-04,United Kingdom,United Kingdom,Weekday,1311.9,429,20,16705,0.4373973542139796,True,False
556433,2011-06-10 14:01:00,2011-06,United Kingdom,United Kingdom,Weekday,1310.63,258,53,,0.43668401841883425,True,False
568703,2011-09-28 15:21:00,2011-09,United Kingdom,United Kingdom,Weekday,1310.22,1814,140,12748,0.43645372891016526,True,False
568082,2011-09-23 14:38:00,2011-09,United Kingdom,United Kingdom,Weekday,1308.8200000000002,556,24,14944,0.4356673744903201,True,False
538883,2010-12-14 15:56:00,2010-12,United Kingdom,United Kingdom,Weekday,1308.63,149,78,,0.4355606549619125,True,False
542397,2011-01-27 15:22:00,2011-01,United Kingdom,United Kingdom,Weekday,1308.48,680,17,13328,0.4354764027026433,True,False
569563,2011-10-05 09:46:00,2011-10,Germany,International,Weekday,1307.76,790,48,12481,0.4350719918581515,True,False
555095,2011-05-31 13:32:00,2011-05,Spain,International,Weekday,1306.49,608,47,12540,0.43435865606300617,True,False
543387,2011-02-08 09:41:00,2011-02,Netherlands,International,Weekday,1306.28,1126,14,14646,0.43424070290002936,True,False
559701,2011-07-12 09:10:00,2011-07,United Kingdom,United Kingdom,Weekday,1305.6,512,1,16013,0.4338587593246759,True,False
539012,2010-12-15 13:26:00,2010-12,United Kingdom,United Kingdom,Weekday,1305.6,1536,8,17858,0.4338587593246759,True,False
566163,2011-09-09 11:48:00,2011-09,France,International,Weekday,1304.7,719,67,12637,0.4333532457690612,True,False
565865,2011-09-07 15:07:00,2011-09,France,International,Weekday,1304.7,719,67,12637,0.4333532457690612,True,False
564324,2011-08-24 13:26:00,2011-08,United Kingdom,United Kingdom,Weekday,1304.44,1460,24,13694,0.4332072085196614,True,False
566617,2011-09-14 09:11:00,2011-09,United Kingdom,United Kingdom,Weekday,1304.04,346,16,18092,0.43298253582827695,True,False
566405,2011-09-12 13:41:00,2011-09,United Kingdom,United Kingdom,Weekday,1304.04,756,23,17919,0.43298253582827695,True,False
576623,2011-11-15 17:12:00,2011-11,United Kingdom,United Kingdom,Weekday,1301.0,1082,7,12748,0.4312750233737559,True,False
555418,2011-06-03 10:19:00,2011-06,United Kingdom,United Kingdom,Weekday,1299.04,347,32,15498,0.43017412718597253,True,False
539856,2010-12-22 14:41:00,2010-12,United Kingdom,United Kingdom,Weekday,1298.4,1,1,,0.4298146508797576,True,False
565580,2011-09-05 12:36:00,2011-09,United Kingdom,United Kingdom,Weekday,1298.18,682,12,13851,0.4296910808994962,True,False
568654,2011-09-28 12:20:00,2011-09,EIRE,International,Weekday,1297.8500000000001,549,68,14911,0.4295057259291042,True,False
573421,2011-10-31 09:50:00,2011-10,United Kingdom,United Kingdom,Weekday,1297.26,362,12,14292,0.4291743337093122,True,False
575206,2011-11-09 10:26:00,2011-11,United Kingdom,United Kingdom,Weekday,1296.56,788,31,14298,0.4287811564993895,True,False
575340,2011-11-09 14:31:00,2011-11,United Kingdom,United Kingdom,Weekday,1296.37,703,43,15485,0.4286744369709819,True,False
543097,2011-02-03 11:41:00,2011-02,United Kingdom,United Kingdom,Weekday,1295.83,285,129,,0.4283711288376131,True,False
567890,2011-09-22 15:40:00,2011-09,United Kingdom,United Kingdom,Weekday,1295.43,972,84,14125,0.42814645614622876,True,False
544936,2011-02-25 09:37:00,2011-02,United Kingdom,United Kingdom,Weekday,1295.3999999999999,204,1,15769,0.42812960569437486,True,False
543358,2011-02-07 14:04:00,2011-02,United Kingdom,United Kingdom,Weekday,1294.78,292,143,,0.4277813630227291,True,False
573511,2011-10-31 12:25:00,2011-10,Iceland,International,Weekday,1294.32,676,47,12347,0.4275229894276371,True,False
551314,2011-04-27 15:07:00,2011-04,United Kingdom,United Kingdom,Weekday,1292.96,2936,5,16333,0.42675910227693037,True,False
560590,2011-07-19 15:55:00,2011-07,Germany,International,Weekday,1292.31,812,76,12560,0.42639400915343073,True,False
569026,2011-09-30 10:18:00,2011-09,United Kingdom,United Kingdom,Weekday,1290.7,757,76,16101,0.4254897015706088,True,False
540983,2011-01-12 15:36:00,2011-01,United Kingdom,United Kingdom,Weekday,1289.5,290,5,15171,0.4248156834964557,True,False
571227,2011-10-14 13:54:00,2011-10,Germany,International,Weekday,1288.78,316,32,12477,0.4244112726519638,True,False
579525,2011-11-30 08:23:00,2011-11,United Kingdom,United Kingdom,Weekday,1288.6399999999999,950,24,15113,0.42433263720997927,True,False
564756,2011-08-30 10:33:00,2011-08,United Kingdom,United Kingdom,Weekday,1288.42,421,177,,0.42420906722971796,True,False
558068,2011-06-24 15:51:00,2011-06,United Kingdom,United Kingdom,Weekday,1286.67,268,122,,0.4232261242049114,True,False
569046,2011-09-30 10:48:00,2011-09,United Kingdom,United Kingdom,Weekday,1285.98,1286,61,14422,0.42283856381227336,True,False
541970,2011-01-24 13:48:00,2011-01,United Kingdom,United Kingdom,Weekday,1285.62,1244,44,15179,0.4226363583900274,True,False
575933,2011-11-13 10:41:00,2011-11,EIRE,International,Weekend,1285.4399999999998,1200,8,14911,0.4225352556789044,True,False
563623,2011-08-18 10:23:00,2011-08,United Kingdom,United Kingdom,Weekday,1284.1200000000001,348,8,15189,0.4217938357973362,True,False
571640,2011-10-18 12:01:00,2011-10,United Kingdom,United Kingdom,Weekday,1283.27,1201,20,17203,0.4213164063281444,True,False
556243,2011-06-09 16:07:00,2011-06,United Kingdom,United Kingdom,Weekday,1282.38,288,153,,0.42081650958981426,True,False
562610,2011-08-08 11:56:00,2011-08,United Kingdom,United Kingdom,Weekday,1282.0,1132,2,16333,0.42060307053299906,True,False
538003,2010-12-09 12:05:00,2010-12,Denmark,International,Weekday,1281.5,454,20,12429,0.4203222296687686,True,False
554512,2011-05-24 15:54:00,2011-05,United Kingdom,United Kingdom,Weekday,1281.03,278,158,,0.42005823925639196,True,False
571442,2011-10-17 13:39:00,2011-10,United Kingdom,United Kingdom,Weekday,1279.01,651,88,17049,0.41892364216490097,True,False
559047,2011-07-05 15:44:00,2011-07,United Kingdom,United Kingdom,Weekday,1278.1,1342,7,13082,0.4184125117920015,True,False
543530,2011-02-09 12:46:00,2011-02,United Kingdom,United Kingdom,Weekday,1275.78,266,138,,0.4171094101819723,True,False
580116,2011-12-01 16:28:00,2011-12,United Kingdom,United Kingdom,Weekday,1274.69,1101,19,15290,0.41649717709795,True,False
546888,2011-03-17 18:15:00,2011-03,United Kingdom,United Kingdom,Weekday,1273.8899999999999,290,168,,0.41604783171518117,True,False
567457,2011-09-20 12:18:00,2011-09,United Kingdom,United Kingdom,Weekday,1273.77,833,28,14164,0.4159804299077659,True,False
546007,2011-03-08 15:34:00,2011-03,United Kingdom,United Kingdom,Weekday,1273.26,302,189,,0.4156939722262509,True,False
581003,2011-12-07 08:38:00,2011-12,EIRE,International,Weekday,1273.15,817,63,14911,0.4156321872361202,True,False
569085,2011-09-30 11:57:00,2011-09,United Kingdom,United Kingdom,Weekday,1272.0,1200,1,17949,0.41498625324839017,True,False
571272,2011-10-16 12:19:00,2011-10,United Kingdom,United Kingdom,Weekend,1271.57,463,35,13878,0.41474473010515195,True,False
562114,2011-08-02 16:14:00,2011-08,United Kingdom,United Kingdom,Weekday,1270.42,304,152,,0.414098796117422,True,False
563100,2011-08-12 09:57:00,2011-08,Norway,International,Weekday,1268.74,568,62,12381,0.4131551708136077,True,False
547941,2011-03-28 14:46:00,2011-03,United Kingdom,United Kingdom,Weekday,1267.5,151,2,16692,0.41245868547031617,True,False
566571,2011-09-13 12:49:00,2011-09,United Kingdom,United Kingdom,Weekday,1267.32,656,75,17037,0.4123575827591932,True,False
556578,2011-06-13 14:13:00,2011-06,Germany,International,Weekday,1266.66,791,68,12472,0.41198687281840907,True,False
550183,2011-04-14 17:58:00,2011-04,United Kingdom,United Kingdom,Weekday,1266.23,800,74,14105,0.41174534967517085,True,False
551148,2011-04-26 14:12:00,2011-04,United Kingdom,United Kingdom,Weekday,1265.3999999999999,1044,12,15939,0.41127915384054825,True,False
542536,2011-01-28 13:37:00,2011-01,United Kingdom,United Kingdom,Weekday,1264.34,332,71,,0.41068377120837973,True,False
552061,2011-05-06 10:43:00,2011-05,United Kingdom,United Kingdom,Weekday,1264.0800000000002,696,47,13001,0.41053773395898,True,False
570443,2011-10-10 14:37:00,2011-10,United Kingdom,United Kingdom,Weekday,1263.97,901,20,17203,0.41047594896884926,True,False
540253,2011-01-05 16:28:00,2011-01,United Kingdom,United Kingdom,Weekday,1263.72,444,8,13225,0.41033552853673405,True,False
539957,2010-12-23 12:58:00,2010-12,Germany,International,Weekday,1262.85,872,65,12585,0.409846865432973,True,False
568593,2011-09-28 10:54:00,2011-09,United Kingdom,United Kingdom,Weekday,1261.81,1076,68,13988,0.4092627164353737,True,False
539718,2010-12-21 13:06:00,2010-12,United Kingdom,United Kingdom,Weekday,1261.19,248,137,,0.408914473763728,True,False
568048,2011-09-23 12:36:00,2011-09,EIRE,International,Weekday,1261.09,717,66,14911,0.4088583055908819,True,False
548666,2011-04-01 14:58:00,2011-04,United Kingdom,United Kingdom,Weekday,1260.15,671,79,13124,0.40833032476612874,True,False
557500,2011-06-20 15:27:00,2011-06,United Kingdom,United Kingdom,Weekday,1259.85,377,151,,0.40816182024759035,True,False
571033,2011-10-13 12:46:00,2011-10,United Kingdom,United Kingdom,Weekday,1259.46,746,36,14251,0.4079427643734907,True,False
571913,2011-10-19 15:29:00,2011-10,United Kingdom,United Kingdom,Weekday,1258.37,623,70,18210,0.4073305312894682,True,False
544286,2011-02-17 12:29:00,2011-02,United Kingdom,United Kingdom,Weekday,1257.8700000000001,363,73,13151,0.4070496904252379,True,False
562770,2011-08-09 11:56:00,2011-08,United Kingdom,United Kingdom,Weekday,1256.95,708,44,17139,0.40653294323505385,True,False
572224,2011-10-21 13:46:00,2011-10,United Kingdom,United Kingdom,Weekday,1256.69,729,44,16558,0.406386905985654,True,False
570273,2011-10-10 10:51:00,2011-10,United Kingdom,United Kingdom,Weekday,1256.67,707,52,13373,0.40637567235108485,True,False
539039,2010-12-15 15:00:00,2010-12,United Kingdom,United Kingdom,Weekday,1256.32,930,61,13124,0.40617908374612344,True,False
547547,2011-03-23 15:30:00,2011-03,United Kingdom,United Kingdom,Weekday,1254.42,277,149,,0.4051118884620478,True,False
577148,2011-11-18 09:43:00,2011-11,United Kingdom,United Kingdom,Weekday,1253.66,586,9,13941,0.4046850103484176,True,False
562935,2011-08-10 17:11:00,2011-08,EIRE,International,Weekday,1253.05,391,21,14156,0.40434238449405635,True,False
566481,2011-09-13 09:33:00,2011-09,United Kingdom,United Kingdom,Weekday,1253.0,700,3,15769,0.40431430040763333,True,False
543674,2011-02-11 11:28:00,2011-02,United Kingdom,United Kingdom,Weekday,1252.2,316,3,16013,0.40386495502486464,True,False
547510,2011-03-23 13:42:00,2011-03,United Kingdom,United Kingdom,Weekday,1251.48,826,49,15245,0.4034605441803728,True,False
566345,2011-09-12 12:27:00,2011-09,United Kingdom,United Kingdom,Weekday,1250.71,812,54,17685,0.4030280492494579,True,False
565228,2011-09-02 09:09:00,2011-09,United Kingdom,United Kingdom,Weekday,1250.4,1128,2,16333,0.40285392791363506,True,False
553052,2011-05-13 10:14:00,2011-05,United Kingdom,United Kingdom,Weekday,1249.7,730,15,15251,0.40246075070371246,True,False
568901,2011-09-29 13:22:00,2011-09,United Kingdom,United Kingdom,Weekday,1248.78,893,49,15050,0.4019440035135284,True,False
551719,2011-05-03 16:09:00,2011-05,United Kingdom,United Kingdom,Weekday,1248.33,289,124,,0.40169124673572093,True,False
538653,2010-12-13 15:12:00,2010-12,United Kingdom,United Kingdom,Weekday,1247.64,504,18,13089,0.40130368634308305,True,False
568149,2011-09-25 11:38:00,2011-09,United Kingdom,United Kingdom,Weekend,1247.53,293,16,14285,0.4012419013529523,True,False
575512,2011-11-10 10:36:00,2011-11,United Kingdom,United Kingdom,Weekday,1247.41,786,68,14121,0.401174499545537,True,False
566408,2011-09-12 13:43:00,2011-09,United Kingdom,United Kingdom,Weekday,1246.33,786,120,16984,0.40056788327879916,True,False
578702,2011-11-25 10:58:00,2011-11,United Kingdom,United Kingdom,Weekday,1245.81,707,56,15382,0.4002758087799995,True,False
572052,2011-10-20 12:26:00,2011-10,Netherlands,International,Weekday,1244.1599999999999,1728,1,14646,0.399349033928039,True,False
544450,2011-02-20 12:23:00,2011-02,United Kingdom,United Kingdom,Weekend,1242.95,491,96,17811,0.3986693990366014,True,False
560239,2011-07-17 11:50:00,2011-07,United Kingdom,United Kingdom,Weekend,1242.3799999999999,751,82,13507,0.39834924045137865,True,False
564734,2011-08-28 13:32:00,2011-08,Spain,International,Weekend,1241.99,798,117,12484,0.398130184577279,True,False
554155,2011-05-23 11:26:00,2011-05,Portugal,International,Weekday,1241.98,1,1,12757,0.3981245677599944,True,False
554301,2011-05-23 14:46:00,2011-05,Portugal,International,Weekday,1241.98,1,1,12757,0.3981245677599944,True,False
539444,2010-12-17 15:52:00,2010-12,United Kingdom,United Kingdom,Weekday,1241.43,551,35,14146,0.3978156428093409,True,False
544645,2011-02-22 11:58:00,2011-02,United Kingdom,United Kingdom,Weekday,1240.4,560,28,16843,0.3972371106290262,True,False
537641,2010-12-07 15:32:00,2010-12,United Kingdom,United Kingdom,Weekday,1240.19,138,79,,0.3971191574660494,True,False
566258,2011-09-11 12:45:00,2011-09,United Kingdom,United Kingdom,Weekend,1239.86,518,75,13124,0.39693380249565724,True,False
543660,2011-02-11 10:40:00,2011-02,United Kingdom,United Kingdom,Weekday,1239.43,307,166,,0.39669227935241913,True,False
579538,2011-11-30 10:04:00,2011-11,United Kingdom,United Kingdom,Weekday,1239.38,1390,14,14062,0.3966641952659961,True,False
569020,2011-09-30 09:39:00,2011-09,United Kingdom,United Kingdom,Weekday,1238.54,554,48,15321,0.3961923826140889,True,False
576083,2011-11-14 08:22:00,2011-11,Sweden,International,Weekday,1238.48,1060,11,17404,0.39615868171038127,True,False
557937,2011-06-23 15:30:00,2011-06,United Kingdom,United Kingdom,Weekday,1238.33,321,178,,0.3960744294511121,True,False
540642,2011-01-10 13:22:00,2011-01,France,International,Weekday,1238.06,635,50,12681,0.39592277538442766,True,False
543188,2011-02-04 11:45:00,2011-02,France,International,Weekday,1236.73,617,63,12567,0.3951757386855747,True,False
559637,2011-07-11 12:15:00,2011-07,United Kingdom,United Kingdom,Weekday,1236.48,1712,5,17381,0.3950353182534595,True,False
562973,2011-08-11 11:42:00,2011-08,EIRE,International,Weekday,1234.0,872,9,14911,0.3936423475668765,True,False
567128,2011-09-16 14:04:00,2011-09,United Kingdom,United Kingdom,Weekday,1233.01,487,78,18055,0.3930862826557002,True,False
571502,2011-10-17 15:18:00,2011-10,United Kingdom,United Kingdom,Weekday,1232.95,593,65,14422,0.3930525817519926,True,False
540647,2011-01-10 14:57:00,2011-01,United Kingdom,United Kingdom,Weekday,1232.32,508,86,17406,0.3926987222630622,True,False
550457,2011-04-18 13:12:00,2011-04,United Kingdom,United Kingdom,Weekday,1231.6000000000001,750,14,13798,0.3922943114185704,True,False
570797,2011-10-12 12:24:00,2011-10,United Kingdom,United Kingdom,Weekday,1229.42,766,29,15311,0.3910698452505257,True,False
543345,2011-02-07 12:29:00,2011-02,United Kingdom,United Kingdom,Weekday,1229.32,267,130,,0.3910136770776795,True,False
566271,2011-09-11 13:44:00,2011-09,United Kingdom,United Kingdom,Weekend,1228.83,866,74,14250,0.3907384530307337,True,False
538660,2010-12-13 15:37:00,2010-12,United Kingdom,United Kingdom,Weekday,1228.4,419,41,15808,0.39049692988749557,True,False
574587,2011-11-06 10:29:00,2011-11,Channel Islands,International,Weekend,1228.24,616,61,14936,0.3904070608109418,True,False
555925,2011-06-07 17:13:00,2011-06,United Kingdom,United Kingdom,Weekday,1227.03,257,137,,0.3897274259195041,True,False
565631,2011-09-05 15:49:00,2011-09,United Kingdom,United Kingdom,Weekday,1226.16,568,10,14680,0.38923876281574316,True,False
568676,2011-09-28 13:43:00,2011-09,United Kingdom,United Kingdom,Weekday,1225.49,493,44,18242,0.38886243605767434,True,False
555282,2011-06-02 09:04:00,2011-06,Germany,International,Weekday,1225.26,653,42,12709,0.3887332492601283,True,False
579938,2011-12-01 10:18:00,2011-12,United Kingdom,United Kingdom,Weekday,1225.16,660,73,14146,0.3886770810872823,True,False
580742,2011-12-06 09:30:00,2011-12,United Kingdom,United Kingdom,Weekday,1225.0,700,5,13694,0.3885872120107285,True,False
566913,2011-09-15 14:07:00,2011-09,United Kingdom,United Kingdom,Weekday,1224.64,889,107,17602,0.38838500658848263,True,False
547037,2011-03-20 10:37:00,2011-03,United Kingdom,United Kingdom,Weekend,1224.6,3620,4,14101,0.3883625393193441,True,False
553879,2011-05-19 15:15:00,2011-05,United Kingdom,United Kingdom,Weekday,1223.24,558,54,15791,0.38759865216863737,True,False
562219,2011-08-03 14:14:00,2011-08,United Kingdom,United Kingdom,Weekday,1221.56,674,69,15089,0.386655026864823,True,False
557067,2011-06-16 15:12:00,2011-06,United Kingdom,United Kingdom,Weekday,1221.55,768,34,13098,0.38664941004753844,True,False
563241,2011-08-15 10:22:00,2011-08,Portugal,International,Weekday,1221.4,1026,41,12758,0.3865651577882694,True,False
554054,2011-05-20 15:29:00,2011-05,United Kingdom,United Kingdom,Weekday,1221.03,278,141,,0.38635733554873875,True,False
560209,2011-07-15 14:05:00,2011-07,United Kingdom,United Kingdom,Weekday,1220.77,623,154,15004,0.3862112982993389,True,False
540183,2011-01-05 13:37:00,2011-01,United Kingdom,United Kingdom,Weekday,1220.4,628,21,15093,0.3860034760598085,True,False
550135,2011-04-14 13:52:00,2011-04,United Kingdom,United Kingdom,Weekday,1220.4,360,2,15769,0.3860034760598085,True,False
559557,2011-07-11 10:33:00,2011-07,Canada,International,Weekday,1217.64,1026,77,17444,0.38445323448925645,True,False
553535,2011-05-17 15:17:00,2011-05,EIRE,International,Weekday,1216.12,428,46,,0.38359947826199575,True,False
550638,2011-04-19 15:44:00,2011-04,United Kingdom,United Kingdom,Weekday,1215.52,264,151,,0.3832624692249193,True,False
561507,2011-07-27 14:21:00,2011-07,Belgium,International,Weekday,1214.81,704,70,12397,0.38286367519771203,True,False
573748,2011-11-01 09:24:00,2011-11,EIRE,International,Weekday,1212.67,624,51,14911,0.3816616762988058,True,False
559673,2011-07-11 14:10:00,2011-07,United Kingdom,United Kingdom,Weekday,1212.26,665,42,13224,0.38143138679013683,True,False
543399,2011-02-08 11:07:00,2011-02,United Kingdom,United Kingdom,Weekday,1211.45,261,144,,0.3809764245900835,True,False
566207,2011-09-09 15:02:00,2011-09,United Kingdom,United Kingdom,Weekday,1210.3200000000002,2352,9,12830,0.3803417242369228,True,False
570388,2011-10-10 12:37:00,2011-10,EIRE,International,Weekday,1209.88,646,78,14911,0.38009458427639997,True,False
551258,2011-04-27 12:02:00,2011-04,Germany,International,Weekday,1209.8,468,34,12621,0.380049649738123,True,False
540126,2011-01-05 10:45:00,2011-01,United Kingdom,United Kingdom,Weekday,1209.1,886,8,13798,0.37965647252820034,True,False
552042,2011-05-06 09:00:00,2011-05,United Kingdom,United Kingdom,Weekday,1208.31,545,44,13952,0.37921274396271626,True,False
557644,2011-06-21 17:06:00,2011-06,United Kingdom,United Kingdom,Weekday,1207.28,333,183,,0.3786342117824016,True,False
541410,2011-01-17 16:06:00,2011-01,United Kingdom,United Kingdom,Weekday,1207.13,617,51,13089,0.37854995952313253,True,False
538526,2010-12-13 09:49:00,2010-12,United Kingdom,United Kingdom,Weekday,1206.72,864,4,13225,0.37831967001446354,True,False
575086,2011-11-08 13:52:00,2011-11,United Kingdom,United Kingdom,Weekday,1206.3,592,42,16618,0.3780837636885099,True,False
549953,2011-04-13 13:15:00,2011-04,Portugal,International,Weekday,1206.29,581,56,12766,0.3780781468712253,True,False
573130,2011-10-27 16:41:00,2011-10,United Kingdom,United Kingdom,Weekday,1204.36,603,63,13969,0.37699410113529574,True,False
581495,2011-12-09 10:20:00,2011-12,United Kingdom,United Kingdom,Weekday,1203.9,276,15,14051,0.37673572754020385,True,False
553315,2011-05-16 12:03:00,2011-05,United Kingdom,United Kingdom,Weekday,1203.3200000000002,492,18,16705,0.37640995213769657,True,False
562207,2011-08-03 12:56:00,2011-08,France,International,Weekday,1202.22,699,8,12643,0.37579210223638954,True,False
570458,2011-10-10 15:39:00,2011-10,United Kingdom,United Kingdom,Weekday,1202.03,858,136,14535,0.3756853827079819,True,False
541280,2011-01-17 11:57:00,2011-01,United Kingdom,United Kingdom,Weekday,1199.33,679,61,15296,0.3741688420411375,True,False
560453,2011-07-19 09:52:00,2011-07,United Kingdom,United Kingdom,Weekday,1198.3799999999999,868,53,13209,0.3736352443990996,True,False
550711,2011-04-20 11:06:00,2011-04,United Kingdom,United Kingdom,Weekday,1196.96,328,3,18102,0.3728376563446853,True,False
545999,2011-03-08 14:44:00,2011-03,United Kingdom,United Kingdom,Weekday,1195.95,699,58,13089,0.3722703577989398,True,False
544089,2011-02-15 17:51:00,2011-02,United Kingdom,United Kingdom,Weekday,1195.56,368,144,,0.37205130192484,True,False
574336,2011-11-04 09:52:00,2011-11,Belgium,International,Weekday,1195.09,559,56,12397,0.37178731151246336,True,False
538844,2010-12-14 13:19:00,2010-12,United Kingdom,United Kingdom,Weekday,1194.52,470,17,14680,0.3714671529272407,True,False
547385,2011-03-22 15:48:00,2011-03,United Kingdom,United Kingdom,Weekday,1194.37,309,138,,0.37138290066797147,True,False
545447,2011-03-02 16:34:00,2011-03,United Kingdom,United Kingdom,Weekday,1193.88,546,66,17426,0.3711076766210258,True,False
571670,2011-10-18 13:12:00,2011-10,Italy,International,Weekday,1193.32,846,65,12611,0.37079313485308757,True,False
569097,2011-09-30 12:06:00,2011-09,France,International,Weekday,1192.5,710,26,12731,0.3703325558357497,True,False
546892,2011-03-17 18:20:00,2011-03,United Kingdom,United Kingdom,Weekday,1191.71,274,153,,0.3698888272702656,True,False
561218,2011-07-25 17:11:00,2011-07,United Kingdom,United Kingdom,Weekday,1191.6299999999999,308,157,,0.36984389273198864,True,False
550499,2011-04-18 15:16:00,2011-04,United Kingdom,United Kingdom,Weekday,1191.41,303,163,,0.3697203227517274,True,False
581266,2011-12-08 11:25:00,2011-12,Germany,International,Weekday,1188.2,992,57,12621,0.3679173244033679,True,False
567148,2011-09-16 15:23:00,2011-09,United Kingdom,United Kingdom,Weekday,1188.18,639,33,18225,0.3679060907687987,True,False
538848,2010-12-14 13:28:00,2010-12,Sweden,International,Weekday,1188.0,240,1,17404,0.3678049880576757,True,False
564351,2011-08-24 14:59:00,2011-08,United Kingdom,United Kingdom,Weekday,1187.74,858,12,13881,0.3676589508082759,True,False
580243,2011-12-02 12:19:00,2011-12,United Kingdom,United Kingdom,Weekday,1187.2,1120,1,16333,0.367355642674907,True,False
581006,2011-12-07 08:45:00,2011-12,EIRE,International,Weekday,1186.78,609,52,14911,0.3671197363489534,True,False
580675,2011-12-05 14:35:00,2011-12,United Kingdom,United Kingdom,Weekday,1186.48,598,41,15640,0.36695123183041517,True,False
538995,2010-12-15 12:05:00,2010-12,United Kingdom,United Kingdom,Weekday,1185.8600000000001,506,30,13458,0.3666029891587695,True,False
577316,2011-11-18 13:30:00,2011-11,Italy,International,Weekday,1185.85,448,44,12578,0.36659737234148476,True,False
553375,2011-05-16 14:52:00,2011-05,EIRE,International,Weekday,1184.22,494,39,14911,0.3656818311240936,True,False
574062,2011-11-02 14:30:00,2011-11,United Kingdom,United Kingdom,Weekday,1183.9,640,45,17675,0.3655020929709861,True,False
569893,2011-10-06 15:51:00,2011-10,Germany,International,Weekday,1183.72,868,60,12627,0.3654009902598631,True,False
548494,2011-03-31 13:33:00,2011-03,United Kingdom,United Kingdom,Weekday,1182.0,520,4,16698,0.3644348976869104,True,False
568058,2011-09-23 12:58:00,2011-09,United Kingdom,United Kingdom,Weekday,1181.68,736,42,18188,0.36425515953380294,True,False
571671,2011-10-18 13:15:00,2011-10,United Kingdom,United Kingdom,Weekday,1181.52,933,118,16940,0.36416529045724916,True,False
563166,2011-08-12 12:37:00,2011-08,United Kingdom,United Kingdom,Weekday,1181.44,872,13,18092,0.36412035591897235,True,False
538999,2010-12-15 12:09:00,2010-12,United Kingdom,United Kingdom,Weekday,1181.0,184,20,16003,0.3638732159584495,True,False
545027,2011-02-25 14:59:00,2011-02,United Kingdom,United Kingdom,Weekday,1180.5,294,73,,0.36359237509421904,True,False
559676,2011-07-11 14:40:00,2011-07,United Kingdom,United Kingdom,Weekday,1180.12,462,46,17340,0.36337893603740384,True,False
564972,2011-08-31 15:30:00,2011-08,Germany,International,Weekday,1179.6399999999999,492,50,12621,0.3631093288077426,True,False
540122,2011-01-05 10:39:00,2011-01,United Kingdom,United Kingdom,Weekday,1179.6,1720,23,13694,0.3630868615386042,True,False
543116,2011-02-03 13:29:00,2011-02,United Kingdom,United Kingdom,Weekday,1177.8400000000001,643,41,17672,0.3620983016965132,True,False
571829,2011-10-19 11:53:00,2011-10,United Kingdom,United Kingdom,Weekday,1177.64,534,23,16131,0.361985965350821,True,False
552904,2011-05-12 11:07:00,2011-05,United Kingdom,United Kingdom,Weekday,1177.0,428,1,16013,0.361626489044606,True,False
546927,2011-03-18 10:15:00,2011-03,United Kingdom,United Kingdom,Weekday,1175.44,472,21,16672,0.360750265548207,True,False
556937,2011-06-15 16:05:00,2011-06,United Kingdom,United Kingdom,Weekday,1175.32,626,48,17716,0.3606828637407916,True,False
572307,2011-10-23 15:23:00,2011-10,United Kingdom,United Kingdom,Weekend,1172.73,509,51,16905,0.35922810806407796,True,False
556781,2011-06-14 12:47:00,2011-06,United Kingdom,United Kingdom,Weekday,1172.6,666,54,13384,0.359155089439378,True,False
539736,2010-12-21 15:18:00,2010-12,United Kingdom,United Kingdom,Weekday,1172.46,143,78,,0.3590764539973936,True,False
574700,2011-11-06 13:53:00,2011-11,United Kingdom,United Kingdom,Weekend,1171.59,608,156,16033,0.3585877908936325,True,False
557322,2011-06-20 09:04:00,2011-06,Canada,International,Weekday,1171.46,1092,57,17444,0.3585147722689327,True,False
580111,2011-12-01 15:55:00,2011-12,United Kingdom,United Kingdom,Weekday,1171.4,716,12,12950,0.35848107136522506,True,False
581097,2011-12-07 11:41:00,2011-12,United Kingdom,United Kingdom,Weekday,1170.0,600,1,13685,0.35769471694537974,True,False
548531,2011-03-31 17:12:00,2011-03,United Kingdom,United Kingdom,Weekday,1170.0,216,5,14031,0.35769471694537974,True,False
548404,2011-03-31 09:38:00,2011-03,United Kingdom,United Kingdom,Weekday,1169.95,503,63,16398,0.3576666328589567,True,False
539087,2010-12-16 09:44:00,2010-12,United Kingdom,United Kingdom,Weekday,1168.2,566,12,13093,0.35668368983415016,True,False
576359,2011-11-14 16:59:00,2011-11,United Kingdom,United Kingdom,Weekday,1167.6,469,7,14680,0.3563466807970736,True,False
538630,2010-12-13 13:25:00,2010-12,United Kingdom,United Kingdom,Weekday,1167.41,640,54,14565,0.3562399612686661,True,False
577071,2011-11-17 14:56:00,2011-11,United Kingdom,United Kingdom,Weekday,1166.7,481,52,13969,0.35584116724145887,True,False
543852,2011-02-14 11:57:00,2011-02,United Kingdom,United Kingdom,Weekday,1165.96,724,9,14258,0.3554255227623978,True,False
549431,2011-04-08 12:17:00,2011-04,United Kingdom,United Kingdom,Weekday,1163.75,895,43,15874,0.35418420614249924,True,False
569514,2011-10-04 13:56:00,2011-10,United Kingdom,United Kingdom,Weekday,1162.68,750,36,15228,0.3535832066930461,True,False
579167,2011-11-28 14:06:00,2011-11,United Kingdom,United Kingdom,Weekday,1162.65,524,148,16800,0.3535663562411923,True,False
563288,2011-08-15 12:53:00,2011-08,France,International,Weekday,1161.07,607,37,12656,0.352678899110224,True,False
552734,2011-05-11 10:49:00,2011-05,United Kingdom,United Kingdom,Weekday,1160.67,824,26,17428,0.3524542264188397,True,False
550987,2011-04-21 18:10:00,2011-04,United Kingdom,United Kingdom,Weekday,1160.48,338,160,,0.35234750689043215,True,False
544484,2011-02-21 11:10:00,2011-02,United Kingdom,United Kingdom,Weekday,1159.47,545,38,15321,0.35178020834468665,True,False
560876,2011-07-21 15:14:00,2011-07,Germany,International,Weekday,1159.06,522,36,12626,0.3515499188360176,True,False
571203,2011-10-14 12:33:00,2011-10,United Kingdom,United Kingdom,Weekday,1157.08,650,25,17677,0.35043778901366507,True,False
538255,2010-12-10 12:33:00,2010-12,EIRE,International,Weekday,1156.05,379,51,14911,0.34985925683335034,True,False
554982,2011-05-29 12:16:00,2011-05,United Kingdom,United Kingdom,Weekend,1155.6,271,4,17152,0.34960650005554295,True,False
548970,2011-04-05 11:03:00,2011-04,Netherlands,International,Weekday,1155.0,700,6,14646,0.34926949101846644,True,False
561242,2011-07-26 11:05:00,2011-07,United Kingdom,United Kingdom,Weekday,1152.8,1323,27,16258,0.3480337912158525,True,False
557278,2011-06-19 12:08:00,2011-06,United Kingdom,United Kingdom,Weekend,1152.52,616,51,13089,0.34787652033188343,True,False
537818,2010-12-08 13:53:00,2010-12,Portugal,International,Weekday,1149.29,424,53,12766,0.34606228834895475,True,False
579249,2011-11-28 16:32:00,2011-11,United Kingdom,United Kingdom,Weekday,1147.2,480,2,17450,0.34488837353647156,True,False
540801,2011-01-11 12:25:00,2011-01,Spain,International,Weekday,1147.1799999999998,475,31,12540,0.3448771399019022,True,False
553088,2011-05-13 11:53:00,2011-05,United Kingdom,United Kingdom,Weekday,1147.15,678,39,16180,0.34486028945004854,True,False
560036,2011-07-14 13:51:00,2011-07,EIRE,International,Weekday,1147.1,688,47,14911,0.3448322053636254,True,False
573008,2011-10-27 12:26:00,2011-10,United Kingdom,United Kingdom,Weekday,1146.96,4936,12,12901,0.34475356992164097,True,False
568158,2011-09-25 12:22:00,2011-09,United Kingdom,United Kingdom,Weekend,1146.8,510,24,16133,0.3446637008450872,True,False
540157,2011-01-05 11:41:00,2011-01,United Kingdom,United Kingdom,Weekday,1145.33,591,51,15311,0.3438380287042496,True,False
576768,2011-11-16 13:13:00,2011-11,United Kingdom,United Kingdom,Weekday,1145.32,460,11,13408,0.34383241188696506,True,False
537081,2010-12-05 12:00:00,2010-12,Lithuania,International,Weekend,1145.06,442,25,15332,0.34368637463756524,True,False
579267,2011-11-29 09:42:00,2011-11,United Kingdom,United Kingdom,Weekday,1144.75,457,38,14961,0.34351225330174234,True,False
550201,2011-04-15 10:25:00,2011-04,Brazil,International,Weekday,1143.6,356,32,12769,0.3428663193140123,True,False
564306,2011-08-24 12:23:00,2011-08,United Kingdom,United Kingdom,Weekday,1142.88,352,18,17865,0.34246190846952057,True,False
539728,2010-12-21 14:26:00,2010-12,United Kingdom,United Kingdom,Weekday,1141.24,688,54,16270,0.34154075043484466,True,False
558910,2011-07-05 09:16:00,2011-07,United Kingdom,United Kingdom,Weekday,1141.2,576,5,12989,0.34151828316570626,True,False
547703,2011-03-24 17:10:00,2011-03,Spain,International,Weekday,1140.76,512,34,12540,0.3412711432051834,True,False
555478,2011-06-03 12:28:00,2011-06,United Kingdom,United Kingdom,Weekday,1139.04,336,1,13777,0.3403050506322307,True,False
549023,2011-04-05 16:27:00,2011-04,United Kingdom,United Kingdom,Weekday,1138.84,311,170,,0.34019271428653847,True,False
540469,2011-01-07 14:04:00,2011-01,Spain,International,Weekday,1138.67,630,98,12484,0.34009722839270023,True,False
557007,2011-06-16 11:30:00,2011-06,Spain,International,Weekday,1137.99,424,61,12484,0.3397152848173468,True,False
577850,2011-11-22 11:04:00,2011-11,EIRE,International,Weekday,1136.96,870,63,14911,0.3391367526370321,True,False
575896,2011-11-11 14:52:00,2011-11,Germany,International,Weekday,1136.6799999999998,611,40,12480,0.3389794817530629,True,False
548913,2011-04-05 09:45:00,2011-04,France,International,Weekday,1136.3,1,1,12669,0.3387660426962478,True,False
547892,2011-03-28 10:15:00,2011-03,France,International,Weekday,1136.3,848,69,12669,0.3387660426962478,True,False
571180,2011-10-14 10:47:00,2011-10,United Kingdom,United Kingdom,Weekday,1135.8899999999999,326,34,15498,0.33853575318757884,True,False
576779,2011-11-16 13:25:00,2011-11,United Kingdom,United Kingdom,Weekday,1134.6,725,111,14554,0.33781118375786434,True,False
553210,2011-05-16 09:40:00,2011-05,EIRE,International,Weekday,1133.33,543,32,14016,0.337097847962719,True,False
551698,2011-05-03 13:52:00,2011-05,United Kingdom,United Kingdom,Weekday,1132.95,645,8,13694,0.33688440890590393,True,False
536584,2010-12-01 16:22:00,2010-12,United Kingdom,United Kingdom,Weekday,1132.8000000000002,384,1,13777,0.3368001566466349,True,False
569123,2011-09-30 13:09:00,2011-09,United Kingdom,United Kingdom,Weekday,1132.55,327,33,12748,0.3366597362145195,True,False
565927,2011-09-08 10:08:00,2011-09,EIRE,International,Weekday,1132.3799999999999,460,61,,0.33656425032068116,True,False
544283,2011-02-17 12:27:00,2011-02,United Kingdom,United Kingdom,Weekday,1131.46,887,16,13668,0.3360475031304972,True,False
542423,2011-01-28 09:09:00,2011-01,United Kingdom,United Kingdom,Weekday,1131.0,614,22,15057,0.3357891295354052,True,False
564670,2011-08-26 15:44:00,2011-08,France,International,Weekday,1130.95,694,48,12683,0.33576104544898216,True,False
575269,2011-11-09 12:08:00,2011-11,United Kingdom,United Kingdom,Weekday,1130.74,730,40,17865,0.33564309228600536,True,False
580279,2011-12-02 13:12:00,2011-12,United Kingdom,United Kingdom,Weekday,1129.84,686,53,15123,0.3351375787303905,True,False
544098,2011-02-16 10:04:00,2011-02,United Kingdom,United Kingdom,Weekday,1129.3500000000001,396,32,16019,0.3348623546834448,True,False
548969,2011-04-05 11:01:00,2011-04,Netherlands,International,Weekday,1129.1999999999998,636,9,14646,0.3347781024241755,True,False
552272,2011-05-08 12:13:00,2011-05,United Kingdom,United Kingdom,Weekend,1128.94,746,7,13694,0.3346320651747758,True,False
552171,2011-05-06 13:01:00,2011-05,United Kingdom,United Kingdom,Weekday,1128.6,228,4,14145,0.334441093387099,True,False
558870,2011-07-04 12:58:00,2011-07,United Kingdom,United Kingdom,Weekday,1128.6,228,3,14145,0.334441093387099,True,False
543588,2011-02-10 11:40:00,2011-02,United Kingdom,United Kingdom,Weekday,1127.52,780,5,17381,0.3338344771203613,True,False
563950,2011-08-22 10:39:00,2011-08,Germany,International,Weekday,1127.02,391,21,12471,0.3335536362561308,True,False
554640,2011-05-25 12:06:00,2011-05,United Kingdom,United Kingdom,Weekday,1126.6,396,8,14680,0.3333177299301772,True,False
566562,2011-09-13 12:18:00,2011-09,United Kingdom,United Kingdom,Weekday,1126.47,1147,93,17365,0.3332447113054774,True,False
557427,2011-06-20 12:14:00,2011-06,Denmark,International,Weekday,1125.4,393,29,12429,0.33264371185602426,True,False
565726,2011-09-06 11:58:00,2011-09,United Kingdom,United Kingdom,Weekday,1124.49,733,71,14360,0.3321325814831248,True,False
562807,2011-08-09 14:57:00,2011-08,United Kingdom,United Kingdom,Weekday,1124.19,1003,62,16053,0.3319640769645866,True,False
553340,2011-05-16 12:20:00,2011-05,United Kingdom,United Kingdom,Weekday,1122.2,572,18,15125,0.3308463303249494,True,False
580092,2011-12-01 14:38:00,2011-12,United Kingdom,United Kingdom,Weekday,1121.79,586,59,13969,0.3306160408162804,True,False
572229,2011-10-21 14:23:00,2011-10,United Kingdom,United Kingdom,Weekday,1121.76,566,48,14329,0.3305991903644266,True,False
552000,2011-05-05 15:55:00,2011-05,United Kingdom,United Kingdom,Weekday,1121.57,326,142,,0.33049247083601896,True,False
567665,2011-09-21 15:22:00,2011-09,United Kingdom,United Kingdom,Weekday,1121.46,290,172,,0.33043068584588836,True,False
539708,2010-12-21 12:18:00,2010-12,United Kingdom,United Kingdom,Weekday,1121.38,168,119,,0.3303857513076115,True,False
555798,2011-06-07 11:32:00,2011-06,United Kingdom,United Kingdom,Weekday,1121.1299999999999,875,11,16422,0.3302453308754962,True,False
545906,2011-03-08 09:23:00,2011-03,United Kingdom,United Kingdom,Weekday,1120.93,623,59,15764,0.3301329945298041,True,False
545474,2011-03-03 10:55:00,2011-03,United Kingdom,United Kingdom,Weekday,1120.53,363,31,16709,0.32990832183841967,True,False
577633,2011-11-21 10:35:00,2011-11,United Kingdom,United Kingdom,Weekday,1120.11,403,48,14194,0.32967241551246607,True,False
562928,2011-08-10 15:29:00,2011-08,United Kingdom,United Kingdom,Weekday,1119.88,1071,87,15494,0.3295432287149202,True,False
549925,2011-04-13 10:12:00,2011-04,United Kingdom,United Kingdom,Weekday,1119.3600000000001,1056,1,16333,0.32925115421612056,True,False
543842,2011-02-14 11:22:00,2011-02,United Kingdom,United Kingdom,Weekday,1119.3600000000001,1056,1,16333,0.32925115421612056,True,False
553997,2011-05-20 11:34:00,2011-05,France,International,Weekday,1118.3999999999999,473,14,12656,0.3287119397567979,True,False
556060,2011-06-08 14:03:00,2011-06,EIRE,International,Weekday,1118.04,492,8,14911,0.32850973433455205,True,False
568908,2011-09-29 13:38:00,2011-09,United Kingdom,United Kingdom,Weekday,1117.86,709,67,16653,0.3284086316234291,True,False
561513,2011-07-27 15:12:00,2011-07,United Kingdom,United Kingdom,Weekday,1115.78,298,185,,0.32724033362823046,True,False
576844,2011-11-16 15:33:00,2011-11,United Kingdom,United Kingdom,Weekday,1115.52,794,27,16713,0.32709429637883064,True,False
564372,2011-08-25 09:55:00,2011-08,France,International,Weekday,1114.52,790,69,12714,0.32653261465036976,True,False
558263,2011-06-28 08:50:00,2011-06,Netherlands,International,Weekday,1113.6000000000001,424,11,14646,0.32601586746018585,True,False
548514,2011-03-31 16:03:00,2011-03,United Kingdom,United Kingdom,Weekday,1113.33,158,73,,0.3258642133935013,True,False
558125,2011-06-27 10:20:00,2011-06,United Kingdom,United Kingdom,Weekday,1112.32,656,9,16422,0.3252969148477558,True,False
558066,2011-06-24 15:45:00,2011-06,United Kingdom,United Kingdom,Weekday,1110.73,368,133,,0.324403840899503,True,False
551650,2011-05-03 12:02:00,2011-05,United Kingdom,United Kingdom,Weekday,1110.72,616,54,13089,0.3243982240822184,True,False
557878,2011-06-23 13:13:00,2011-06,United Kingdom,United Kingdom,Weekday,1110.68,687,103,16940,0.32437575681308,True,False
553067,2011-05-13 11:44:00,2011-05,United Kingdom,United Kingdom,Weekday,1110.51,366,51,16871,0.3242802709192416,True,False
556579,2011-06-13 14:16:00,2011-06,United Kingdom,United Kingdom,Weekday,1109.53,520,70,15069,0.32372982282534996,True,False
562722,2011-08-08 16:43:00,2011-08,United Kingdom,United Kingdom,Weekday,1109.34,808,10,13798,0.3236231032969423,True,False
555477,2011-06-03 12:26:00,2011-06,Cyprus,International,Weekday,1109.32,356,47,12359,0.3236118696623731,True,False
575959,2011-11-13 12:27:00,2011-11,United Kingdom,United Kingdom,Weekend,1108.78,698,86,14547,0.3233085615290043,True,False
562218,2011-08-03 14:07:00,2011-08,United Kingdom,United Kingdom,Weekday,1106.96,873,52,13851,0.32228630078320547,True,False
569556,2011-10-05 08:50:00,2011-10,Channel Islands,International,Weekday,1105.16,725,62,14936,0.3212752736719759,True,False
552867,2011-05-12 08:36:00,2011-05,United Kingdom,United Kingdom,Weekday,1105.0,292,25,15513,0.3211854045954221,True,False
561073,2011-07-24 15:46:00,2011-07,United Kingdom,United Kingdom,Weekend,1104.31,589,24,13408,0.32079784420278407,True,False
546252,2011-03-10 14:42:00,2011-03,Channel Islands,International,Weekday,1104.13,701,62,14930,0.3206967414916612,True,False
542231,2011-01-26 13:40:00,2011-01,United Kingdom,United Kingdom,Weekday,1104.11,587,75,16714,0.3206855078570919,True,False
549985,2011-04-13 15:58:00,2011-04,United Kingdom,United Kingdom,Weekday,1103.73,553,46,15640,0.3204720688002768,True,False
571828,2011-10-19 11:52:00,2011-10,United Kingdom,United Kingdom,Weekday,1103.36,542,75,16440,0.3202642465607462,True,False
564305,2011-08-24 12:20:00,2011-08,United Kingdom,United Kingdom,Weekday,1103.32,458,42,14875,0.3202417792916078,True,False
564093,2011-08-23 10:29:00,2011-08,Channel Islands,International,Weekday,1103.15,413,55,14930,0.32014629339776957,True,False
551563,2011-05-03 10:55:00,2011-05,United Kingdom,United Kingdom,Weekday,1102.8600000000001,374,5,16210,0.3199834056965159,True,False
556503,2011-06-13 08:44:00,2011-06,United Kingdom,United Kingdom,Weekday,1101.86,715,76,13517,0.3194217239680549,True,False
543909,2011-02-14 12:32:00,2011-02,United Kingdom,United Kingdom,Weekday,1101.82,337,156,,0.3193992566989165,True,False
538625,2010-12-13 12:50:00,2010-12,United Kingdom,United Kingdom,Weekday,1101.77,836,53,14544,0.3193711726124935,True,False
568391,2011-09-27 10:09:00,2011-09,United Kingdom,United Kingdom,Weekday,1101.2,208,2,17788,0.31905101402727076,True,False
554974,2011-05-27 17:14:00,2011-05,United Kingdom,United Kingdom,Weekday,1100.55,337,26,14031,0.3186859209037712,True,False
544586,2011-02-21 15:04:00,2011-02,United Kingdom,United Kingdom,Weekday,1100.25,477,110,17338,0.3185174163852329,True,False
577719,2011-11-21 12:20:00,2011-11,United Kingdom,United Kingdom,Weekday,1100.22,414,9,16013,0.3185005659333791,True,False
568101,2011-09-23 15:21:00,2011-09,United Kingdom,United Kingdom,Weekday,1098.78,888,49,15978,0.3176917442443954,True,False
550636,2011-04-19 15:37:00,2011-04,United Kingdom,United Kingdom,Weekday,1098.3899999999999,421,173,,0.3174726883702956,True,False
544295,2011-02-17 12:43:00,2011-02,United Kingdom,United Kingdom,Weekday,1097.58,1206,58,14298,0.3170177261702423,True,False
572240,2011-10-21 15:18:00,2011-10,United Kingdom,United Kingdom,Weekday,1097.24,634,42,13709,0.31682675438256563,True,False
572134,2011-10-21 10:13:00,2011-10,Germany,International,Weekday,1096.65,201,11,12500,0.3164953621627738,True,False
541269,2011-01-17 11:01:00,2011-01,Germany,International,Weekday,1096.0,412,53,12626,0.31613026903927416,True,False
575060,2011-11-08 12:29:00,2011-11,United Kingdom,United Kingdom,Weekday,1095.29,387,45,13089,0.3157314750120669,True,False
536617,2010-12-02 10:17:00,2010-12,United Kingdom,United Kingdom,Weekday,1095.12,644,11,13941,0.3156359891182285,True,False
565901,2011-09-07 15:34:00,2011-09,United Kingdom,United Kingdom,Weekday,1094.9,666,9,13798,0.31551241913796724,True,False
569365,2011-10-03 15:24:00,2011-10,United Kingdom,United Kingdom,Weekday,1094.71,300,13,18102,0.3154056996095596,True,False
551529,2011-05-01 13:18:00,2011-05,Germany,International,Weekend,1094.33,647,33,12524,0.3151922605527444,True,False
555005,2011-05-31 09:38:00,2011-05,United Kingdom,United Kingdom,Weekday,1093.44,1240,8,16656,0.3146923638144143,True,False
556826,2011-06-15 10:25:00,2011-06,United Kingdom,United Kingdom,Weekday,1093.31,169,65,,0.31461934518971435,True,False
544400,2011-02-18 12:31:00,2011-02,United Kingdom,United Kingdom,Weekday,1092.43,1090,12,14101,0.31412506526866885,True,False
552315,2011-05-08 16:10:00,2011-05,France,International,Weekend,1092.43,779,62,12700,0.31412506526866885,True,False
565519,2011-09-05 11:52:00,2011-09,Spain,International,Weekday,1092.35,234,39,12502,0.31408013073039187,True,False
578365,2011-11-24 10:46:00,2011-11,United Kingdom,United Kingdom,Weekday,1092.1,794,12,15482,0.31393971029827666,True,False
571243,2011-10-14 15:26:00,2011-10,United Kingdom,United Kingdom,Weekday,1091.29,664,68,14595,0.31348474809822335,True,False
575854,2011-11-11 12:20:00,2011-11,United Kingdom,United Kingdom,Weekday,1091.28,474,59,14125,0.31347913128093874,True,False
581412,2011-12-08 14:38:00,2011-12,United Kingdom,United Kingdom,Weekday,1090.95,692,108,14415,0.3132937763105467,True,False
577816,2011-11-22 09:17:00,2011-11,United Kingdom,United Kingdom,Weekday,1090.92,864,28,18139,0.3132769258586929,True,False
554707,2011-05-26 10:15:00,2011-05,United Kingdom,United Kingdom,Weekday,1090.76,476,6,14101,0.3131870567821391,True,False
571058,2011-10-13 14:18:00,2011-10,United Kingdom,United Kingdom,Weekday,1090.14,312,23,13853,0.3128388141104934,True,False
561911,2011-08-01 10:26:00,2011-08,Germany,International,Weekday,1089.18,651,63,12534,0.31229959965117093,True,False
560828,2011-07-21 11:55:00,2011-07,United Kingdom,United Kingdom,Weekday,1088.86,2316,65,14298,0.31211986149806337,True,False
564755,2011-08-30 10:31:00,2011-08,United Kingdom,United Kingdom,Weekday,1088.78,270,177,,0.31207492695978656,True,False
581146,2011-12-07 13:53:00,2011-12,United Kingdom,United Kingdom,Weekday,1088.69,902,114,17602,0.3120243756042251,True,False
558963,2011-07-05 10:57:00,2011-07,United Kingdom,United Kingdom,Weekday,1088.5,622,16,14235,0.3119176560758175,True,False
566076,2011-09-09 09:13:00,2011-09,Belgium,International,Weekday,1087.7,372,45,12449,0.3114683106930488,True,False
542106,2011-01-25 13:37:00,2011-01,Germany,International,Weekday,1086.9,290,10,12709,0.3110189653102801,True,False
559865,2011-07-13 10:39:00,2011-07,United Kingdom,United Kingdom,Weekday,1086.8300000000002,639,25,14409,0.3109796475892879,True,False
568716,2011-09-28 16:13:00,2011-09,United Kingdom,United Kingdom,Weekday,1086.21,303,188,,0.3106314049176421,True,False
554709,2011-05-26 10:35:00,2011-05,United Kingdom,United Kingdom,Weekday,1086.0,600,3,15769,0.31051345175466527,True,False
547387,2011-03-22 16:00:00,2011-03,Spain,International,Weekday,1085.99,335,44,12539,0.3105078349373807,True,False
539250,2010-12-16 13:44:00,2010-12,United Kingdom,United Kingdom,Weekday,1085.46,1078,54,15157,0.31021014362129645,True,False
539607,2010-12-20 14:10:00,2010-12,France,International,Weekday,1084.59,604,47,12681,0.3097214805175354,True,False
556956,2011-06-16 09:04:00,2011-06,United Kingdom,United Kingdom,Weekday,1084.24,632,6,13694,0.30952489191257415,True,False
581433,2011-12-08 15:54:00,2011-12,EIRE,International,Weekday,1084.14,806,72,14911,0.3094687237397281,True,False
554132,2011-05-23 09:43:00,2011-05,Austria,International,Weekday,1083.58,434,45,12360,0.3091541819717899,True,False
561371,2011-07-26 16:25:00,2011-07,United Kingdom,United Kingdom,Weekday,1083.06,282,152,,0.30886210747299025,True,False
578362,2011-11-24 10:39:00,2011-11,United Kingdom,United Kingdom,Weekday,1082.14,551,22,12913,0.30834536028280635,True,False
542084,2011-01-25 12:31:00,2011-01,United Kingdom,United Kingdom,Weekday,1081.3,470,21,14680,0.3078735476308991,True,False
559660,2011-07-11 13:19:00,2011-07,United Kingdom,United Kingdom,Weekday,1080.65,1352,28,16701,0.3075084545073996,True,False
579106,2011-11-28 11:42:00,2011-11,United Kingdom,United Kingdom,Weekday,1080.48,424,26,16705,0.3074129686135612,True,False
581458,2011-12-08 18:45:00,2011-12,United Kingdom,United Kingdom,Weekday,1080.0,1500,1,17949,0.30714336138389997,True,False
566561,2011-09-13 12:13:00,2011-09,United Kingdom,United Kingdom,Weekday,1079.47,972,72,18145,0.3068456700678157,True,False
550911,2011-04-21 13:11:00,2011-04,Spain,International,Weekday,1079.4,530,58,12354,0.30680635234682346,True,False
543774,2011-02-11 15:56:00,2011-02,United Kingdom,United Kingdom,Weekday,1078.9,730,20,15856,0.30652551148259305,True,False
539739,2010-12-21 15:19:00,2010-12,United Kingdom,United Kingdom,Weekday,1077.8,125,74,,0.305907661581286,True,False
569910,2011-10-06 16:47:00,2011-10,United Kingdom,United Kingdom,Weekday,1077.75,570,44,17139,0.305879577494863,True,False
571360,2011-10-17 11:51:00,2011-10,United Kingdom,United Kingdom,Weekday,1077.74,486,19,16563,0.3058739606775784,True,False
552547,2011-05-10 10:34:00,2011-05,United Kingdom,United Kingdom,Weekday,1077.4,590,33,13098,0.3056829888899017,True,False
556968,2011-06-16 10:09:00,2011-06,United Kingdom,United Kingdom,Weekday,1077.1200000000001,336,3,12980,0.3055257180059327,True,False
538313,2010-12-10 13:50:00,2010-12,United Kingdom,United Kingdom,Weekday,1076.3200000000002,290,23,15514,0.305076372623164,True,False
579885,2011-11-30 17:37:00,2011-11,United Kingdom,United Kingdom,Weekday,1075.36,572,145,15444,0.3045371581638414,True,False
567092,2011-09-16 12:48:00,2011-09,United Kingdom,United Kingdom,Weekday,1074.82,739,63,13196,0.30423385003047254,True,False
578359,2011-11-24 10:35:00,2011-11,United Kingdom,United Kingdom,Weekday,1074.0,600,6,14607,0.30377327101313467,True,False
567785,2011-09-22 11:28:00,2011-09,United Kingdom,United Kingdom,Weekday,1074.0,600,6,18102,0.30377327101313467,True,False
572028,2011-10-20 11:47:00,2011-10,United Kingdom,United Kingdom,Weekday,1073.37,491,52,15296,0.3034194115242042,True,False
579069,2011-11-28 10:31:00,2011-11,EIRE,International,Weekday,1073.23,605,59,14911,0.30334077608221977,True,False
553739,2011-05-19 09:23:00,2011-05,United Kingdom,United Kingdom,Weekday,1073.09,361,46,14895,0.3032621406402352,True,False
577318,2011-11-18 13:42:00,2011-11,United Kingdom,United Kingdom,Weekday,1072.73,457,24,17675,0.30305993521798935,True,False
549246,2011-04-07 12:02:00,2011-04,United Kingdom,United Kingdom,Weekday,1072.2,820,10,15939,0.3027622439019051,True,False
576909,2011-11-17 09:49:00,2011-11,Germany,International,Weekday,1072.1200000000001,519,32,12471,0.30271730936362823,True,False
538196,2010-12-10 10:56:00,2010-12,France,International,Weekday,1071.9,418,16,12731,0.30259373938336687,True,False
555340,2011-06-02 11:33:00,2011-06,United Kingdom,United Kingdom,Weekday,1071.4,514,84,13334,0.3023128985191364,True,False
551468,2011-04-28 16:21:00,2011-04,United Kingdom,United Kingdom,Weekday,1071.13,219,98,,0.30216124445245196,True,False
569253,2011-10-03 10:55:00,2011-10,United Kingdom,United Kingdom,Weekday,1071.03,677,62,13635,0.3021050762796058,True,False
566260,2011-09-11 12:45:00,2011-09,United Kingdom,United Kingdom,Weekend,1070.48,1152,9,14212,0.3017961513289523,True,False
576521,2011-11-15 12:34:00,2011-11,United Kingdom,United Kingdom,Weekday,1070.4,336,14,18259,0.3017512167906755,True,False
553527,2011-05-17 14:57:00,2011-05,United Kingdom,United Kingdom,Weekday,1069.47,509,53,15123,0.3012288527832068,True,False
563163,2011-08-12 12:16:00,2011-08,United Kingdom,United Kingdom,Weekday,1069.2,412,4,16013,0.30107719871652244,True,False
575973,2011-11-13 13:03:00,2011-11,EIRE,International,Weekend,1068.91,490,55,,0.3009143110152688,True,False
558861,2011-07-04 12:19:00,2011-07,United Kingdom,United Kingdom,Weekday,1067.8799999999999,486,56,13373,0.30033577883495394,True,False
579470,2011-11-29 15:06:00,2011-11,United Kingdom,United Kingdom,Weekday,1067.57,582,193,16549,0.3001616574991311,True,False
580500,2011-12-04 12:52:00,2011-12,United Kingdom,United Kingdom,Weekend,1067.33,418,52,17131,0.3000268538843005,True,False
567639,2011-09-21 14:07:00,2011-09,United Kingdom,United Kingdom,Weekday,1067.28,532,22,15290,0.2999987697978775,True,False
568553,2011-09-27 15:17:00,2011-09,United Kingdom,United Kingdom,Weekday,1066.94,649,54,15674,0.2998077980102008,True,False
543899,2011-02-14 12:11:00,2011-02,EIRE,International,Weekday,1066.14,539,36,,0.29935845262743216,True,False
551009,2011-04-26 09:50:00,2011-04,United Kingdom,United Kingdom,Weekday,1065.19,146,67,,0.2988248549853943,True,False
568325,2011-09-26 13:57:00,2011-09,United Kingdom,United Kingdom,Weekday,1064.34,563,47,14667,0.29834742551620247,True,False
569241,2011-10-03 09:30:00,2011-10,United Kingdom,United Kingdom,Weekday,1064.28,799,46,14488,0.29831372461249483,True,False
557795,2011-06-23 09:14:00,2011-06,United Kingdom,United Kingdom,Weekday,1064.22,822,10,13881,0.2982800237087872,True,False
554859,2011-05-27 10:16:00,2011-05,United Kingdom,United Kingdom,Weekday,1063.8400000000001,508,9,14828,0.2980665846519721,True,False
556890,2011-06-15 12:48:00,2011-06,United Kingdom,United Kingdom,Weekday,1063.3500000000001,509,29,17581,0.2977913606050263,True,False
542933,2011-02-02 10:56:00,2011-02,United Kingdom,United Kingdom,Weekday,1063.0,196,14,14411,0.2975947720000649,True,False
564061,2011-08-22 14:38:00,2011-08,United Kingdom,United Kingdom,Weekday,1062.88,586,117,14505,0.29752737019264963,True,False
562370,2011-08-04 14:20:00,2011-08,Germany,International,Weekday,1062.84,556,44,12626,0.2975049029235111,True,False
572652,2011-10-25 12:11:00,2011-10,United Kingdom,United Kingdom,Weekday,1062.43,743,66,15805,0.29727461341484224,True,False
573151,2011-10-27 20:09:00,2011-10,United Kingdom,United Kingdom,Weekday,1062.18,785,122,17602,0.29713419298272703,True,False
548504,2011-03-31 14:33:00,2011-03,United Kingdom,United Kingdom,Weekday,1062.1599999999999,161,69,,0.2971229593481577,True,False
567197,2011-09-19 10:10:00,2011-09,Channel Islands,International,Weekday,1062.1,583,48,14934,0.29708925844445006,True,False
555278,2011-06-01 17:33:00,2011-06,United Kingdom,United Kingdom,Weekday,1061.3799999999999,374,158,,0.2966848475999582,True,False
567474,2011-09-20 12:53:00,2011-09,United Kingdom,United Kingdom,Weekday,1061.11,476,86,13448,0.2965331935332738,True,False
578666,2011-11-24 17:06:00,2011-11,United Kingdom,United Kingdom,Weekday,1060.25,645,66,17727,0.29605014724679746,True,False
570002,2011-10-07 09:16:00,2011-10,Germany,International,Weekday,1059.24,346,24,12477,0.29548284870105196,True,False
579751,2011-11-30 14:46:00,2011-11,United Kingdom,United Kingdom,Weekday,1058.71,139,74,,0.2951851573849677,True,False
565930,2011-09-08 10:32:00,2011-09,France,International,Weekday,1057.18,649,64,12685,0.29432578434042256,True,False
572087,2011-10-20 14:30:00,2011-10,France,International,Weekday,1056.9,530,39,12683,0.29416851345645356,True,False
536638,2010-12-02 11:41:00,2010-12,United Kingdom,United Kingdom,Weekday,1056.63,619,63,16244,0.2940168593897691,True,False
559134,2011-07-06 13:14:00,2011-07,France,International,Weekday,1056.62,597,60,12700,0.2940112425724844,True,False
549995,2011-04-14 08:32:00,2011-04,United Kingdom,United Kingdom,Weekday,1056.3600000000001,540,24,16131,0.2938652053230847,True,False
561870,2011-07-31 11:45:00,2011-07,EIRE,International,Weekend,1056.11,1410,80,14911,0.2937247848909693,True,False
570082,2011-10-07 11:19:00,2011-10,Germany,International,Weekday,1055.44,1299,24,12524,0.2933484581329006,True,False
551174,2011-04-26 17:02:00,2011-04,United Kingdom,United Kingdom,Weekday,1055.17,280,137,,0.2931968040662162,True,False
549525,2011-04-08 15:44:00,2011-04,United Kingdom,United Kingdom,Weekday,1053.98,280,135,,0.2925284028093477,True,False
543470,2011-02-08 14:58:00,2011-02,United Kingdom,United Kingdom,Weekday,1053.79,1066,70,16951,0.2924216832809401,True,False
550775,2011-04-20 13:18:00,2011-04,United Kingdom,United Kingdom,Weekday,1052.56,515,53,15805,0.29173081475493323,True,False
577472,2011-11-20 11:28:00,2011-11,United Kingdom,United Kingdom,Weekend,1051.84,484,36,14503,0.29132640391044134,True,False
577039,2011-11-17 13:30:00,2011-11,Spain,International,Weekday,1050.66,446,43,12539,0.2906636194708576,True,False
578243,2011-11-23 12:33:00,2011-11,United Kingdom,United Kingdom,Weekday,1050.3200000000002,452,33,13448,0.29047264768318093,True,False
575331,2011-11-09 13:52:00,2011-11,United Kingdom,United Kingdom,Weekday,1049.66,593,59,13209,0.29010193774239673,True,False
561399,2011-07-27 10:53:00,2011-07,United Kingdom,United Kingdom,Weekday,1049.38,543,15,15125,0.2899446668584277,True,False
539049,2010-12-15 16:21:00,2010-12,United Kingdom,United Kingdom,Weekday,1048.64,364,23,15615,0.2895290223793666,True,False
572342,2011-10-24 10:38:00,2011-10,United Kingdom,United Kingdom,Weekday,1048.0,472,4,14607,0.2891695460731516,True,False
580646,2011-12-05 13:13:00,2011-12,United Kingdom,United Kingdom,Weekday,1048.0,1600,2,17857,0.2891695460731516,True,False
543000,2011-02-02 12:17:00,2011-02,United Kingdom,United Kingdom,Weekday,1047.17,143,76,,0.2887033502385291,True,False
564045,2011-08-22 12:59:00,2011-08,United Kingdom,United Kingdom,Weekday,1047.12,184,3,16013,0.288675266152106,True,False
565240,2011-09-02 10:05:00,2011-09,United Kingdom,United Kingdom,Weekday,1047.12,372,2,17949,0.288675266152106,True,False
558240,2011-06-27 15:27:00,2011-06,United Kingdom,United Kingdom,Weekday,1046.79,293,146,,0.2884899111817139,True,False
568780,2011-09-29 08:27:00,2011-09,United Kingdom,United Kingdom,Weekday,1046.68,872,51,18235,0.28842812619158326,True,False
569000,2011-09-29 17:36:00,2011-09,United Kingdom,United Kingdom,Weekday,1045.48,1153,74,17015,0.2877541081174302,True,False
543549,2011-02-10 09:29:00,2011-02,United Kingdom,United Kingdom,Weekday,1045.44,4752,5,17940,0.2877316408482918,True,False
566988,2011-09-16 10:56:00,2011-09,United Kingdom,United Kingdom,Weekday,1045.28,330,29,16709,0.287641771771738,True,False
540247,2011-01-05 15:56:00,2011-01,United Kingdom,United Kingdom,Weekday,1044.65,348,155,15464,0.2872879122828077,True,False
554283,2011-05-23 14:11:00,2011-05,United Kingdom,United Kingdom,Weekday,1044.54,494,54,17686,0.28722612729267694,True,False
561502,2011-07-27 14:14:00,2011-07,United Kingdom,United Kingdom,Weekday,1044.2,581,62,14305,0.28703515550500025,True,False
572325,2011-10-24 09:54:00,2011-10,United Kingdom,United Kingdom,Weekday,1044.0,600,1,14607,0.28692281915930806,True,False
571705,2011-10-18 15:22:00,2011-10,Austria,International,Weekday,1043.78,491,54,12360,0.28679924917904664,True,False
567298,2011-09-19 12:29:00,2011-09,Germany,International,Weekday,1043.1,1236,14,12497,0.2864173056036932,True,False
573580,2011-10-31 14:21:00,2011-10,United Kingdom,United Kingdom,Weekday,1042.4,155,75,,0.28602412839377067,True,False
546660,2011-03-15 14:32:00,2011-03,EIRE,International,Weekday,1041.45,335,27,14156,0.2854905307517328,True,False
539740,2010-12-21 15:20:00,2010-12,United Kingdom,United Kingdom,Weekday,1041.32,136,66,,0.28541751212703287,True,False
577180,2011-11-18 11:27:00,2011-11,Belgium,International,Weekday,1040.39,315,17,12380,0.2848951481195643,True,False
579461,2011-11-29 14:42:00,2011-11,United Kingdom,United Kingdom,Weekday,1039.09,453,32,15615,0.28416496187256507,True,False
568191,2011-09-25 14:37:00,2011-09,United Kingdom,United Kingdom,Weekend,1039.01,766,87,16655,0.2841200273342882,True,False
538518,2010-12-12 16:14:00,2010-12,United Kingdom,United Kingdom,Weekend,1038.6,506,126,14505,0.2838897378256192,True,False
559942,2011-07-14 10:21:00,2011-07,United Kingdom,United Kingdom,Weekday,1037.1,258,3,17396,0.28304721523292786,True,False
565854,2011-09-07 13:22:00,2011-09,France,International,Weekday,1035.82,650,42,12490,0.282328262620498,True,False
556302,2011-06-10 10:24:00,2011-06,United Kingdom,United Kingdom,Weekday,1035.76,488,5,15267,0.28229456171679035,True,False
571939,2011-10-20 09:40:00,2011-10,United Kingdom,United Kingdom,Weekday,1035.45,311,18,16260,0.2821204403809675,True,False
541843,2011-01-23 12:08:00,2011-01,United Kingdom,United Kingdom,Weekend,1035.2,560,55,13659,0.2819800199488523,True,False
579252,2011-11-28 16:47:00,2011-11,United Kingdom,United Kingdom,Weekday,1034.4,432,2,17450,0.2815306745660836,True,False
537463,2010-12-07 10:08:00,2010-12,France,International,Weekday,1033.52,585,41,12681,0.28103639464503793,True,False
568321,2011-09-26 13:36:00,2011-09,United Kingdom,United Kingdom,Weekday,1033.34,800,39,13639,0.280935291933915,True,False
570652,2011-10-11 13:45:00,2011-10,United Kingdom,United Kingdom,Weekday,1032.7,771,41,17863,0.28057581562770006,True,False
551849,2011-05-04 14:33:00,2011-05,United Kingdom,United Kingdom,Weekday,1032.46,372,35,16258,0.2804410120128695,True,False
568512,2011-09-27 12:28:00,2011-09,United Kingdom,United Kingdom,Weekday,1032.4,536,5,14101,0.28040731110916184,True,False
551982,2011-05-05 13:56:00,2011-05,United Kingdom,United Kingdom,Weekday,1031.59,607,102,15023,0.2799523489091084,True,False
568533,2011-09-27 13:56:00,2011-09,United Kingdom,United Kingdom,Weekday,1031.28,614,10,15061,0.2797782275732856,True,False
552864,2011-05-11 17:13:00,2011-05,United Kingdom,United Kingdom,Weekday,1031.07,441,53,13235,0.2796602744103088,True,False
551840,2011-05-04 13:36:00,2011-05,United Kingdom,United Kingdom,Weekday,1030.7,302,16,15144,0.2794524521707783,True,False
553192,2011-05-15 13:27:00,2011-05,United Kingdom,United Kingdom,Weekend,1028.56,344,16,15333,0.2782504532718719,True,False
542192,2011-01-26 11:27:00,2011-01,United Kingdom,United Kingdom,Weekday,1028.08,764,108,14049,0.2779808460422107,True,False
566246,2011-09-11 12:00:00,2011-09,United Kingdom,United Kingdom,Weekend,1028.04,396,8,13941,0.2779583787730723,True,False
553707,2011-05-18 15:26:00,2011-05,United Kingdom,United Kingdom,Weekday,1026.27,469,30,16843,0.27696420211369654,True,False
569110,2011-09-30 12:44:00,2011-09,United Kingdom,United Kingdom,Weekday,1025.78,396,46,17675,0.2766889780667507,True,False
550493,2011-04-18 14:50:00,2011-04,United Kingdom,United Kingdom,Weekday,1025.76,819,38,15311,0.27667774443218146,True,False
576597,2011-11-15 14:57:00,2011-11,United Kingdom,United Kingdom,Weekday,1025.35,682,46,14194,0.27644745492351247,True,False
557211,2011-06-17 11:49:00,2011-06,United Kingdom,United Kingdom,Weekday,1025.3400000000001,186,21,15513,0.276441838106228,True,False
542785,2011-02-01 10:14:00,2011-02,United Kingdom,United Kingdom,Weekday,1025.34,706,13,13881,0.27644183810622786,True,False
552786,2011-05-11 12:14:00,2011-05,United Kingdom,United Kingdom,Weekday,1024.8,432,7,16029,0.27613852997285904,True,False
536394,2010-12-01 10:39:00,2010-12,United Kingdom,United Kingdom,Weekday,1024.68,544,11,13408,0.27607112816544377,True,False
561625,2011-07-28 14:03:00,2011-07,United Kingdom,United Kingdom,Weekday,1024.44,1704,53,16843,0.2759363245506131,True,False
566582,2011-09-13 13:49:00,2011-09,United Kingdom,United Kingdom,Weekday,1024.08,538,28,13384,0.27573411912836715,True,False
569362,2011-10-03 15:06:00,2011-10,United Kingdom,United Kingdom,Weekday,1023.96,314,13,18102,0.27566671732095194,True,False
544045,2011-02-15 12:12:00,2011-02,United Kingdom,United Kingdom,Weekday,1023.84,336,8,13941,0.2755993155135366,True,False
576220,2011-11-14 13:00:00,2011-11,United Kingdom,United Kingdom,Weekday,1023.42,322,3,15838,0.275363409187583,True,False
545901,2011-03-07 17:52:00,2011-03,United Kingdom,United Kingdom,Weekday,1022.77,404,149,15834,0.2749983160640834,True,False
560895,2011-07-21 17:12:00,2011-07,United Kingdom,United Kingdom,Weekday,1021.9200000000001,841,41,13089,0.2745208865948917,True,False
564046,2011-08-22 12:59:00,2011-08,United Kingdom,United Kingdom,Weekday,1019.9999999999999,400,1,16013,0.2734424576762467,True,False
564516,2011-08-25 14:45:00,2011-08,United Kingdom,United Kingdom,Weekday,1019.6700000000001,164,72,,0.27325710270585474,True,False
571665,2011-10-18 12:59:00,2011-10,Spain,International,Weekday,1019.47,724,41,12540,0.27314476636016255,True,False
562393,2011-08-04 16:17:00,2011-08,United Kingdom,United Kingdom,Weekday,1019.44,476,27,18172,0.2731279159083087,True,False
544278,2011-02-17 12:01:00,2011-02,United Kingdom,United Kingdom,Weekday,1019.42,910,65,15382,0.2731166822737394,True,False
570514,2011-10-11 10:36:00,2011-10,United Kingdom,United Kingdom,Weekday,1018.51,447,37,13089,0.27260555190084007,True,False
568782,2011-09-29 08:53:00,2011-09,United Kingdom,United Kingdom,Weekday,1018.22,494,46,13985,0.2724426641995864,True,False
546875,2011-03-17 16:38:00,2011-03,Italy,International,Weekday,1017.68,440,51,12514,0.2721393560662175,True,False
556042,2011-06-08 12:44:00,2011-06,United Kingdom,United Kingdom,Weekday,1016.57,402,65,14367,0.271515889347626,True,False
562433,2011-08-04 17:40:00,2011-08,United Kingdom,United Kingdom,Weekday,1016.04,621,14,17677,0.2712181980315416,True,False
548405,2011-03-31 09:48:00,2011-03,United Kingdom,United Kingdom,Weekday,1015.83,355,55,17088,0.27110024486856493,True,False
567792,2011-09-22 11:40:00,2011-09,United Kingdom,United Kingdom,Weekday,1015.2,432,32,17581,0.2707463853796346,True,False
549833,2011-04-12 13:19:00,2011-04,United Kingdom,United Kingdom,Weekday,1015.14,666,37,13458,0.2707126844759269,True,False
572212,2011-10-21 12:25:00,2011-10,United Kingdom,United Kingdom,Weekday,1014.64,1040,22,13918,0.2704318436116964,True,False
575612,2011-11-10 12:47:00,2011-11,United Kingdom,United Kingdom,Weekday,1014.61,699,52,17416,0.27041499315984263,True,False
575632,2011-11-10 13:44:00,2011-11,Germany,International,Weekday,1013.86,3,1,12473,0.26999373186349696,True,False
575507,2011-11-10 10:32:00,2011-11,United Kingdom,United Kingdom,Weekday,1013.01,191,29,17197,0.2695163023943052,True,False
556953,2011-06-16 08:16:00,2011-06,EIRE,International,Weekday,1012.86,268,33,14911,0.26943205013503607,True,False
544933,2011-02-25 08:44:00,2011-02,Germany,International,Weekday,1012.82,589,34,12633,0.26940958286589767,True,False
548293,2011-03-30 11:51:00,2011-03,United Kingdom,United Kingdom,Weekday,1012.6,628,10,13798,0.26928601288563625,True,False
542080,2011-01-25 12:16:00,2011-01,Germany,International,Weekday,1012.01,608,53,13815,0.2689546206658443,True,False
566193,2011-09-09 13:37:00,2011-09,United Kingdom,United Kingdom,Weekday,1010.95,517,55,14961,0.2683592380336758,True,False
542713,2011-01-31 13:27:00,2011-01,Germany,International,Weekday,1009.8,475,50,12668,0.26771330404594573,True,False
550899,2011-04-21 12:07:00,2011-04,Switzerland,International,Weekday,1009.69,489,54,13505,0.2676515190558151,True,False
566869,2011-09-15 13:20:00,2011-09,United Kingdom,United Kingdom,Weekday,1009.27,427,43,13658,0.2674156127298615,True,False
573385,2011-10-30 14:21:00,2011-10,United Kingdom,United Kingdom,Weekend,1008.67,633,37,13421,0.2670786036927849,True,False
555896,2011-06-07 16:04:00,2011-06,United Kingdom,United Kingdom,Weekday,1008.61,618,54,15640,0.2670449027890773,True,False
550822,2011-04-21 09:26:00,2011-04,United Kingdom,United Kingdom,Weekday,1007.9,538,15,14001,0.26664610876187006,True,False
554139,2011-05-23 10:34:00,2011-05,EIRE,International,Weekday,1007.75,401,52,14911,0.26656185650260095,True,False
551301,2011-04-27 14:49:00,2011-04,United Kingdom,United Kingdom,Weekday,1007.4,386,31,17675,0.2663652678976396,True,False
